// fondos/bano.h - Fondo (240x320) comprimido con RLE, generado desde imagenes/fondobano-240.png
#pragma once
#include <Arduino.h>

#define FONDO_BANO_ANCHO 240
#define FONDO_BANO_ALTO 320
#define FONDO_BANO_RUNS 9104

const uint16_t FONDO_BANO_COLOR[FONDO_BANO_RUNS] PROGMEM = {
  0xFF78, 0xC590, 0xFF78, 0xC590, 0xFF78, 0xC590, 0xFF78, 0xC590, 0xFF78, 0xC590, 0xFF78, 0xC590, 0xA512,
  0xC590, 0xFF78, 0xC590, 0xA512, 0x4373, 0x8DFD, 0x4373, 0xA512, 0xDCAE, 0xC590, 0xFF78, 0xC590, 0xA512,
  0x8DFD, 0x4373, 0x8DFD, 0x4373, 0x8DFD, 0xA512, 0xC590, 0xFF78, 0xC590, 0xA512, 0x8DFD, 0x4373, 0x8DFD,
  0x4373, 0x8DFD, 0xA512, 0xC590, 0xFF78, 0xC590, 0x8DFD, 0x4373, 0x8DFD, 0x4373, 0x8DFD, 0xA512, 0xC590,
  0xFF78, 0xC590, 0x8DFD, 0x4373, 0x8DFD, 0x4373, 0x8DFD, 0xA512, 0xC590, 0xFF78, 0xC590, 0xBE9C, 0x8DFD,
  0x4373, 0x8DFD, 0x4373, 0x8DFD, 0xA512, 0xC590, 0xFF78, 0xC590, 0xA512, 0x8DFD, 0x4373, 0x8DFD, 0x4373,
  0x8DFD, 0xA512, 0xC590, 0xFF78, 0xC590, 0x4373, 0x8DFD, 0x4373, 0x8DFD, 0x4373, 0x8DFD, 0xB75E, 0xA512,
  0xC590, 0xFF78, 0xC590, 0x4373, 0x8DFD, 0x4373, 0x8DFD, 0x4373, 0x8DFD, 0xB75E, 0xA512, 0xC590, 0xFF78,
  0xC590, 0x4373, 0x8DFD, 0x4373, 0x8DFD, 0x4373, 0x8DFD, 0xB75E, 0x4373, 0xA512, 0xC590, 0xFF78, 0xC590,
  0x4373, 0x8DFD, 0x4373, 0x8DFD, 0x4373, 0x8DFD, 0xB75E, 0x4373, 0xA512, 0xC590, 0xFF78, 0xC590, 0x4373,
  0x8DFD, 0x4373, 0x8DFD, 0x4373, 0x8DFD, 0xB75E, 0x4373, 0xA512, 0xC590, 0xFF78, 0xC590, 0x4373, 0x8DFD,
  0xB75E, 0x8DFD, 0x4373, 0x8DFD, 0x4373, 0x8DFD, 0xB75E, 0x4373, 0xB75E, 0xA512, 0xC590, 0xFF78, 0xC590,
  0x4373, 0xB75E, 0x8DFD, 0xB75E, 0x8DFD, 0x4373, 0x8DFD, 0x4373, 0x8DFD, 0xB75E, 0x4373, 0xB75E, 0xA512,
  0xC590, 0xFF78, 0xC590, 0x4373, 0x8DFD, 0x4373, 0x8DFD, 0x4373, 0x8DFD, 0xB75E, 0xA512, 0xC590, 0xFF78,
  0xC590, 0x4373, 0x8DFD, 0x4373, 0x8DFD, 0x4373, 0x8DFD, 0xB75E, 0x4373, 0xB75E, 0xA512, 0xC590, 0xFF78,
  0xC590, 0x4373, 0x8DFD, 0x4373, 0x8DFD, 0x4373, 0x8DFD, 0xB75E, 0x4373, 0xB75E, 0xA512, 0xC590, 0xFF78,
  0xC590, 0x4373, 0x8DFD, 0x4373, 0x8DFD, 0xB75E, 0x4373, 0xB75E, 0xA512, 0xC590, 0xFF78, 0xC590, 0x4373,
  0x8DFD, 0x4373, 0x8DFD, 0xB75E, 0x4373, 0xB75E, 0xA512, 0xC590, 0xFF78, 0xC590, 0x4373, 0x8DFD, 0x4373,
  0x8DFD, 0xB75E, 0xA512, 0xC590, 0xFF78, 0xC590, 0x4373, 0x8DFD, 0x4373, 0x8DFD, 0x4373, 0x8DFD, 0xB75E,
  0x4373, 0x8DFD, 0xB75E, 0xBE9C, 0xC590, 0xFF78, 0xC590, 0x4373, 0xB75E, 0x4373, 0x8DFD, 0x4373, 0x8DFD,
  0xB75E, 0x4373, 0x8DFD, 0xB75E, 0xBE9C, 0xC590, 0xFF78, 0xC590, 0x4373, 0xD7BF, 0xB75E, 0xD7BF, 0xB75E,
  0xD7BF, 0xB75E, 0xD7BF, 0xB75E, 0xD7BF, 0x8DFD, 0xD7BF, 0xB75E, 0xD7BF, 0xB75E, 0xD7BF, 0xB75E, 0xD7BF,
  0xB75E, 0xD7BF, 0x4373, 0xB75E, 0x4373, 0xB75E, 0x8DFD, 0xB75E, 0xBE9C, 0xC590, 0xFF78, 0xC590, 0x4373,
  0xD7BF, 0xB75E, 0xD7BF, 0xB75E, 0xD7BF, 0xB75E, 0xD7BF, 0xB75E, 0xD7BF, 0x8DFD, 0xD7BF, 0xB75E, 0xD7BF,
  0xB75E, 0xD7BF, 0xB75E, 0xD7BF, 0xB75E, 0xD7BF, 0x4373, 0xB75E, 0x4373, 0xB75E, 0x8DFD, 0xB75E, 0xBE9C,
  0xC590, 0xFF78, 0xC590, 0x4373, 0xD7BF, 0x8DFD, 0xD7BF, 0x8DFD, 0xD7BF, 0x8DFD, 0xD7BF, 0x8DFD, 0xD7BF,
  0x8DFD, 0xD7BF, 0x8DFD, 0xD7BF, 0x8DFD, 0xD7BF, 0x8DFD, 0xD7BF, 0x8DFD, 0x4373, 0x8DFD, 0xB75E, 0xBE9C,
  0xC590, 0xFF78, 0xC590, 0x4373, 0x8DFD, 0xB75E, 0xBE9C, 0xC590, 0xFF78, 0xC590, 0x4373, 0xB75E, 0xBE9C,
  0xC590, 0xFF78, 0xC590, 0x4373, 0xB75E, 0x4373, 0xD7BF, 0xB75E, 0xD7BF, 0xB75E, 0x4373, 0xD7BF, 0x4373,
  0xD7BF, 0x4373, 0xD7BF, 0x4373, 0xD7BF, 0xB75E, 0xD7BF, 0xB75E, 0xD7BF, 0x4373, 0xD7BF, 0x4373, 0xD7BF,
  0x4373, 0xD7BF, 0x4373, 0xD7BF, 0xB75E, 0xD7BF, 0x4373, 0xB75E, 0xBE9C, 0xC590, 0xFF78, 0xC590, 0x4373,
  0xB75E, 0x4373, 0xD7BF, 0xB75E, 0xD7BF, 0xB75E, 0xD7BF, 0xB75E, 0xD7BF, 0xB75E, 0xD7BF, 0xB75E, 0xD7BF,
  0xB75E, 0xD7BF, 0x4373, 0xB75E, 0xBE9C, 0xC590, 0xFF78, 0xC590, 0x4373, 0x8DFD, 0x4373, 0xD7BF, 0xB75E,
  0xD7BF, 0xB75E, 0xD7BF, 0xB75E, 0xD7BF, 0xB75E, 0xD7BF, 0xB75E, 0xD7BF, 0xB75E, 0xD7BF, 0x4373, 0xB75E,
  0xBE9C, 0xC590, 0xFF78, 0xC590, 0x4373, 0x8DFD, 0x4373, 0xD7BF, 0xB75E, 0xD7BF, 0xB75E, 0xD7BF, 0xB75E,
  0xD7BF, 0xB75E, 0xD7BF, 0xB75E, 0xD7BF, 0xB75E, 0xD7BF, 0x4373, 0xB75E, 0xBE9C, 0xC590, 0xFF78, 0xC590,
  0x4373, 0x8DFD, 0x4373, 0xD7BF, 0xB75E, 0xD7BF, 0xB75E, 0xD7BF, 0xB75E, 0xD7BF, 0xB75E, 0xD7BF, 0xB75E,
  0xD7BF, 0x4373, 0xB75E, 0xBE9C, 0xC590, 0xFF78, 0xC590, 0x4373, 0xB75E, 0x4373, 0xB75E, 0x4373, 0xD7BF,
  0xB75E, 0xD7BF, 0xB75E, 0xD7BF, 0xB75E, 0xD7BF, 0xB75E, 0xD7BF, 0xB75E, 0xD7BF, 0x4373, 0xB75E, 0xBE9C,
  0xC590, 0xFF78, 0xC590, 0xA512, 0x4373, 0xB75E, 0x4373, 0xB75E, 0x4373, 0xD7BF, 0xB75E, 0x8DFD, 0xD7BF,
  0xB75E, 0xD7BF, 0xB75E, 0xD7BF, 0xB75E, 0xD7BF, 0xB75E, 0xD7BF, 0x4373, 0xB75E, 0xBE9C, 0xC590, 0xFF78,
  0xC590, 0xA512, 0x8DFD, 0x4373, 0xB75E, 0x4373, 0x8DFD, 0x4373, 0x8DFD, 0x4373, 0xD7BF, 0x8DFD, 0xD7BF,
  0x8DFD, 0xD7BF, 0x8DFD, 0xB75E, 0xD7BF, 0xB75E, 0x8DFD, 0xD7BF, 0xB75E, 0xD7BF, 0xB75E, 0xD7BF, 0xB75E,
  0xD7BF, 0x4373, 0xB75E, 0xBE9C, 0xC590, 0xFF78, 0xC590, 0xA512, 0x8DFD, 0x4373, 0x8DFD, 0x4373, 0xD7BF,
  0xB75E, 0xD7BF, 0x8DFD, 0x4373, 0x8DFD, 0xD7BF, 0x8DFD, 0x4373, 0xBE9C, 0xD7BF, 0xB75E, 0xD7BF, 0xB75E,
  0xD7BF, 0xB75E, 0xD7BF, 0x4373, 0xB75E, 0xBE9C, 0xC590, 0xFF78, 0xC590, 0xA512, 0x8DFD, 0x4373, 0x8DFD,
  0x4373, 0xD7BF, 0xB75E, 0xD7BF, 0x8DFD, 0x4373, 0x8DFD, 0xD7BF, 0xBE9C, 0x4373, 0xD7BF, 0xB75E, 0xD7BF,
  0xB75E, 0xD7BF, 0xB75E, 0xD7BF, 0xB75E, 0xD7BF, 0xB75E, 0xD7BF, 0x4373, 0xB75E, 0xBE9C, 0xC590, 0xFF78,
  0xC590, 0x4373, 0xB75E, 0x4373, 0xB75E, 0x4373, 0xB75E, 0x8DFD, 0x4373, 0xE7DF, 0x4373, 0x8DFD, 0xB75E,
  0xD7BF, 0xB75E, 0x4373, 0xD7BF, 0xB75E, 0xD7BF, 0xA512, 0x4373, 0xDCAE, 0x4373, 0xD7BF, 0xB75E, 0x4373,
  0xB75E, 0xBE9C, 0xC590, 0xFF78, 0xC590, 0xA512, 0x4373, 0xB75E, 0x4373, 0xB75E, 0x8DFD, 0x4373, 0xB75E,
  0x8DFD, 0x4373, 0xE7DF, 0x4373, 0xB75E, 0xD7BF, 0xB75E, 0x4373, 0x8DFD, 0xB75E, 0xD7BF, 0xA512, 0xF584,
  0x4373, 0xA512, 0xB75E, 0xD7BF, 0x4373, 0xB75E, 0xBE9C, 0xC590, 0xFF78, 0xC590, 0xA512, 0x8DFD, 0x4373,
  0xB75E, 0x4373, 0x8DFD, 0xB75E, 0x4373, 0xD7BF, 0xB75E, 0xD7BF, 0x8DFD, 0x4373, 0xE7DF, 0x4373, 0xB75E,
  0xD7BF, 0x8DFD, 0x4373, 0xA512, 0x8DFD, 0xB75E, 0xD7BF, 0xA512, 0xF584, 0xA512, 0xB75E, 0xD7BF, 0xB75E,
  0xD7BF, 0xB75E, 0xD7BF, 0xB75E, 0xD7BF, 0xB75E, 0xD7BF, 0xB75E, 0xD7BF, 0x4373, 0xB75E, 0xBE9C, 0xC590,
  0xFF78, 0xC590, 0xA512, 0x8DFD, 0x4373, 0x8DFD, 0x4373, 0xD7BF, 0xB75E, 0xD7BF, 0x8DFD, 0x4373, 0xB75E,
  0xD7BF, 0xA512, 0x4373, 0xF584, 0xA512, 0x4373, 0xD7BF, 0x4373, 0xA512, 0xF584, 0xA512, 0x4373, 0xBE9C,
  0xD7BF, 0xB75E, 0xD7BF, 0xB75E, 0xD7BF, 0xB75E, 0xD7BF, 0xB75E, 0xD7BF, 0x4373, 0xB75E, 0xBE9C, 0xC590,
  0xFF78, 0xC590, 0xA512, 0x8DFD, 0x4373, 0x8DFD, 0xB75E, 0x8DFD, 0x4373, 0xD7BF, 0xB75E, 0xD7BF, 0x8DFD,
  0x4373, 0xB75E, 0xA512, 0x4373, 0xF584, 0x4373, 0xD7BF, 0xBE9C, 0x4373, 0xF584, 0x4373, 0xD7BF, 0xB75E,
  0xD7BF, 0xB75E, 0xD7BF, 0x4373, 0xB75E, 0xA512, 0xC590, 0xFF78, 0xC590, 0x4373, 0x8DFD, 0x4373, 0x8DFD,
  0x4373, 0xD7BF, 0xB75E, 0xD7BF, 0x8DFD, 0x4373, 0xBE9C, 0x4373, 0xB75E, 0x4373, 0xA512, 0xF584, 0x4373,
  0xBE9C, 0x4373, 0xF584, 0x4373, 0xF584, 0x4373, 0xD7BF, 0xB75E, 0xD7BF, 0xB75E, 0xD7BF, 0x4373, 0xB75E,
  0xA512, 0xC590, 0xFF78, 0xC590, 0xA512, 0x4373, 0x8DFD, 0x4373, 0x8DFD, 0x4373, 0xD7BF, 0x8DFD, 0x4373,
  0xBE9C, 0x4373, 0xB75E, 0x4373, 0xA512, 0xF584, 0x4373, 0xBE9C, 0x4373, 0xF584, 0x4373, 0xF584, 0x4373,
  0xD7BF, 0xB75E, 0xD7BF, 0xB75E, 0xD7BF, 0x8DFD, 0xD7BF, 0x8DFD, 0xD7BF, 0x4373, 0xB75E, 0xA512, 0xC590,
  0xFF78, 0xC590, 0xA512, 0x8DFD, 0xB75E, 0x8DFD, 0x4373, 0xB75E, 0x8DFD, 0x4373, 0xD7BF, 0x4373, 0xE7DF,
  0x4373, 0xB75E, 0x4373, 0xF584, 0x4373, 0xBE9C, 0x4373, 0xF584, 0x4373, 0xD7BF, 0xB75E, 0xD7BF, 0xB75E,
  0xD7BF, 0x8DFD, 0xD7BF, 0x8DFD, 0xD7BF, 0x8DFD, 0xD7BF, 0x4373, 0xB75E, 0xA512, 0xC590, 0xFF78, 0xC590,
  0xA512, 0x8DFD, 0xB75E, 0x8DFD, 0x4373, 0xB75E, 0x8DFD, 0xB75E, 0x8DFD, 0x4373, 0xD7BF, 0x4373, 0xE7DF,
  0x4373, 0xB75E, 0x4373, 0xF584, 0x4373, 0xBE9C, 0x4373, 0xF584, 0x4373, 0xD7BF, 0xB75E, 0xD7BF, 0xB75E,
  0xD7BF, 0xB75E, 0x4373, 0xA512, 0xD7BF, 0x4373, 0xB75E, 0xA512, 0xC590, 0xFF78, 0xC590, 0xA512, 0x4373,
  0xB75E, 0x4373, 0xB75E, 0x4373, 0xD7BF, 0xB75E, 0xD7BF, 0xA512, 0x4373, 0xE7DF, 0x4373, 0xB75E, 0x4373,
  0xF584, 0x4373, 0xBE9C, 0x4373, 0xF584, 0x4373, 0xD7BF, 0xB75E, 0xD7BF, 0xB75E, 0x4373, 0xE7DF, 0xD7BF,
  0x4373, 0xB75E, 0xA512, 0xC590, 0xFF78, 0xC590, 0x4373, 0xB75E, 0x8DFD, 0x4373, 0xB75E, 0x4373, 0xD7BF,
  0xB75E, 0xD7BF, 0xA512, 0x4373, 0xE7DF, 0x4373, 0xF584, 0x4373, 0xF584, 0xDCAE, 0x4373, 0xBE9C, 0x4373,
  0xF584, 0x4373, 0xD7BF, 0xB75E, 0xD7BF, 0x4373, 0xF584, 0x4373, 0xD7BF, 0x4373, 0xB75E, 0xA512, 0xC590,
  0xFF78, 0xC590, 0xA512, 0x4373, 0xB75E, 0x8DFD, 0x4373, 0xB75E, 0x4373, 0xD7BF, 0xB75E, 0xD7BF, 0x4373,
  0xE7DF, 0x4373, 0xF584, 0x4373, 0xF584, 0xDCAE, 0x4373, 0xBE9C, 0x4373, 0xF584, 0x4373, 0xD7BF, 0xB75E,
  0xD7BF, 0x4373, 0xF584, 0x4373, 0xD7BF, 0x4373, 0xB75E, 0xBE9C, 0xC590, 0xFF78, 0xC590, 0xA512, 0x8DFD,
  0x4373, 0xB75E, 0x4373, 0x8DFD, 0x4373, 0x8DFD, 0x4373, 0xD7BF, 0xB75E, 0xD7BF, 0x4373, 0xE7DF, 0x4373,
  0xD7BF, 0x4373, 0xF584, 0x4373, 0xBE9C, 0x4373, 0xF584, 0x4373, 0xD7BF, 0xB75E, 0xD7BF, 0x4373, 0xA512,
  0x4373, 0xF584, 0x4373, 0xA512, 0xF584, 0x4373, 0xA512, 0xD7BF, 0x4373, 0xB75E, 0xBE9C, 0xC590, 0xFF78,
  0xC590, 0xA512, 0x8DFD, 0x4373, 0x8DFD, 0x4373, 0xD7BF, 0xB75E, 0xD7BF, 0x4373, 0xD7BF, 0x4373, 0xF584,
  0x4373, 0xBE9C, 0x4373, 0xF584, 0x4373, 0xD7BF, 0xB75E, 0xD7BF, 0x4373, 0xF584, 0x4373, 0xF584, 0x4373,
  0xBE9C, 0xD7BF, 0x4373, 0xB75E, 0x8DFD, 0x4373, 0xB75E, 0xBE9C, 0xC590, 0xFF78, 0xC590, 0xA512, 0x8DFD,
  0x4373, 0x8DFD, 0x4373, 0xD7BF, 0xB75E, 0xD7BF, 0x4373, 0xD7BF, 0x4373, 0xF584, 0x4373, 0xBE9C, 0x4373,
  0xF584, 0x4373, 0xBE9C, 0xD7BF, 0xB75E, 0xD7BF, 0x4373, 0xF584, 0x4373, 0xF584, 0x4373, 0xD7BF, 0x4373,
  0xB75E, 0x4373, 0xB75E, 0xBE9C, 0xC590, 0xFF78, 0xC590, 0x4373, 0xB75E, 0x4373, 0xB75E, 0x4373, 0xD7BF,
  0xB75E, 0xD7BF, 0x4373, 0xBE9C, 0x4373, 0xD7BF, 0x4373, 0xF584, 0x4373, 0xBE9C, 0x4373, 0xF584, 0x4373,
  0xBE9C, 0xD7BF, 0xB75E, 0xD7BF, 0x4373, 0xF584, 0x4373, 0xBE9C, 0xB75E, 0xBE9C, 0x4373, 0xE79F, 0x4373,
  0xF584, 0x4373, 0xD7BF, 0x4373, 0xB75E, 0x4373, 0xB75E, 0xBE9C, 0xC590, 0xFF78, 0xC590, 0xA512, 0x4373,
  0xB75E, 0x8DFD, 0x4373, 0xB75E, 0x8DFD, 0x4373, 0xD7BF, 0x4373, 0xBE9C, 0x4373, 0xA512, 0x4373, 0xF584,
  0x4373, 0xBE9C, 0x4373, 0xF584, 0x4373, 0xD7BF, 0xB75E, 0xD7BF, 0x4373, 0xF584, 0xA512, 0x4373, 0x8DFD,
  0xB75E, 0xBE9C, 0xE79F, 0xBE9C, 0x4373, 0xA512, 0xF584, 0x4373, 0xD7BF, 0x4373, 0xB75E, 0x4373, 0xB75E,
  0xA512, 0xC590, 0xFF78, 0xC590, 0xA512, 0x8DFD, 0xB75E, 0x8DFD, 0xB75E, 0x4373, 0x8DFD, 0x4373, 0xD7BF,
  0x4373, 0xBE9C, 0xE7DF, 0xBE9C, 0x4373, 0xA512, 0x4373, 0xF584, 0x4373, 0xBE9C, 0x4373, 0xF584, 0x4373,
  0xD7BF, 0xB75E, 0xD7BF, 0x4373, 0xF584, 0x4373, 0xA512, 0x4373, 0xB75E, 0x8DFD, 0xB75E, 0xBE9C, 0xD7BF,
  0xBE9C, 0xA512, 0xE79F, 0x8DFD, 0xA512, 0xF584, 0xA512, 0x4373, 0xD7BF, 0x4373, 0xB75E, 0x4373, 0xB75E,
  0xA512, 0xC590, 0xFF78, 0xC590, 0x8DFD, 0x4373, 0x8DFD, 0x4373, 0xD7BF, 0x4373, 0xE79F, 0x4373, 0xB75E,
  0x4373, 0xF584, 0x4373, 0xBE9C, 0x4373, 0xF584, 0x4373, 0xD7BF, 0xB75E, 0xD7BF, 0x4373, 0xF584, 0x4373,
  0xB75E, 0xBE9C, 0xE79F, 0xD7BF, 0xBE9C, 0xE79F, 0xBE9C, 0x4373, 0xF584, 0xA512, 0x4373, 0xD7BF, 0x4373,
  0xB75E, 0x4373, 0x8DFD, 0x4373, 0xB75E, 0xA512, 0xC590, 0xFF78, 0xC590, 0x8DFD, 0x4373, 0x8DFD, 0xB75E,
  0x8DFD, 0x4373, 0xD7BF, 0xB75E, 0xD7BF, 0x4373, 0xE7DF, 0x4373, 0xF584, 0x4373, 0xF584, 0x4373, 0xBE9C,
  0xD7BF, 0xB75E, 0xD7BF, 0x4373, 0xF584, 0x4373, 0xB75E, 0xBE9C, 0xE79F, 0xBE9C, 0xE79F, 0x4373, 0xF584,
  0x4373, 0xD7BF, 0xB75E, 0xD7BF, 0x4373, 0xB75E, 0x4373, 0x8DFD, 0x4373, 0xB75E, 0xA512, 0xC590, 0xFF78,
  0xC590, 0x4373, 0xB75E, 0x4373, 0xB75E, 0x4373, 0xB75E, 0xD7BF, 0x4373, 0xBE9C, 0xB75E, 0xD7BF, 0x4373,
  0xF584, 0x4373, 0xB75E, 0xBE9C, 0xE79F, 0xA512, 0x4373, 0xF584, 0x4373, 0xBE9C, 0xB75E, 0x4373, 0xB75E,
  0x4373, 0x8DFD, 0x4373, 0xB75E, 0xA512, 0xC590, 0xFF78, 0xC590, 0xA512, 0x4373, 0x8DFD, 0xB75E, 0x4373,
  0x8DFD, 0x4373, 0xB75E, 0xD7BF, 0x8DFD, 0x4373, 0xBE9C, 0xB75E, 0xD7BF, 0x4373, 0xF584, 0x4373, 0xBE9C,
  0xB75E, 0xBE9C, 0xD7BF, 0xBE9C, 0xE79F, 0xA512, 0x4373, 0xF584, 0x4373, 0xBE9C, 0xB75E, 0xD7BF, 0x4373,
  0xB75E, 0x4373, 0x8DFD, 0x4373, 0xB75E, 0xBE9C, 0xC590, 0xFF78, 0xC590, 0xA512, 0x8DFD, 0x4373, 0xB75E,
  0x4373, 0x8DFD, 0x4373, 0xD7BF, 0xB75E, 0xD7BF, 0x8DFD, 0x4373, 0xE7DF, 0xA512, 0x4373, 0xBE9C, 0xD7BF,
  0xB75E, 0xD7BF, 0x4373, 0xF584, 0x4373, 0xB75E, 0xBE9C, 0xE79F, 0xD7BF, 0xBE9C, 0xD7BF, 0xE79F, 0xB75E,
  0x4373, 0xF584, 0x4373, 0xBE9C, 0xD7BF, 0xB75E, 0xD7BF, 0x4373, 0xB75E, 0x4373, 0x8DFD, 0x4373, 0xB75E,
  0xBE9C, 0xC590, 0xFF78, 0xC590, 0xA512, 0x8DFD, 0x4373, 0x8DFD, 0x4373, 0xD7BF, 0xB75E, 0xD7BF, 0x8DFD,
  0x4373, 0xE7DF, 0x4373, 0xBE9C, 0xD7BF, 0xB75E, 0xD7BF, 0x4373, 0xF584, 0x4373, 0xB75E, 0xBE9C, 0xE79F,
  0xD7BF, 0xBE9C, 0xD7BF, 0xE79F, 0xD7BF, 0xB75E, 0x4373, 0xF584, 0x4373, 0xBE9C, 0xD7BF, 0xB75E, 0xD7BF,
  0x4373, 0xB75E, 0x4373, 0x8DFD, 0x4373, 0xB75E, 0xBE9C, 0xC590, 0xFF78, 0xC590, 0xA512, 0x8DFD, 0x4373,
  0xB75E, 0x8DFD, 0x4373, 0xD7BF, 0xB75E, 0xD7BF, 0x4373, 0xE7DF, 0x4373, 0xBE9C, 0xD7BF, 0xB75E, 0xD7BF,
  0x4373, 0xF584, 0x4373, 0xB75E, 0xE79F, 0xBE9C, 0xE79F, 0xBE9C, 0xE79F, 0xBE9C, 0xB75E, 0x4373, 0xF584,
  0x4373, 0xD7BF, 0xB75E, 0xD7BF, 0x4373, 0xB75E, 0x4373, 0x8DFD, 0x4373, 0xB75E, 0xBE9C, 0xC590, 0xFF78,
  0xC590, 0x4373, 0xB75E, 0x4373, 0xB75E, 0x4373, 0xD7BF, 0xB75E, 0xD7BF, 0x8DFD, 0x4373, 0xBE9C, 0xD7BF,
  0xB75E, 0xD7BF, 0x4373, 0xF584, 0x4373, 0xB75E, 0xE79F, 0xBE9C, 0xD7BF, 0xE7DF, 0xE79F, 0xBE9C, 0xB75E,
  0x4373, 0xF584, 0x4373, 0xD7BF, 0xB75E, 0xD7BF, 0x4373, 0xB75E, 0x4373, 0x8DFD, 0x4373, 0x8DFD, 0x4373,
  0xB75E, 0xBE9C, 0xC590, 0xFF78, 0xC590, 0xA512, 0x4373, 0xB75E, 0x8DFD, 0x4373, 0xB75E, 0x4373, 0xD7BF,
  0x4373, 0xBE9C, 0xD7BF, 0xB75E, 0xD7BF, 0x4373, 0xF584, 0x4373, 0xB75E, 0xD7BF, 0xE79F, 0xBE9C, 0xE79F,
  0xD7BF, 0xBE9C, 0xB75E, 0xD7BF, 0xBE9C, 0x4373, 0xF584, 0x4373, 0xD7BF, 0xB75E, 0xD7BF, 0x4373, 0xB75E,
  0x4373, 0x8DFD, 0x4373, 0x8DFD, 0x4373, 0x8DFD, 0xA512, 0xC590, 0xFF78, 0xC590, 0xA512, 0x4373, 0xB75E,
  0x8DFD, 0x4373, 0xB75E, 0x8DFD, 0x4373, 0xB75E, 0x8DFD, 0x4373, 0xD7BF, 0xBE9C, 0x4373, 0xBE9C, 0x4373,
  0xBE9C, 0xA512, 0xBE9C, 0x4373, 0xBE9C, 0xB75E, 0xD7BF, 0xB75E, 0xD7BF, 0x4373, 0xF584, 0x4373, 0xB75E,
  0xD7BF, 0xE79F, 0xD7BF, 0xBE9C, 0xE79F, 0xD7BF, 0xB75E, 0xBE9C, 0xE79F, 0xBE9C, 0x4373, 0xF584, 0x4373,
  0xD7BF, 0xB75E, 0xD7BF, 0x4373, 0xB75E, 0x4373, 0x8DFD, 0x4373, 0x8DFD, 0x4373, 0xA512, 0xC590, 0xFF78,
  0xC590, 0xA512, 0xB75E, 0x8DFD, 0x4373, 0xB75E, 0x8DFD, 0x4373, 0xD7BF, 0xBE9C, 0x8DFD, 0xBE9C, 0x8DFD,
  0xBE9C, 0x8DFD, 0xBE9C, 0xD7BF, 0xB75E, 0xD7BF, 0x4373, 0xF584, 0x4373, 0xB75E, 0xBE9C, 0xD7BF, 0xB75E,
  0xBE9C, 0xE79F, 0xBE9C, 0xB75E, 0xE79F, 0xBE9C, 0x4373, 0xF584, 0x4373, 0xD7BF, 0xB75E, 0xD7BF, 0x4373,
  0xB75E, 0x4373, 0x8DFD, 0x4373, 0x8DFD, 0x4373, 0x8DFD, 0x4373, 0xA512, 0xC590, 0xFF78, 0xC590, 0xA512,
  0xB75E, 0x8DFD, 0x4373, 0xB75E, 0x8DFD, 0x4373, 0xD7BF, 0xB75E, 0xD7BF, 0xBE9C, 0x8DFD, 0xBE9C, 0x8DFD,
  0xBE9C, 0x8DFD, 0xBE9C, 0xD7BF, 0xB75E, 0xD7BF, 0x4373, 0xF584, 0x4373, 0xB75E, 0xBE9C, 0xD7BF, 0xE79F,
  0xBE9C, 0xE79F, 0xBE9C, 0xB75E, 0xBE9C, 0xE79F, 0x4373, 0xF584, 0x4373, 0xD7BF, 0xB75E, 0xD7BF, 0x4373,
  0xB75E, 0x4373, 0x8DFD, 0x4373, 0x8DFD, 0xBE9C, 0x4373, 0x8DFD, 0x4373, 0xA512, 0xC590, 0xFF78, 0xC590,
  0x4373, 0xB75E, 0x8DFD, 0x4373, 0xD7BF, 0xB75E, 0xD7BF, 0xBE9C, 0x8DFD, 0xBE9C, 0xD7BF, 0xB75E, 0xD7BF,
  0x4373, 0xF584, 0x4373, 0xB75E, 0xD7BF, 0xBE9C, 0xD7BF, 0xBE9C, 0xE79F, 0xB75E, 0xBE9C, 0xE79F, 0xBE9C,
  0x4373, 0xF584, 0x4373, 0xD7BF, 0xB75E, 0xD7BF, 0x4373, 0xB75E, 0x4373, 0x8DFD, 0x4373, 0xBE9C, 0xB75E,
  0x4373, 0x8DFD, 0xA512, 0xC590, 0xFF78, 0xC590, 0x4373, 0x8DFD, 0x4373, 0xD7BF, 0xB75E, 0xD7BF, 0xBE9C,
  0xD7BF, 0xB75E, 0xD7BF, 0x4373, 0xF584, 0x4373, 0xBE9C, 0xE79F, 0xD7BF, 0xBE9C, 0xE79F, 0xBE9C, 0xE79F,
  0xB75E, 0xBE9C, 0xD7BF, 0xBE9C, 0x4373, 0xF584, 0x4373, 0xD7BF, 0x4373, 0xB75E, 0x4373, 0x8DFD, 0x4373,
  0xBE9C, 0xB75E, 0x4373, 0x8DFD, 0xC590, 0xFF78, 0xC590, 0xA512, 0x4373, 0x8DFD, 0x4373, 0xD7BF, 0xB75E,
  0xD7BF, 0xB75E, 0xD7BF, 0xB75E, 0xD7BF, 0x4373, 0xF584, 0x4373, 0xBE9C, 0xD7BF, 0xBE9C, 0xE79F, 0xBE9C,
  0xB75E, 0xBE9C, 0xD7BF, 0xB75E, 0xBE9C, 0xB75E, 0xBE9C, 0x4373, 0xF584, 0x4373, 0xD7BF, 0xB75E, 0xD7BF,
  0x4373, 0xB75E, 0x4373, 0x8DFD, 0x4373, 0xBE9C, 0xB75E, 0x8DFD, 0x4373, 0x8DFD, 0xC590, 0xFF78, 0xC590,
  0xA512, 0x8DFD, 0x4373, 0xD7BF, 0xB75E, 0xD7BF, 0xB75E, 0xD7BF, 0xB75E, 0xD7BF, 0x4373, 0xF584, 0x4373,
  0xBE9C, 0xE79F, 0xD7BF, 0xE79F, 0xBE9C, 0xB75E, 0xBE9C, 0xE79F, 0xBE9C, 0xB75E, 0xBE9C, 0xE79F, 0xB75E,
  0x4373, 0xF584, 0x4373, 0xD7BF, 0xB75E, 0xD7BF, 0x4373, 0xB75E, 0x4373, 0x8DFD, 0x4373, 0xBE9C, 0x8DFD,
  0x4373, 0x8DFD, 0xC590, 0xFF78, 0xC590, 0xBE9C, 0x8DFD, 0xB75E, 0x4373, 0xD7BF, 0xB75E, 0xD7BF, 0xB75E,
  0xD7BF, 0xB75E, 0xD7BF, 0x4373, 0xF584, 0x4373, 0xBE9C, 0xE79F, 0xE7DF, 0xBE9C, 0xB75E, 0xBE9C, 0xB75E,
  0x4373, 0xF584, 0x4373, 0xD7BF, 0xB75E, 0xD7BF, 0x4373, 0xB75E, 0x4373, 0x8DFD, 0x4373, 0x8DFD, 0xBE9C,
  0x4373, 0x8DFD, 0xA512, 0xC590, 0xFF78, 0xC590, 0xA512, 0x8DFD, 0x4373, 0xD7BF, 0xB75E, 0xD7BF, 0xB75E,
  0xD7BF, 0xB75E, 0xD7BF, 0x4373, 0xF584, 0x4373, 0xBE9C, 0xD7BF, 0xE79F, 0xBE9C, 0xB75E, 0xD7BF, 0xBE9C,
  0xE7DF, 0xBE9C, 0xB75E, 0x4373, 0xF584, 0x4373, 0xD7BF, 0xB75E, 0xD7BF, 0x4373, 0xB75E, 0x4373, 0x8DFD,
  0x4373, 0x8DFD, 0x4373, 0xBE9C, 0x4373, 0xA512, 0xC590, 0xFF78, 0xC590, 0x4373, 0xD7BF, 0xB75E, 0xD7BF,
  0xB75E, 0xD7BF, 0x4373, 0xF584, 0x4373, 0xBE9C, 0xD7BF, 0xBE9C, 0xD7BF, 0xE79F, 0xBE9C, 0xB75E, 0xE79F,
  0xD7BF, 0xBE9C, 0xB75E, 0x4373, 0xF584, 0x4373, 0xD7BF, 0xB75E, 0xD7BF, 0x4373, 0xB75E, 0x4373, 0x8DFD,
  0x4373, 0x8DFD, 0x4373, 0xBE9C, 0x4373, 0xA512, 0xC590, 0xFF78, 0xC590, 0x4373, 0xBE9C, 0x4373, 0xD7BF,
  0xB75E, 0xD7BF, 0xB75E, 0xD7BF, 0x4373, 0xF584, 0x4373, 0xBE9C, 0xE79F, 0xB75E, 0xBE9C, 0xB75E, 0xD7BF,
  0xB75E, 0x4373, 0xF584, 0x4373, 0xBE9C, 0xD7BF, 0xB75E, 0xD7BF, 0x4373, 0xB75E, 0x4373, 0x8DFD, 0x4373,
  0x8DFD, 0x4373, 0xBE9C, 0xA512, 0xC590, 0xFF78, 0xC590, 0x4373, 0xBE9C, 0x4373, 0xD7BF, 0xB75E, 0xD7BF,
  0xB75E, 0xD7BF, 0x4373, 0xF584, 0x4373, 0xE79F, 0xB75E, 0xBE9C, 0xD7BF, 0xB75E, 0x4373, 0xF584, 0x4373,
  0xBE9C, 0xD7BF, 0xB75E, 0xD7BF, 0x4373, 0xB75E, 0x4373, 0x8DFD, 0x4373, 0x8DFD, 0x4373, 0xBE9C, 0xA512,
  0xC590, 0xFF78, 0xC590, 0x4373, 0xBE9C, 0x4373, 0xD7BF, 0xB75E, 0xD7BF, 0xB75E, 0xD7BF, 0x4373, 0xF584,
  0x4373, 0xE79F, 0xD7BF, 0xBE9C, 0xB75E, 0xBE9C, 0xE7DF, 0xBE9C, 0xD7BF, 0xB75E, 0x4373, 0xF584, 0x4373,
  0xBE9C, 0xD7BF, 0xB75E, 0xD7BF, 0x4373, 0xB75E, 0x4373, 0x8DFD, 0x4373, 0x8DFD, 0x4373, 0xBE9C, 0xA512,
  0xC590, 0xFF78, 0xC590, 0x4373, 0x8DFD, 0x4373, 0xBE9C, 0x4373, 0xD7BF, 0xB75E, 0xD7BF, 0xB75E, 0xD7BF,
  0x4373, 0xF584, 0x4373, 0xE79F, 0xE7DF, 0xBE9C, 0xB75E, 0xBE9C, 0xE7DF, 0xBE9C, 0xB75E, 0x4373, 0xF584,
  0x4373, 0xBE9C, 0xD7BF, 0x4373, 0xB75E, 0x4373, 0x8DFD, 0x4373, 0x8DFD, 0x4373, 0xBE9C, 0xA512, 0xC590,
  0xFF78, 0xC590, 0x4373, 0x8DFD, 0x4373, 0xBE9C, 0x4373, 0xD7BF, 0xB75E, 0xD7BF, 0xB75E, 0xD7BF, 0x4373,
  0xF584, 0x4373, 0xE79F, 0xBE9C, 0xB75E, 0xD7BF, 0xBE9C, 0xB75E, 0x4373, 0xF584, 0x4373, 0xBE9C, 0xD7BF,
  0xB75E, 0xD7BF, 0x4373, 0xB75E, 0x4373, 0x8DFD, 0x4373, 0x8DFD, 0x4373, 0x8DFD, 0x4373, 0xBE9C, 0xA512,
  0xC590, 0xFF78, 0xC590, 0x4373, 0x8DFD, 0x4373, 0xBE9C, 0x4373, 0xD7BF, 0xB75E, 0xD7BF, 0xB75E, 0xD7BF,
  0xB75E, 0xD7BF, 0x4373, 0xF584, 0x4373, 0xE79F, 0xBE9C, 0xB75E, 0xD7BF, 0xB75E, 0xBE9C, 0xB75E, 0x4373,
  0xF584, 0x4373, 0xBE9C, 0xD7BF, 0xB75E, 0xD7BF, 0x4373, 0xB75E, 0x4373, 0x8DFD, 0x4373, 0x8DFD, 0x4373,
  0x8DFD, 0xBE9C, 0x4373, 0xBE9C, 0xA512, 0xC590, 0xFF78, 0xC590, 0xA512, 0x4373, 0x8DFD, 0x4373, 0xBE9C,
  0x4373, 0xD7BF, 0xB75E, 0xD7BF, 0xB75E, 0xD7BF, 0xB75E, 0xD7BF, 0x4373, 0xF584, 0x4373, 0xD7BF, 0xE79F,
  0xBE9C, 0xB75E, 0xBE9C, 0xD7BF, 0xB75E, 0x4373, 0xF584, 0x4373, 0xBE9C, 0xD7BF, 0xB75E, 0xD7BF, 0x4373,
  0xB75E, 0x4373, 0x8DFD, 0x4373, 0x8DFD, 0x4373, 0xB75E, 0xBE9C, 0x4373, 0xBE9C, 0xA512, 0xC590, 0xFF78,
  0xC590, 0xA512, 0xBE9C, 0x4373, 0x8DFD, 0x4373, 0xBE9C, 0x4373, 0xD7BF, 0xB75E, 0xD7BF, 0xB75E, 0xD7BF,
  0xB75E, 0xD7BF, 0xB75E, 0xD7BF, 0x4373, 0xF584, 0x4373, 0xB75E, 0xBE9C, 0xE79F, 0xBE9C, 0xB75E, 0x4373,
  0xF584, 0x4373, 0xBE9C, 0xD7BF, 0xB75E, 0xD7BF, 0x4373, 0xB75E, 0x4373, 0x8DFD, 0x4373, 0x8DFD, 0x4373,
  0x8DFD, 0xB75E, 0xBE9C, 0x4373, 0xBE9C, 0xA512, 0xC590, 0xFF78, 0xC590, 0xBE9C, 0x8DFD, 0x4373, 0x8DFD,
  0x4373, 0xBE9C, 0x4373, 0xD7BF, 0xB75E, 0xD7BF, 0xB75E, 0xD7BF, 0x4373, 0xF584, 0x4373, 0xB75E, 0xBE9C,
  0xE79F, 0xB75E, 0x8DFD, 0x4373, 0xF584, 0x4373, 0xD7BF, 0xB75E, 0xD7BF, 0x4373, 0xB75E, 0x4373, 0x8DFD,
  0x4373, 0x8DFD, 0x4373, 0x8DFD, 0xB75E, 0xBE9C, 0x4373, 0xB75E, 0xBE9C, 0xA512, 0xC590, 0xFF78, 0xC590,
  0xBE9C, 0x4373, 0x8DFD, 0x4373, 0xBE9C, 0x4373, 0xD7BF, 0xB75E, 0xD7BF, 0xB75E, 0xD7BF, 0x4373, 0xF584,
  0x4373, 0xB75E, 0xD7BF, 0xE79F, 0xB75E, 0x8DFD, 0x4373, 0xF584, 0x4373, 0xD7BF, 0xB75E, 0xD7BF, 0x4373,
  0xB75E, 0x4373, 0x8DFD, 0x4373, 0x8DFD, 0x4373, 0x8DFD, 0xB75E, 0xBE9C, 0x8DFD, 0x4373, 0xB75E, 0xBE9C,
  0xA512, 0xC590, 0xFF78, 0xC590, 0xBE9C, 0x4373, 0x8DFD, 0x4373, 0xBE9C, 0x4373, 0xD7BF, 0xB75E, 0xD7BF,
  0xB75E, 0xD7BF, 0x4373, 0xF584, 0x4373, 0xB75E, 0xE79F, 0xD7BF, 0xB75E, 0x8DFD, 0x4373, 0xF584, 0x4373,
  0xD7BF, 0xB75E, 0xD7BF, 0x4373, 0xB75E, 0x4373, 0x8DFD, 0x4373, 0x8DFD, 0x4373, 0xB75E, 0xBE9C, 0x8DFD,
  0x4373, 0xBE9C, 0xA512, 0xC590, 0xFF78, 0xC590, 0xBE9C, 0x4373, 0x8DFD, 0x4373, 0xBE9C, 0x4373, 0xD7BF,
  0xB75E, 0xD7BF, 0xB75E, 0xD7BF, 0x4373, 0xF584, 0x4373, 0xB75E, 0xBE9C, 0xD7BF, 0xE79F, 0xD7BF, 0xB75E,
  0x4373, 0xF584, 0x4373, 0xD7BF, 0xB75E, 0xD7BF, 0x4373, 0xB75E, 0x4373, 0x8DFD, 0x4373, 0x8DFD, 0x4373,
  0xB75E, 0xBE9C, 0x8DFD, 0x4373, 0xBE9C, 0xA512, 0xC590, 0xFF78, 0xC590, 0xBE9C, 0x4373, 0x8DFD, 0x4373,
  0xBE9C, 0x4373, 0xD7BF, 0xB75E, 0xD7BF, 0xB75E, 0xD7BF, 0x4373, 0xF584, 0x4373, 0xB75E, 0xBE9C, 0xE79F,
  0xBE9C, 0xB75E, 0x4373, 0xF584, 0x4373, 0xD7BF, 0xB75E, 0xD7BF, 0x4373, 0xB75E, 0x4373, 0x8DFD, 0x4373,
  0x8DFD, 0x4373, 0xB75E, 0xBE9C, 0x8DFD, 0x4373, 0xBE9C, 0xA512, 0xC590, 0xFF78, 0xC590, 0xBE9C, 0x4373,
  0x8DFD, 0x4373, 0xBE9C, 0x4373, 0xD7BF, 0xB75E, 0xD7BF, 0xB75E, 0xD7BF, 0x4373, 0xF584, 0x4373, 0xBE9C,
  0xE79F, 0xBE9C, 0xE79F, 0xB75E, 0x4373, 0xF584, 0x4373, 0xD7BF, 0xB75E, 0xD7BF, 0x4373, 0xB75E, 0x4373,
  0x8DFD, 0x4373, 0x8DFD, 0x4373, 0xB75E, 0xBE9C, 0x8DFD, 0x4373, 0xBE9C, 0xA512, 0xC590, 0xFF78, 0xC590,
  0xBE9C, 0x4373, 0x8DFD, 0x4373, 0xBE9C, 0x4373, 0xD7BF, 0xB75E, 0xD7BF, 0xB75E, 0xD7BF, 0x4373, 0xF584,
  0x4373, 0xE79F, 0xBE9C, 0xB75E, 0x4373, 0xF584, 0x4373, 0xD7BF, 0xB75E, 0xD7BF, 0x4373, 0xB75E, 0x4373,
  0x8DFD, 0x4373, 0x8DFD, 0x4373, 0xB75E, 0xBE9C, 0xB75E, 0x4373, 0xB75E, 0xBE9C, 0xA512, 0xC590, 0xFF78,
  0xC590, 0xBE9C, 0x4373, 0x8DFD, 0x4373, 0xBE9C, 0x4373, 0xD7BF, 0xB75E, 0xD7BF, 0xB75E, 0xD7BF, 0x4373,
  0xF584, 0x4373, 0xBE9C, 0xE79F, 0xBE9C, 0xB75E, 0x8DFD, 0x4373, 0xF584, 0x4373, 0xD7BF, 0xB75E, 0xD7BF,
  0x4373, 0xB75E, 0x4373, 0x8DFD, 0x4373, 0x8DFD, 0x4373, 0xB75E, 0xBE9C, 0xB75E, 0x4373, 0xB75E, 0xBE9C,
  0xA512, 0xC590, 0xFF78, 0xC590, 0xBE9C, 0x4373, 0x8DFD, 0x4373, 0xBE9C, 0x4373, 0xD7BF, 0xB75E, 0xD7BF,
  0xB75E, 0xD7BF, 0x4373, 0xF584, 0x4373, 0xBE9C, 0xD7BF, 0xE79F, 0xBE9C, 0xB75E, 0xBE9C, 0xB75E, 0x8DFD,
  0x4373, 0xF584, 0x4373, 0xD7BF, 0xB75E, 0xD7BF, 0x4373, 0xB75E, 0x4373, 0x8DFD, 0x4373, 0x8DFD, 0x4373,
  0xB75E, 0xBE9C, 0xB75E, 0x4373, 0xB75E, 0xBE9C, 0xA512, 0xC590, 0xFF78, 0xC590, 0xBE9C, 0x4373, 0x8DFD,
  0x4373, 0xBE9C, 0x4373, 0xD7BF, 0xB75E, 0xD7BF, 0xB75E, 0xD7BF, 0x4373, 0xF584, 0x4373, 0xBE9C, 0xB75E,
  0xBE9C, 0xB75E, 0xBE9C, 0xB75E, 0xBE9C, 0x8DFD, 0x4373, 0xF584, 0x4373, 0xD7BF, 0xB75E, 0xD7BF, 0x4373,
  0xB75E, 0x4373, 0x8DFD, 0x4373, 0x8DFD, 0x4373, 0xB75E, 0xBE9C, 0xB75E, 0x8DFD, 0x4373, 0xBE9C, 0xA512,
  0xC590, 0xFF78, 0xC590, 0xBE9C, 0x4373, 0x8DFD, 0x4373, 0xBE9C, 0x4373, 0xD7BF, 0xB75E, 0xD7BF, 0xB75E,
  0xD7BF, 0x4373, 0xF584, 0x4373, 0xBE9C, 0xB75E, 0xBE9C, 0x8DFD, 0x4373, 0xF584, 0x4373, 0xD7BF, 0xB75E,
  0xD7BF, 0x4373, 0xB75E, 0x4373, 0x8DFD, 0x4373, 0x8DFD, 0x4373, 0xB75E, 0x8DFD, 0x4373, 0xBE9C, 0xA512,
  0xC590, 0xFF78, 0xC590, 0xBE9C, 0x4373, 0x8DFD, 0x4373, 0xBE9C, 0x4373, 0xD7BF, 0xB75E, 0xD7BF, 0xB75E,
  0xD7BF, 0x4373, 0xF584, 0x4373, 0xBE9C, 0xB75E, 0x8DFD, 0x4373, 0xF584, 0x4373, 0xD7BF, 0x4373, 0xB75E,
  0x4373, 0x8DFD, 0x4373, 0x8DFD, 0x4373, 0xB75E, 0x8DFD, 0x4373, 0xBE9C, 0xA512, 0xC590, 0xFF78, 0xC590,
  0xBE9C, 0x4373, 0x8DFD, 0x4373, 0xBE9C, 0x4373, 0xD7BF, 0xB75E, 0xD7BF, 0xB75E, 0xD7BF, 0x4373, 0xF584,
  0x4373, 0xB75E, 0x8DFD, 0x4373, 0xF584, 0x4373, 0xD7BF, 0x4373, 0xB75E, 0x4373, 0x8DFD, 0x4373, 0x8DFD,
  0x4373, 0xB75E, 0x8DFD, 0x4373, 0xBE9C, 0xA512, 0xC590, 0xFF78, 0xC590, 0xBE9C, 0x4373, 0x8DFD, 0x4373,
  0xBE9C, 0x4373, 0xD7BF, 0xB75E, 0xD7BF, 0xB75E, 0xD7BF, 0x4373, 0xF584, 0x4373, 0xB75E, 0xBE9C, 0x8DFD,
  0x4373, 0xF584, 0x4373, 0xD7BF, 0xB75E, 0xD7BF, 0x4373, 0xB75E, 0x4373, 0x8DFD, 0x4373, 0x8DFD, 0x4373,
  0xB75E, 0x4373, 0xBE9C, 0xA512, 0xC590, 0xFF78, 0xC590, 0xBE9C, 0x4373, 0x8DFD, 0xB75E, 0x8DFD, 0x4373,
  0xBE9C, 0x4373, 0xD7BF, 0xB75E, 0xD7BF, 0xB75E, 0xD7BF, 0x4373, 0xF584, 0x4373, 0xB75E, 0x8DFD, 0x4373,
  0xF584, 0x4373, 0xD7BF, 0xB75E, 0xD7BF, 0x4373, 0xB75E, 0x4373, 0x8DFD, 0x4373, 0x8DFD, 0x4373, 0xB75E,
  0x4373, 0xB75E, 0xBE9C, 0xA512, 0xC590, 0xFF78, 0xC590, 0xBE9C, 0x4373, 0x8DFD, 0x4373, 0xBE9C, 0x4373,
  0xD7BF, 0xB75E, 0xD7BF, 0xB75E, 0xD7BF, 0x4373, 0xF584, 0x4373, 0xB75E, 0xBE9C, 0xB75E, 0xBE9C, 0x8DFD,
  0x4373, 0xF584, 0x4373, 0xD7BF, 0xB75E, 0xD7BF, 0x4373, 0xB75E, 0x4373, 0x8DFD, 0x4373, 0x8DFD, 0x4373,
  0xB75E, 0x4373, 0xB75E, 0xBE9C, 0xA512, 0xC590, 0xFF78, 0xC590, 0xBE9C, 0x4373, 0x8DFD, 0x4373, 0xBE9C,
  0x4373, 0xD7BF, 0xB75E, 0xD7BF, 0xB75E, 0xD7BF, 0x4373, 0xF584, 0x4373, 0xB75E, 0x8DFD, 0xB75E, 0x8DFD,
  0x4373, 0xF584, 0x4373, 0xD7BF, 0x4373, 0xB75E, 0x4373, 0x8DFD, 0x4373, 0x8DFD, 0x4373, 0xB75E, 0x4373,
  0xB75E, 0xBE9C, 0xA512, 0xC590, 0xFF78, 0xC590, 0xBE9C, 0x4373, 0x8DFD, 0x4373, 0xBE9C, 0x4373, 0xD7BF,
  0xB75E, 0xD7BF, 0xB75E, 0xD7BF, 0x4373, 0xF584, 0x4373, 0xB75E, 0xBE9C, 0x8DFD, 0xB75E, 0x8DFD, 0x4373,
  0xF584, 0x4373, 0xD7BF, 0x4373, 0xB75E, 0x4373, 0x8DFD, 0x4373, 0x8DFD, 0x4373, 0xB75E, 0x8DFD, 0x4373,
  0xB75E, 0xBE9C, 0xA512, 0xC590, 0xFF78, 0xC590, 0xBE9C, 0x4373, 0x8DFD, 0x4373, 0xBE9C, 0x4373, 0xD7BF,
  0xB75E, 0xD7BF, 0xB75E, 0xD7BF, 0xB75E, 0xD7BF, 0x4373, 0xF584, 0x4373, 0xB75E, 0xBE9C, 0x8DFD, 0xB75E,
  0x8DFD, 0x4373, 0xF584, 0x4373, 0xD7BF, 0x4373, 0xB75E, 0x4373, 0x8DFD, 0x4373, 0x8DFD, 0x4373, 0xB75E,
  0x8DFD, 0x4373, 0xB75E, 0xBE9C, 0xA512, 0xC590, 0xFF78, 0xC590, 0xBE9C, 0x4373, 0x8DFD, 0x4373, 0xBE9C,
  0x4373, 0xD7BF, 0xB75E, 0xD7BF, 0xB75E, 0xD7BF, 0xB75E, 0xD7BF, 0xB75E, 0xD7BF, 0xB75E, 0xD7BF, 0x4373,
  0xF584, 0x4373, 0xB75E, 0xBE9C, 0x8DFD, 0xB75E, 0x8DFD, 0x4373, 0xF584, 0x4373, 0xBE9C, 0xD7BF, 0xB75E,
  0xD7BF, 0x4373, 0xB75E, 0x4373, 0x8DFD, 0x4373, 0x8DFD, 0x4373, 0xB75E, 0x8DFD, 0x4373, 0xBE9C, 0xA512,
  0xC590, 0xFF78, 0xC590, 0xBE9C, 0x4373, 0x8DFD, 0xB75E, 0x8DFD, 0x4373, 0xBE9C, 0x4373, 0xB75E, 0x4373,
  0xF584, 0x4373, 0xB75E, 0xBE9C, 0x8DFD, 0xBE9C, 0x8DFD, 0x4373, 0xF584, 0x4373, 0xBE9C, 0xD7BF, 0xB75E,
  0xD7BF, 0x4373, 0xB75E, 0x4373, 0x8DFD, 0x4373, 0x8DFD, 0x4373, 0xB75E, 0x8DFD, 0x4373, 0xBE9C, 0xA512,
  0xC590, 0xFF78, 0xC590, 0xBE9C, 0x4373, 0x8DFD, 0x4373, 0xBE9C, 0x4373, 0xB75E, 0x4373, 0xF584, 0x4373,
  0xB75E, 0xBE9C, 0x8DFD, 0xBE9C, 0x8DFD, 0x4373, 0xF584, 0x4373, 0xD7BF, 0xB75E, 0xD7BF, 0x4373, 0xB75E,
  0x4373, 0x8DFD, 0x4373, 0x8DFD, 0x4373, 0xB75E, 0x8DFD, 0x4373, 0xBE9C, 0xA512, 0xC590, 0xFF78, 0xC590,
  0xBE9C, 0x4373, 0x8DFD, 0x4373, 0xBE9C, 0x4373, 0xD7BF, 0xB75E, 0xD7BF, 0xB75E, 0xD7BF, 0xB75E, 0xD7BF,
  0xB75E, 0xD7BF, 0xB75E, 0xD7BF, 0x4373, 0xF584, 0x4373, 0xB75E, 0xBE9C, 0x8DFD, 0xB75E, 0x8DFD, 0x4373,
  0xF584, 0x4373, 0xBE9C, 0xD7BF, 0xB75E, 0xD7BF, 0x4373, 0xB75E, 0x4373, 0x8DFD, 0x4373, 0x8DFD, 0x4373,
  0xB75E, 0x8DFD, 0x4373, 0xBE9C, 0xA512, 0xC590, 0xFF78, 0xC590, 0xBE9C, 0x4373, 0x8DFD, 0x4373, 0xBE9C,
  0x4373, 0xD7BF, 0xB75E, 0xD7BF, 0xB75E, 0xD7BF, 0xB75E, 0xD7BF, 0x4373, 0xF584, 0x4373, 0xB75E, 0xBE9C,
  0x8DFD, 0xB75E, 0x4373, 0xF584, 0x4373, 0xBE9C, 0xD7BF, 0xB75E, 0xD7BF, 0x4373, 0xB75E, 0x4373, 0x8DFD,
  0x4373, 0x8DFD, 0x4373, 0xB75E, 0xBE9C, 0x4373, 0xBE9C, 0xA512, 0xC590, 0xFF78, 0xC590, 0xBE9C, 0x4373,
  0x8DFD, 0x4373, 0xBE9C, 0x4373, 0xD7BF, 0xB75E, 0xD7BF, 0xB75E, 0xD7BF, 0x4373, 0xF584, 0x4373, 0xB75E,
  0xBE9C, 0x8DFD, 0xBE9C, 0x8DFD, 0xB75E, 0x4373, 0xF584, 0x4373, 0xD7BF, 0xB75E, 0xD7BF, 0x4373, 0xB75E,
  0x4373, 0x8DFD, 0x4373, 0x8DFD, 0x4373, 0xB75E, 0xBE9C, 0x4373, 0xBE9C, 0xA512, 0xC590, 0xFF78, 0xC590,
  0xBE9C, 0x4373, 0x8DFD, 0x4373, 0xBE9C, 0x4373, 0xD7BF, 0xB75E, 0xD7BF, 0xB75E, 0xD7BF, 0x4373, 0xF584,
  0x4373, 0xB75E, 0xBE9C, 0xB75E, 0xBE9C, 0x8DFD, 0xBE9C, 0x8DFD, 0xB75E, 0x4373, 0xF584, 0x4373, 0xD7BF,
  0xB75E, 0xD7BF, 0x4373, 0xB75E, 0x4373, 0x8DFD, 0x4373, 0x8DFD, 0x4373, 0xB75E, 0xBE9C, 0x4373, 0xBE9C,
  0xA512, 0xC590, 0xFF78, 0xC590, 0xBE9C, 0x4373, 0x8DFD, 0xB75E, 0x8DFD, 0x4373, 0xBE9C, 0x4373, 0xD7BF,
  0xB75E, 0xD7BF, 0xB75E, 0xD7BF, 0x4373, 0xF584, 0x4373, 0xB75E, 0xBE9C, 0xB75E, 0xBE9C, 0x8DFD, 0xBE9C,
  0xB75E, 0x8DFD, 0xBE9C, 0xB75E, 0x4373, 0xF584, 0x4373, 0xD7BF, 0x4373, 0xB75E, 0x4373, 0x8DFD, 0x4373,
  0x8DFD, 0x4373, 0xB75E, 0xBE9C, 0x4373, 0xBE9C, 0xA512, 0xC590, 0xFF78, 0xC590, 0xBE9C, 0x4373, 0x8DFD,
  0xB75E, 0x8DFD, 0x4373, 0xBE9C, 0x4373, 0xD7BF, 0xB75E, 0xD7BF, 0xB75E, 0xD7BF, 0x4373, 0xF584, 0x4373,
  0xB75E, 0xBE9C, 0xB75E, 0x8DFD, 0xBE9C, 0x8DFD, 0xB75E, 0x4373, 0xF584, 0x4373, 0xD7BF, 0x4373, 0xB75E,
  0x8DFD, 0x4373, 0x8DFD, 0x4373, 0x8DFD, 0x4373, 0xB75E, 0xBE9C, 0x4373, 0xBE9C, 0xA512, 0xC590, 0xFF78,
  0xC590, 0xBE9C, 0x4373, 0x8DFD, 0xB75E, 0x8DFD, 0x4373, 0xBE9C, 0x4373, 0xD7BF, 0xB75E, 0xD7BF, 0xB75E,
  0xD7BF, 0x4373, 0xF584, 0x4373, 0xB75E, 0xBE9C, 0x8DFD, 0xB75E, 0x8DFD, 0xB75E, 0x4373, 0xF584, 0x4373,
  0xD7BF, 0x4373, 0xB75E, 0x8DFD, 0x4373, 0x8DFD, 0x4373, 0x8DFD, 0x4373, 0xB75E, 0xBE9C, 0x4373, 0xBE9C,
  0xA512, 0xC590, 0xFF78, 0xC590, 0xBE9C, 0x4373, 0x8DFD, 0x4373, 0xBE9C, 0x4373, 0xD7BF, 0xB75E, 0xD7BF,
  0xB75E, 0xD7BF, 0x4373, 0xF584, 0x4373, 0xB75E, 0xBE9C, 0x8DFD, 0xBE9C, 0x8DFD, 0xB75E, 0x4373, 0xF584,
  0x4373, 0xD7BF, 0x4373, 0xB75E, 0x8DFD, 0x4373, 0x8DFD, 0x4373, 0x8DFD, 0x4373, 0xB75E, 0xBE9C, 0x4373,
  0xBE9C, 0xC590, 0xFF78, 0xC590, 0xBE9C, 0x4373, 0x8DFD, 0x4373, 0xBE9C, 0x4373, 0xD7BF, 0xB75E, 0xD7BF,
  0xB75E, 0xD7BF, 0x4373, 0xF584, 0x4373, 0xB75E, 0x8DFD, 0xBE9C, 0x8DFD, 0xB75E, 0x4373, 0xF584, 0xA512,
  0x4373, 0xD7BF, 0xB75E, 0xD7BF, 0x4373, 0xB75E, 0x8DFD, 0xB75E, 0x4373, 0x8DFD, 0x4373, 0x8DFD, 0x4373,
  0xB75E, 0xBE9C, 0x4373, 0xBE9C, 0xC590, 0xFF78, 0xC590, 0xBE9C, 0x4373, 0x8DFD, 0x4373, 0xBE9C, 0x4373,
  0xD7BF, 0xB75E, 0xD7BF, 0xB75E, 0xD7BF, 0x4373, 0xF584, 0x4373, 0x8DFD, 0xBE9C, 0x8DFD, 0xBE9C, 0xB75E,
  0x4373, 0xF584, 0xA512, 0xBE9C, 0xD7BF, 0xB75E, 0xD7BF, 0x4373, 0xB75E, 0x8DFD, 0xB75E, 0x4373, 0x8DFD,
  0x4373, 0x8DFD, 0x4373, 0xB75E, 0x8DFD, 0x4373, 0xBE9C, 0xC590, 0xFF78, 0xC590, 0xBE9C, 0x4373, 0x8DFD,
  0x4373, 0xBE9C, 0x4373, 0xD7BF, 0xB75E, 0xD7BF, 0xB75E, 0xD7BF, 0x4373, 0xF584, 0x4373, 0x8DFD, 0xBE9C,
  0x8DFD, 0xB75E, 0x4373, 0xF584, 0xA512, 0x4373, 0xBE9C, 0xD7BF, 0xB75E, 0xD7BF, 0x4373, 0xB75E, 0x4373,
  0x8DFD, 0x4373, 0x8DFD, 0x4373, 0xB75E, 0x8DFD, 0x4373, 0xBE9C, 0xA512, 0xC590, 0xFF78, 0xC590, 0xBE9C,
  0x4373, 0x8DFD, 0x4373, 0xBE9C, 0x4373, 0xD7BF, 0xB75E, 0xD7BF, 0xB75E, 0xD7BF, 0x4373, 0xF584, 0x4373,
  0x8DFD, 0xBE9C, 0x8DFD, 0xB75E, 0x8DFD, 0x4373, 0xF584, 0xA512, 0x4373, 0xBE9C, 0xD7BF, 0xB75E, 0xD7BF,
  0x4373, 0xB75E, 0x4373, 0x8DFD, 0x4373, 0x8DFD, 0x4373, 0xB75E, 0x4373, 0xBE9C, 0xA512, 0xC590, 0xFF78,
  0xC590, 0xBE9C, 0x4373, 0x8DFD, 0xB75E, 0x8DFD, 0x4373, 0xBE9C, 0x4373, 0xD7BF, 0xB75E, 0xD7BF, 0xB75E,
  0xD7BF, 0xBE9C, 0x4373, 0xF584, 0x4373, 0x8DFD, 0xBE9C, 0x8DFD, 0xB75E, 0xBE9C, 0x4373, 0xF584, 0xA512,
  0x4373, 0xD7BF, 0xB75E, 0xD7BF, 0x4373, 0xB75E, 0x4373, 0x8DFD, 0x4373, 0x8DFD, 0x4373, 0xB75E, 0x8DFD,
  0x4373, 0xBE9C, 0xA512, 0xC590, 0xFF78, 0xC590, 0xBE9C, 0x4373, 0x8DFD, 0xB75E, 0x8DFD, 0x4373, 0xBE9C,
  0x4373, 0xD7BF, 0x4373, 0xB75E, 0xD7BF, 0xB75E, 0xD7BF, 0xBE9C, 0x8DFD, 0x4373, 0xF584, 0x4373, 0x8DFD,
  0xBE9C, 0x8DFD, 0xB75E, 0xBE9C, 0x4373, 0xF584, 0xA512, 0x4373, 0xD7BF, 0xB75E, 0xD7BF, 0x4373, 0xB75E,
  0x4373, 0x8DFD, 0x4373, 0x8DFD, 0x4373, 0xB75E, 0x8DFD, 0x4373, 0xBE9C, 0xA512, 0xC590, 0xFF78, 0xC590,
  0xBE9C, 0x4373, 0x8DFD, 0x4373, 0xBE9C, 0x4373, 0xD7BF, 0xB75E, 0xD7BF, 0x8DFD, 0x4373, 0x8DFD, 0xD7BF,
  0xB75E, 0xD7BF, 0xBE9C, 0x4373, 0xF584, 0x4373, 0xA512, 0x8DFD, 0xBE9C, 0x8DFD, 0xB75E, 0xBE9C, 0x4373,
  0xA512, 0xF584, 0xA512, 0x4373, 0xD7BF, 0xB75E, 0xD7BF, 0x4373, 0xB75E, 0x4373, 0x8DFD, 0x4373, 0x8DFD,
  0x4373, 0xB75E, 0x8DFD, 0x4373, 0xBE9C, 0xA512, 0xC590, 0xFF78, 0xC590, 0xBE9C, 0x4373, 0x8DFD, 0x4373,
  0xBE9C, 0x4373, 0xD7BF, 0xB75E, 0x8DFD, 0xD7BF, 0x8DFD, 0x4373, 0x8DFD, 0xD7BF, 0x8DFD, 0xD7BF, 0xB75E,
  0xD7BF, 0xBE9C, 0x8DFD, 0x4373, 0xA512, 0xF584, 0x4373, 0xA512, 0x8DFD, 0xB75E, 0x4373, 0xA512, 0xF584,
  0xA512, 0xD7BF, 0xB75E, 0xD7BF, 0x4373, 0xB75E, 0x4373, 0x8DFD, 0x4373, 0x8DFD, 0x4373, 0xB75E, 0x8DFD,
  0x4373, 0xBE9C, 0xA512, 0xC590, 0xFF78, 0xC590, 0xBE9C, 0x4373, 0x8DFD, 0x4373, 0xBE9C, 0x4373, 0xD7BF,
  0xB75E, 0x4373, 0x8DFD, 0xD7BF, 0xB75E, 0xD7BF, 0xBE9C, 0x4373, 0xF584, 0xA512, 0x4373, 0xF584, 0x4373,
  0xA512, 0xBE9C, 0xD7BF, 0xB75E, 0xD7BF, 0x4373, 0xB75E, 0x4373, 0x8DFD, 0x4373, 0x8DFD, 0x4373, 0xB75E,
  0x4373, 0xB75E, 0xBE9C, 0xA512, 0xC590, 0xFF78, 0xC590, 0xBE9C, 0x4373, 0x8DFD, 0x4373, 0xBE9C, 0x4373,
  0xD7BF, 0xB75E, 0x4373, 0x8DFD, 0xD7BF, 0xB75E, 0xD7BF, 0xBE9C, 0x4373, 0xF584, 0x4373, 0xF584, 0x4373,
  0xBE9C, 0xD7BF, 0xB75E, 0xD7BF, 0x4373, 0xB75E, 0x4373, 0x8DFD, 0x4373, 0x8DFD, 0x4373, 0x8DFD, 0xBE9C,
  0xB75E, 0x4373, 0xB75E, 0xBE9C, 0xA512, 0xC590, 0xFF78, 0xC590, 0xBE9C, 0x4373, 0x8DFD, 0x4373, 0xBE9C,
  0x4373, 0xD7BF, 0x4373, 0xE79F, 0xFF58, 0xE79F, 0x4373, 0x8DFD, 0x4373, 0x8DFD, 0xD7BF, 0xB75E, 0xD7BF,
  0xBE9C, 0x4373, 0xF584, 0x4373, 0xBE9C, 0xD7BF, 0x4373, 0xB75E, 0x4373, 0x8DFD, 0x4373, 0x8DFD, 0x4373,
  0xBE9C, 0xB75E, 0x4373, 0xB75E, 0xBE9C, 0xA512, 0xC590, 0xFF78, 0xC590, 0xBE9C, 0x4373, 0x8DFD, 0xB75E,
  0x8DFD, 0x4373, 0xBE9C, 0x4373, 0xD7BF, 0x4373, 0xBE9C, 0x4373, 0xA512, 0x8DFD, 0x4373, 0xE79F, 0xFF58,
  0x4373, 0x8DFD, 0x4373, 0xE79F, 0x4373, 0x8DFD, 0xD7BF, 0xB75E, 0xD7BF, 0xBE9C, 0x4373, 0xF584, 0x4373,
  0xBE9C, 0xD7BF, 0x4373, 0xB75E, 0x4373, 0x8DFD, 0x4373, 0x8DFD, 0x4373, 0xBE9C, 0xB75E, 0x4373, 0xBE9C,
  0xA512, 0xC590, 0xFF78, 0xC590, 0xBE9C, 0x4373, 0x8DFD, 0x4373, 0xBE9C, 0x4373, 0xD7BF, 0x4373, 0xBE9C,
  0x4373, 0x8DFD, 0x4373, 0xFF58, 0x4373, 0xD7BF, 0x8DFD, 0xD7BF, 0x4373, 0xE79F, 0x4373, 0x8DFD, 0xD7BF,
  0xB75E, 0xD7BF, 0xB75E, 0xD7BF, 0xB75E, 0xBE9C, 0x4373, 0xA512, 0x4373, 0xBE9C, 0xB75E, 0xD7BF, 0xB75E,
  0xD7BF, 0x4373, 0xB75E, 0x4373, 0x8DFD, 0x4373, 0x8DFD, 0x4373, 0x8DFD, 0xBE9C, 0xB75E, 0x8DFD, 0x4373,
  0xBE9C, 0xA512, 0xC590, 0xFF78, 0xC590, 0xBE9C, 0x4373, 0x8DFD, 0x4373, 0xBE9C, 0x4373, 0xB75E, 0xD7BF,
  0x4373, 0xBE9C, 0x4373, 0x8DFD, 0x4373, 0xFF58, 0x4373, 0xA512, 0x8DFD, 0x4373, 0xE79F, 0x4373, 0x8DFD,
  0xB75E, 0x8DFD, 0xA512, 0x4373, 0x8DFD, 0xD7BF, 0xB75E, 0x4373, 0xB75E, 0x4373, 0x8DFD, 0x4373, 0x8DFD,
  0x4373, 0xBE9C, 0x8DFD, 0x4373, 0xBE9C, 0xA512, 0xC590, 0xFF78, 0xC590, 0xBE9C, 0x4373, 0x8DFD, 0x4373,
  0xBE9C, 0xB75E, 0x4373, 0xB75E, 0xD7BF, 0xBE9C, 0x4373, 0xBE9C, 0x4373, 0x8DFD, 0x4373, 0xFF58, 0x4373,
  0xA512, 0x8DFD, 0x4373, 0x8DFD, 0xB75E, 0x8DFD, 0x4373, 0x8DFD, 0xD7BF, 0xB75E, 0x4373, 0xB75E, 0x4373,
  0x8DFD, 0x4373, 0xBE9C, 0x4373, 0xBE9C, 0x8DFD, 0x4373, 0xBE9C, 0xA512, 0xC590, 0xFF78, 0xC590, 0xBE9C,
  0x4373, 0x8DFD, 0x4373, 0xBE9C, 0x4373, 0xD7BF, 0xB75E, 0xD7BF, 0xBE9C, 0x4373, 0xA512, 0x8DFD, 0x4373,
  0xFF58, 0x4373, 0xB75E, 0x4373, 0xBE9C, 0xD7BF, 0xB75E, 0xD7BF, 0xB75E, 0xD7BF, 0x8DFD, 0xBE9C, 0x8DFD,
  0xBE9C, 0x8DFD, 0xD7BF, 0xB75E, 0xD7BF, 0x4373, 0xB75E, 0x4373, 0x8DFD, 0x4373, 0x8DFD, 0xBE9C, 0xB75E,
  0x4373, 0xBE9C, 0xA512, 0xC590, 0xFF78, 0xC590, 0xBE9C, 0x4373, 0x8DFD, 0x4373, 0xBE9C, 0x4373, 0xD7BF,
  0xB75E, 0xD7BF, 0xBE9C, 0x4373, 0xD7BF, 0x4373, 0xFF58, 0x4373, 0xB75E, 0x4373, 0xBE9C, 0xD7BF, 0xB75E,
  0xD7BF, 0x8DFD, 0xA512, 0x8DFD, 0xBE9C, 0x8DFD, 0xBE9C, 0x8DFD, 0xBE9C, 0xD7BF, 0xB75E, 0xD7BF, 0x4373,
  0xB75E, 0x4373, 0x8DFD, 0x4373, 0x8DFD, 0xB75E, 0x8DFD, 0x4373, 0xBE9C, 0xA512, 0xC590, 0xFF78, 0xC590,
  0xBE9C, 0x4373, 0x8DFD, 0x4373, 0xBE9C, 0x4373, 0xD7BF, 0xB75E, 0xD7BF, 0xBE9C, 0x4373, 0xD7BF, 0x4373,
  0xFF58, 0x4373, 0xB75E, 0x4373, 0xBE9C, 0xD7BF, 0xB75E, 0xD7BF, 0xA512, 0x8DFD, 0xBE9C, 0xD7BF, 0xB75E,
  0xD7BF, 0xB75E, 0xD7BF, 0x4373, 0xB75E, 0x4373, 0x8DFD, 0x4373, 0xB75E, 0xBE9C, 0x4373, 0xBE9C, 0xA512,
  0xC590, 0xFF78, 0xC590, 0xBE9C, 0x4373, 0x8DFD, 0x4373, 0xD7BF, 0xB75E, 0xBE9C, 0x4373, 0xD7BF, 0x4373,
  0xFF58, 0x4373, 0xB75E, 0x4373, 0xBE9C, 0xD7BF, 0xB75E, 0xD7BF, 0xA512, 0xBE9C, 0xD7BF, 0xB75E, 0xD7BF,
  0xB75E, 0xD7BF, 0x4373, 0xB75E, 0x8DFD, 0xB75E, 0x4373, 0x8DFD, 0x4373, 0x8DFD, 0xB75E, 0xBE9C, 0xB75E,
  0x4373, 0xBE9C, 0xA512, 0xC590, 0xFF78, 0xC590, 0xBE9C, 0x4373, 0x8DFD, 0x4373, 0xD7BF, 0xB75E, 0xD7BF,
  0xBE9C, 0x4373, 0xD7BF, 0x4373, 0xFF58, 0xA512, 0xFF58, 0xA512, 0xFF58, 0xA512, 0xFF58, 0xBE9C, 0xFF58,
  0x4373, 0xB75E, 0x4373, 0xBE9C, 0xD7BF, 0xB75E, 0xD7BF, 0xBE9C, 0xD7BF, 0xB75E, 0xD7BF, 0xB75E, 0xD7BF,
  0x4373, 0xB75E, 0x8DFD, 0xB75E, 0x4373, 0x8DFD, 0x4373, 0x8DFD, 0xBE9C, 0xB75E, 0x4373, 0xBE9C, 0xA512,
  0xC590, 0xFF78, 0xC590, 0xBE9C, 0x4373, 0x8DFD, 0x4373, 0xBE9C, 0x4373, 0xD7BF, 0xBE9C, 0x4373, 0xD7BF,
  0x4373, 0xFF58, 0xA512, 0xFF58, 0xA512, 0xFF58, 0xA512, 0xFF58, 0xBE9C, 0xFF58, 0x4373, 0xB75E, 0x4373,
  0xBE9C, 0xD7BF, 0xB75E, 0xD7BF, 0xB75E, 0xD7BF, 0xB75E, 0xD7BF, 0x4373, 0xB75E, 0x4373, 0x8DFD, 0x4373,
  0xBE9C, 0xB75E, 0x8DFD, 0x4373, 0xB75E, 0xBE9C, 0xA512, 0xC590, 0xFF78, 0xC590, 0xBE9C, 0x4373, 0x8DFD,
  0x4373, 0xBE9C, 0x4373, 0xD7BF, 0xBE9C, 0x4373, 0xD7BF, 0x4373, 0xFF58, 0x4373, 0xB75E, 0x8DFD, 0xB75E,
  0x4373, 0xBE9C, 0xD7BF, 0xB75E, 0xD7BF, 0xB75E, 0xD7BF, 0xB75E, 0xD7BF, 0x4373, 0xB75E, 0x4373, 0x8DFD,
  0x4373, 0xBE9C, 0xB75E, 0xBE9C, 0xB75E, 0x4373, 0xA512, 0xC590, 0xFF78, 0xC590, 0xBE9C, 0x4373, 0x8DFD,
  0x4373, 0xBE9C, 0x8DFD, 0x4373, 0xD7BF, 0xBE9C, 0x4373, 0xD7BF, 0x4373, 0xFF58, 0x4373, 0x8DFD, 0x4373,
  0x8DFD, 0xD7BF, 0xB75E, 0xD7BF, 0xB75E, 0xD7BF, 0xB75E, 0xD7BF, 0x4373, 0xB75E, 0x4373, 0x8DFD, 0x4373,
  0xBE9C, 0xB75E, 0xBE9C, 0xB75E, 0x4373, 0xA512, 0xC590, 0xFF78, 0xC590, 0xBE9C, 0x4373, 0x8DFD, 0x4373,
  0xBE9C, 0x8DFD, 0x4373, 0xD7BF, 0x4373, 0xD7BF, 0x4373, 0xFF58, 0x4373, 0x8DFD, 0x4373, 0xD7BF, 0xB75E,
  0xD7BF, 0xB75E, 0xD7BF, 0xB75E, 0xD7BF, 0x4373, 0xB75E, 0x4373, 0x8DFD, 0x4373, 0xBE9C, 0xB75E, 0xBE9C,
  0x4373, 0xA512, 0xC590, 0xFF78, 0xC590, 0xBE9C, 0x4373, 0x8DFD, 0x4373, 0xBE9C, 0x8DFD, 0x4373, 0xD7BF,
  0xBE9C, 0x4373, 0xD7BF, 0x4373, 0xFF58, 0x4373, 0xD7BF, 0x8DFD, 0xD7BF, 0x4373, 0xD7BF, 0xB75E, 0xD7BF,
  0xB75E, 0xD7BF, 0xB75E, 0xD7BF, 0x4373, 0xB75E, 0x4373, 0x8DFD, 0x4373, 0xBE9C, 0xB75E, 0xBE9C, 0x4373,
  0xA512, 0xC590, 0xFF78, 0xC590, 0xBE9C, 0x4373, 0xBE9C, 0x8DFD, 0x4373, 0xD7BF, 0xBE9C, 0x4373, 0xD7BF,
  0x4373, 0xDCAE, 0xFF58, 0xDCAE, 0x4373, 0xD7BF, 0x8DFD, 0xD7BF, 0x4373, 0x8DFD, 0xD7BF, 0xB75E, 0xD7BF,
  0xB75E, 0xD7BF, 0xB75E, 0xD7BF, 0x4373, 0xB75E, 0x4373, 0x8DFD, 0x4373, 0x8DFD, 0xBE9C, 0xB75E, 0xBE9C,
  0x4373, 0xA512, 0xC590, 0xFF78, 0xC590, 0xBE9C, 0x4373, 0xBE9C, 0x8DFD, 0x4373, 0x8DFD, 0x4373, 0xD7BF,
  0xBE9C, 0x4373, 0xD7BF, 0x4373, 0xDCAE, 0xFF58, 0xDCAE, 0xFF58, 0xDCAE, 0x4373, 0xA512, 0x8DFD, 0x4373,
  0x8DFD, 0xD7BF, 0xB75E, 0xD7BF, 0xB75E, 0xD7BF, 0xB75E, 0xD7BF, 0x4373, 0xB75E, 0x4373, 0x8DFD, 0x4373,
  0x8DFD, 0xB75E, 0xBE9C, 0x4373, 0xA512, 0xC590, 0xFF78, 0xC590, 0xBE9C, 0x4373, 0xBE9C, 0x8DFD, 0x4373,
  0x8DFD, 0x4373, 0xD7BF, 0xBE9C, 0x4373, 0xD7BF, 0x4373, 0xDCAE, 0x4373, 0x8DFD, 0x4373, 0xD7BF, 0xB75E,
  0xD7BF, 0xB75E, 0xD7BF, 0x4373, 0xB75E, 0x4373, 0x8DFD, 0x4373, 0x8DFD, 0xB75E, 0xBE9C, 0x4373, 0xA512,
  0xC590, 0xFF78, 0xC590, 0xBE9C, 0x4373, 0xBE9C, 0x8DFD, 0x4373, 0xB75E, 0x8DFD, 0x4373, 0xD7BF, 0xBE9C,
  0x4373, 0xD7BF, 0x4373, 0xDCAE, 0xFF58, 0x4373, 0xB75E, 0x8DFD, 0xB75E, 0x4373, 0xD7BF, 0xB75E, 0xD7BF,
  0xB75E, 0xD7BF, 0x4373, 0xB75E, 0x4373, 0x8DFD, 0x4373, 0x8DFD, 0xB75E, 0xBE9C, 0xB75E, 0xBE9C, 0xB75E,
  0x4373, 0xA512, 0xC590, 0xFF78, 0xC590, 0xBE9C, 0x4373, 0xBE9C, 0x4373, 0x8DFD, 0x4373, 0x8DFD, 0xB75E,
  0x4373, 0xD7BF, 0xB75E, 0xD7BF, 0x4373, 0xA512, 0x8DFD, 0x4373, 0xFF58, 0xDCAE, 0xFF58, 0xDCAE, 0xFF58,
  0xDCAE, 0xFF58, 0xDCAE, 0xFF58, 0x4373, 0xB75E, 0x8DFD, 0xB75E, 0x4373, 0x8DFD, 0xD7BF, 0xB75E, 0xD7BF,
  0x4373, 0xD7BF, 0xB75E, 0xD7BF, 0x4373, 0xB75E, 0x4373, 0x8DFD, 0x4373, 0x8DFD, 0xB75E, 0xBE9C, 0x4373,
  0xA512, 0xC590, 0xFF78, 0xC590, 0xBE9C, 0x4373, 0xBE9C, 0x4373, 0x8DFD, 0x4373, 0x8DFD, 0xB75E, 0x4373,
  0xD7BF, 0xB75E, 0xD7BF, 0x4373, 0xA512, 0x8DFD, 0x4373, 0xFF58, 0x4373, 0xB75E, 0x8DFD, 0xB75E, 0x4373,
  0x8DFD, 0xD7BF, 0x4373, 0xD7BF, 0x4373, 0xB75E, 0x4373, 0x8DFD, 0x4373, 0x8DFD, 0x4373, 0xB75E, 0xBE9C,
  0x4373, 0xA512, 0xC590, 0xFF78, 0xC590, 0xA512, 0x4373, 0xBE9C, 0x8DFD, 0x4373, 0x8DFD, 0xB75E, 0x4373,
  0xD7BF, 0xB75E, 0xD7BF, 0x4373, 0xA512, 0x8DFD, 0x4373, 0xFF58, 0x4373, 0xB75E, 0x8DFD, 0xB75E, 0x4373,
  0x8DFD, 0xD7BF, 0xBE9C, 0x4373, 0x8DFD, 0xD7BF, 0x4373, 0xB75E, 0x4373, 0x8DFD, 0x4373, 0x8DFD, 0x4373,
  0xB75E, 0xBE9C, 0x4373, 0xA512, 0xC590, 0xFF78, 0xC590, 0xA512, 0xBE9C, 0x4373, 0x8DFD, 0x4373, 0x8DFD,
  0xB75E, 0x4373, 0xD7BF, 0xB75E, 0xD7BF, 0x4373, 0xA512, 0x8DFD, 0x4373, 0xA512, 0xFF58, 0x4373, 0xB75E,
  0x4373, 0x8DFD, 0xD7BF, 0x8DFD, 0x4373, 0xBE9C, 0x4373, 0xA512, 0xB75E, 0x8DFD, 0x4373, 0xBE9C, 0x8DFD,
  0xB75E, 0x4373, 0x8DFD, 0xBE9C, 0x8DFD, 0xB75E, 0x8DFD, 0xBE9C, 0x8DFD, 0xB75E, 0x4373, 0xBE9C, 0x8DFD,
  0xB75E, 0x4373, 0xBE9C, 0x8DFD, 0x4373, 0x8DFD, 0xB75E, 0x4373, 0x8DFD, 0x4373, 0x8DFD, 0x4373, 0x8DFD,
  0xBE9C, 0x4373, 0xA512, 0xC590, 0xFF78, 0xC590, 0xA512, 0xBE9C, 0x4373, 0x8DFD, 0x4373, 0x8DFD, 0xB75E,
  0x4373, 0xD7BF, 0xB75E, 0xD7BF, 0x4373, 0xD7BF, 0x4373, 0xFF58, 0x4373, 0xB75E, 0x4373, 0xD7BF, 0x4373,
  0xB75E, 0xBE9C, 0xB75E, 0xBE9C, 0xB75E, 0xBE9C, 0xB75E, 0xBE9C, 0xB75E, 0xBE9C, 0xB75E, 0xBE9C, 0x8DFD,
  0x4373, 0x8DFD, 0xB75E, 0x4373, 0x8DFD, 0x4373, 0x8DFD, 0x4373, 0xBE9C, 0x4373, 0xA512, 0xC590, 0xFF78,
  0xC590, 0xBE9C, 0x4373, 0x8DFD, 0x4373, 0x8DFD, 0xB75E, 0x4373, 0xD7BF, 0xB75E, 0xD7BF, 0xBE9C, 0x4373,
  0xD7BF, 0x4373, 0xFF58, 0x4373, 0xB75E, 0x4373, 0xD7BF, 0x4373, 0xB75E, 0xBE9C, 0xB75E, 0xBE9C, 0xB75E,
  0xBE9C, 0xB75E, 0xBE9C, 0x4373, 0xB75E, 0x4373, 0x8DFD, 0x4373, 0x8DFD, 0x4373, 0xBE9C, 0x4373, 0xA512,
  0xC590, 0xFF78, 0xC590, 0xBE9C, 0x4373, 0x8DFD, 0x4373, 0x8DFD, 0xB75E, 0x4373, 0xD7BF, 0xB75E, 0xD7BF,
  0xBE9C, 0x4373, 0xA512, 0x8DFD, 0x4373, 0xFF58, 0xBE9C, 0x4373, 0xB75E, 0x4373, 0x8DFD, 0xD7BF, 0xA512,
  0x4373, 0xBE9C, 0xE79F, 0xBE9C, 0xE79F, 0xBE9C, 0x8DFD, 0x4373, 0xB75E, 0x8DFD, 0x4373, 0x8DFD, 0x4373,
  0x8DFD, 0x4373, 0x8DFD, 0x4373, 0xBE9C, 0x4373, 0xA512, 0xC590, 0xFF78, 0xC590, 0xBE9C, 0x4373, 0x8DFD,
  0x4373, 0x8DFD, 0xB75E, 0x4373, 0xD7BF, 0xB75E, 0xD7BF, 0xBE9C, 0x4373, 0xA512, 0xB75E, 0x8DFD, 0x4373,
  0xA512, 0xFF58, 0xA512, 0x8DFD, 0xB75E, 0x4373, 0x8DFD, 0xA512, 0x8DFD, 0xBE9C, 0x8DFD, 0xB75E, 0xBE9C,
  0x8DFD, 0xBE9C, 0x8DFD, 0x4373, 0x8DFD, 0x4373, 0x8DFD, 0x4373, 0x8DFD, 0x4373, 0x8DFD, 0xBE9C, 0x4373,
  0xB75E, 0x4373, 0xA512, 0xC590, 0xFF78, 0xC590, 0xBE9C, 0x4373, 0x8DFD, 0x4373, 0x8DFD, 0xB75E, 0x4373,
  0xD7BF, 0xB75E, 0xD7BF, 0x4373, 0xB75E, 0xD7BF, 0xB75E, 0xBE9C, 0x4373, 0xA512, 0xD7BF, 0xB75E, 0x4373,
  0x8DFD, 0x4373, 0x8DFD, 0xBE9C, 0xB75E, 0xBE9C, 0xE79F, 0xBE9C, 0xE79F, 0xBE9C, 0xB75E, 0x4373, 0x8DFD,
  0x4373, 0x8DFD, 0x4373, 0x8DFD, 0x4373, 0xBE9C, 0x4373, 0xB75E, 0x4373, 0xA512, 0xC590, 0xFF78, 0xC590,
  0xBE9C, 0x4373, 0x8DFD, 0x4373, 0x8DFD, 0xB75E, 0x4373, 0xD7BF, 0xB75E, 0xD7BF, 0xBE9C, 0x4373, 0xA512,
  0xD7BF, 0xB75E, 0x4373, 0xD7BF, 0xA512, 0xD7BF, 0xB75E, 0x4373, 0x8DFD, 0x4373, 0xB75E, 0xBE9C, 0xB75E,
  0xBE9C, 0xD7BF, 0xE79F, 0xBE9C, 0xE79F, 0xBE9C, 0xB75E, 0x4373, 0x8DFD, 0x4373, 0x8DFD, 0x4373, 0xBE9C,
  0x8DFD, 0x4373, 0xB75E, 0x4373, 0xA512, 0xC590, 0xFF78, 0xC590, 0xBE9C, 0x4373, 0x8DFD, 0x4373, 0x8DFD,
  0xB75E, 0x4373, 0xD7BF, 0xB75E, 0xD7BF, 0xBE9C, 0x4373, 0xA512, 0xD7BF, 0xB75E, 0xD7BF, 0xB75E, 0x4373,
  0x8DFD, 0x4373, 0x8DFD, 0xB75E, 0xBE9C, 0xB75E, 0xBE9C, 0xB75E, 0xBE9C, 0xB75E, 0x4373, 0x8DFD, 0x4373,
  0x8DFD, 0x4373, 0x8DFD, 0xBE9C, 0x4373, 0xBE9C, 0xA512, 0xC590, 0xFF78, 0xC590, 0xBE9C, 0x4373, 0x8DFD,
  0x4373, 0x8DFD, 0xB75E, 0x4373, 0xD7BF, 0xB75E, 0xD7BF, 0xBE9C, 0x4373, 0xD7BF, 0xB75E, 0xD7BF, 0xB75E,
  0x4373, 0xD7BF, 0x4373, 0x8DFD, 0xBE9C, 0xB75E, 0xBE9C, 0xB75E, 0xBE9C, 0xB75E, 0x4373, 0x8DFD, 0x4373,
  0x8DFD, 0x4373, 0x8DFD, 0xB75E, 0xBE9C, 0xB75E, 0x4373, 0xBE9C, 0xA512, 0xC590, 0xFF78, 0xC590, 0xBE9C,
  0x4373, 0x8DFD, 0x4373, 0x8DFD, 0xB75E, 0x4373, 0xD7BF, 0xBE9C, 0x4373, 0xD7BF, 0xB75E, 0xD7BF, 0xB75E,
  0x4373, 0xD7BF, 0x4373, 0xBE9C, 0xB75E, 0xBE9C, 0xB75E, 0xBE9C, 0xB75E, 0x4373, 0x8DFD, 0x4373, 0x8DFD,
  0x4373, 0xB75E, 0xBE9C, 0xB75E, 0x4373, 0xBE9C, 0xA512, 0xC590, 0xFF78, 0xC590, 0xBE9C, 0x4373, 0x8DFD,
  0x4373, 0x8DFD, 0xB75E, 0x4373, 0xD7BF, 0xBE9C, 0x4373, 0xD7BF, 0xB75E, 0xD7BF, 0xB75E, 0x4373, 0xD7BF,
  0x4373, 0xBE9C, 0xB75E, 0xBE9C, 0x4373, 0x8DFD, 0xBE9C, 0xB75E, 0xBE9C, 0xB75E, 0x4373, 0x8DFD, 0x4373,
  0x8DFD, 0x4373, 0xB75E, 0xBE9C, 0xB75E, 0x4373, 0xBE9C, 0xA512, 0xC590, 0xFF78, 0xC590, 0xBE9C, 0x4373,
  0x8DFD, 0x4373, 0x8DFD, 0xB75E, 0x4373, 0xD7BF, 0x4373, 0xD7BF, 0xB75E, 0xD7BF, 0xB75E, 0x4373, 0xD7BF,
  0x4373, 0xBE9C, 0xB75E, 0x4373, 0x8DFD, 0xBE9C, 0x4373, 0xA512, 0xBE9C, 0xB75E, 0x4373, 0x8DFD, 0x4373,
  0x8DFD, 0x4373, 0xB75E, 0xBE9C, 0x8DFD, 0x4373, 0xBE9C, 0xC590, 0xFF78, 0xC590, 0xA512, 0x4373, 0x8DFD,
  0x4373, 0x8DFD, 0xB75E, 0x4373, 0xD7BF, 0x4373, 0xD7BF, 0xB75E, 0xD7BF, 0xB75E, 0x4373, 0xD7BF, 0x4373,
  0xBE9C, 0xB75E, 0xBE9C, 0x4373, 0x8DFD, 0xBE9C, 0x4373, 0xBE9C, 0x4373, 0x8DFD, 0x4373, 0x8DFD, 0x4373,
  0x8DFD, 0x4373, 0xB75E, 0xBE9C, 0x8DFD, 0x4373, 0xBE9C, 0xC590, 0xFF78, 0xC590, 0x4373, 0x8DFD, 0x4373,
  0x8DFD, 0xB75E, 0x8DFD, 0x4373, 0xD7BF, 0x4373, 0xD7BF, 0xB75E, 0xD7BF, 0xB75E, 0x4373, 0x8DFD, 0xD7BF,
  0x4373, 0xBE9C, 0x4373, 0xBE9C, 0x4373, 0x8DFD, 0x4373, 0x8DFD, 0x4373, 0x8DFD, 0x4373, 0xB75E, 0xBE9C,
  0x4373, 0xBE9C, 0xC590, 0xFF78, 0xC590, 0xA512, 0x4373, 0x8DFD, 0x4373, 0x8DFD, 0xB75E, 0x8DFD, 0x4373,
  0xD7BF, 0xB75E, 0xD7BF, 0x4373, 0xD7BF, 0xB75E, 0xD7BF, 0xB75E, 0x4373, 0x8DFD, 0xD7BF, 0x4373, 0xBE9C,
  0x8DFD, 0x4373, 0x8DFD, 0xBE9C, 0x4373, 0x8DFD, 0x4373, 0x8DFD, 0x4373, 0x8DFD, 0x4373, 0xB75E, 0xBE9C,
  0x4373, 0xBE9C, 0xC590, 0xFF78, 0xC590, 0xA512, 0x8DFD, 0x4373, 0x8DFD, 0xB75E, 0x8DFD, 0x4373, 0xD7BF,
  0xB75E, 0xD7BF, 0x4373, 0xD7BF, 0xB75E, 0xD7BF, 0xB75E, 0x4373, 0x8DFD, 0xD7BF, 0xA512, 0x4373, 0xB75E,
  0xBE9C, 0xB75E, 0x8DFD, 0xBE9C, 0x8DFD, 0xB75E, 0x8DFD, 0xB75E, 0x8DFD, 0xBE9C, 0x8DFD, 0x4373, 0xB75E,
  0x4373, 0x8DFD, 0x4373, 0x8DFD, 0x4373, 0xB75E, 0x8DFD, 0x4373, 0xBE9C, 0xA512, 0xC590, 0xFF78, 0xC590,
  0x8DFD, 0x4373, 0x8DFD, 0xB75E, 0x4373, 0xD7BF, 0xB75E, 0xD7BF, 0x4373, 0xD7BF, 0xB75E, 0xD7BF, 0x8DFD,
  0x4373, 0x8DFD, 0xD7BF, 0xA512, 0x4373, 0x8DFD, 0xBE9C, 0xB75E, 0xBE9C, 0xB75E, 0xBE9C, 0xB75E, 0xBE9C,
  0x8DFD, 0x4373, 0xB75E, 0x4373, 0x8DFD, 0x4373, 0x8DFD, 0x4373, 0xB75E, 0x8DFD, 0x4373, 0xBE9C, 0xC590,
  0xFF78, 0xC590, 0x8DFD, 0x4373, 0x8DFD, 0xB75E, 0x4373, 0xD7BF, 0xB75E, 0xD7BF, 0x4373, 0xD7BF, 0xB75E,
  0xD7BF, 0x8DFD, 0x4373, 0xD7BF, 0xBE9C, 0x4373, 0xB75E, 0xBE9C, 0xB75E, 0xBE9C, 0xB75E, 0xBE9C, 0x8DFD,
  0x4373, 0xB75E, 0x4373, 0x8DFD, 0x4373, 0x8DFD, 0x4373, 0xB75E, 0x4373, 0xBE9C, 0xC590, 0xFF78, 0xC590,
  0x4373, 0x8DFD, 0xB75E, 0x4373, 0xD7BF, 0xB75E, 0xD7BF, 0x4373, 0xD7BF, 0xB75E, 0xD7BF, 0x4373, 0xD7BF,
  0x4373, 0xB75E, 0xBE9C, 0xB75E, 0xBE9C, 0xB75E, 0xBE9C, 0xB75E, 0xBE9C, 0xB75E, 0x4373, 0xB75E, 0x4373,
  0x8DFD, 0x4373, 0x8DFD, 0x4373, 0xB75E, 0x8DFD, 0x4373, 0xBE9C, 0xC590, 0xFF78, 0xC590, 0x4373, 0x8DFD,
  0xB75E, 0x4373, 0xA512, 0x4373, 0xA512, 0xD7BF, 0x4373, 0xD7BF, 0x4373, 0xA512, 0x4373, 0xA512, 0x4373,
  0xB75E, 0x4373, 0x8DFD, 0x4373, 0x8DFD, 0x4373, 0xB75E, 0x8DFD, 0x4373, 0xB75E, 0xBE9C, 0xC590, 0xFF78,
  0xC590, 0xA512, 0x8DFD, 0xB75E, 0x4373, 0xA512, 0xD7BF, 0xB75E, 0x4373, 0x8DFD, 0x4373, 0x8DFD, 0x4373,
  0xB75E, 0xBE9C, 0x4373, 0xBE9C, 0xB75E, 0xBE9C, 0xC590, 0xFF78, 0xC590, 0xA512, 0x8DFD, 0xB75E, 0x4373,
  0xD7BF, 0xB75E, 0x4373, 0x8DFD, 0x4373, 0x8DFD, 0x4373, 0xB75E, 0xBE9C, 0x4373, 0xBE9C, 0xC590, 0xFF78,
  0xC590, 0xA512, 0x8DFD, 0xB75E, 0x4373, 0xD7BF, 0xB75E, 0x4373, 0x8DFD, 0x4373, 0x8DFD, 0x4373, 0xB75E,
  0x8DFD, 0x4373, 0xBE9C, 0xC590, 0xFF78, 0xC590, 0xA512, 0xB75E, 0xD7BF, 0x8DFD, 0x4373, 0x8DFD, 0x4373,
  0x8DFD, 0x4373, 0x8DFD, 0x4373, 0xBE9C, 0xB75E, 0x4373, 0xB75E, 0x8DFD, 0x4373, 0x8DFD, 0x4373, 0x8DFD,
  0x4373, 0xB75E, 0x8DFD, 0x4373, 0xBE9C, 0xB75E, 0xBE9C, 0xC590, 0xFF78, 0xC590, 0xB75E, 0xD7BF, 0x8DFD,
  0x4373, 0x8DFD, 0x4373, 0x8DFD, 0x4373, 0x8DFD, 0x4373, 0xBE9C, 0xD7BF, 0xB75E, 0xD7BF, 0xBE9C, 0x4373,
  0x8DFD, 0x4373, 0xB75E, 0x8DFD, 0x4373, 0x8DFD, 0x4373, 0x8DFD, 0x4373, 0xB75E, 0x4373, 0xB75E, 0xC590,
  0xFF78, 0xC590, 0xB75E, 0x8DFD, 0x4373, 0x8DFD, 0x4373, 0x8DFD, 0x4373, 0x8DFD, 0x4373, 0xD7BF, 0xE79F,
  0xBE9C, 0x4373, 0x8DFD, 0x4373, 0x8DFD, 0x4373, 0x8DFD, 0x4373, 0x8DFD, 0x4373, 0xB75E, 0x4373, 0xB75E,
  0xC590, 0xFF78, 0xC590, 0xB75E, 0x4373, 0x8DFD, 0x4373, 0x8DFD, 0x4373, 0x8DFD, 0x4373, 0xA512, 0xE79F,
  0xBE9C, 0x4373, 0x8DFD, 0x4373, 0x8DFD, 0x4373, 0xB75E, 0x4373, 0x8DFD, 0x4373, 0x8DFD, 0x4373, 0xB75E,
  0x4373, 0xB75E, 0xC590, 0xFF78, 0xC590, 0xB75E, 0xD7BF, 0x4373, 0x8DFD, 0x4373, 0x8DFD, 0x4373, 0x8DFD,
  0x4373, 0xA512, 0xE79F, 0xBE9C, 0x4373, 0x8DFD, 0x4373, 0x8DFD, 0x4373, 0x8DFD, 0x4373, 0x8DFD, 0x4373,
  0xB75E, 0x4373, 0xB75E, 0xC590, 0xFF78, 0xC590, 0xB75E, 0x4373, 0x8DFD, 0x4373, 0x8DFD, 0x4373, 0x8DFD,
  0x4373, 0x8DFD, 0x4373, 0xE79F, 0xBE9C, 0x4373, 0x8DFD, 0x4373, 0x8DFD, 0x4373, 0x8DFD, 0x4373, 0x8DFD,
  0x4373, 0xB75E, 0x4373, 0xB75E, 0xC590, 0xFF78, 0xC590, 0xB75E, 0x4373, 0x8DFD, 0x4373, 0x8DFD, 0x4373,
  0x8DFD, 0x4373, 0x8DFD, 0x4373, 0xE7DF, 0xE79F, 0x8DFD, 0x4373, 0x8DFD, 0x4373, 0x8DFD, 0x4373, 0x8DFD,
  0x4373, 0x8DFD, 0x4373, 0xB75E, 0x4373, 0xB75E, 0xC590, 0xFF78, 0xC590, 0xB75E, 0x8DFD, 0x4373, 0x8DFD,
  0x4373, 0x8DFD, 0x4373, 0x8DFD, 0x4373, 0x8DFD, 0x4373, 0xE7DF, 0xE79F, 0x8DFD, 0x4373, 0x8DFD, 0x4373,
  0x8DFD, 0x4373, 0x8DFD, 0x4373, 0x8DFD, 0x4373, 0xB75E, 0x8DFD, 0x4373, 0xB75E, 0xC590, 0xFF78, 0xC590,
  0xB75E, 0xD7BF, 0x8DFD, 0x4373, 0x8DFD, 0x4373, 0x8DFD, 0x4373, 0x8DFD, 0x4373, 0x8DFD, 0x4373, 0xE7DF,
  0xE79F, 0x8DFD, 0x4373, 0x8DFD, 0x4373, 0x8DFD, 0x4373, 0x8DFD, 0x4373, 0x8DFD, 0x4373, 0xB75E, 0x8DFD,
  0x4373, 0xB75E, 0xC590, 0xFF78, 0xC590, 0xB75E, 0xD7BF, 0x4373, 0x8DFD, 0x4373, 0xE79F, 0xBE9C, 0x4373,
  0x8DFD, 0x4373, 0x8DFD, 0x4373, 0x8DFD, 0x4373, 0xB75E, 0xBE9C, 0x4373, 0xB75E, 0xBE9C, 0xC590, 0xFF78,
  0xC590, 0xB75E, 0xD7BF, 0x4373, 0x8DFD, 0x4373, 0xE79F, 0xBE9C, 0x4373, 0x8DFD, 0x4373, 0x8DFD, 0x4373,
  0x8DFD, 0x4373, 0xB75E, 0xBE9C, 0x4373, 0xB75E, 0xBE9C, 0xC590, 0xFF78, 0xC590, 0xB75E, 0x4373, 0x8DFD,
  0x4373, 0xBE9C, 0xA512, 0x8DFD, 0xA512, 0x4373, 0xBE9C, 0xA512, 0x4373, 0xA512, 0x4373, 0xBE9C, 0xA512,
  0xE79F, 0xBE9C, 0x4373, 0xBE9C, 0xA512, 0x4373, 0x8DFD, 0x4373, 0x8DFD, 0x4373, 0x8DFD, 0x4373, 0xB75E,
  0x8DFD, 0x4373, 0xB75E, 0xBE9C, 0xC590, 0xFF78, 0xC590, 0xB75E, 0x8DFD, 0x4373, 0x8DFD, 0x4373, 0xBE9C,
  0x4373, 0xBE9C, 0xA512, 0x4373, 0xA512, 0xBE9C, 0xA512, 0x4373, 0xBE9C, 0xA512, 0x4373, 0xE79F, 0xBE9C,
  0x4373, 0xBE9C, 0x8DFD, 0xA512, 0x4373, 0x8DFD, 0x4373, 0x8DFD, 0x4373, 0x8DFD, 0x4373, 0xB75E, 0x8DFD,
  0x4373, 0xB75E, 0xBE9C, 0xC590, 0xFF78, 0xC590, 0xB75E, 0xBE9C, 0x4373, 0x8DFD, 0x4373, 0xBE9C, 0xD7BF,
  0xBE9C, 0x4373, 0xBE9C, 0xA512, 0x8DFD, 0x4373, 0xA512, 0xBE9C, 0x4373, 0xBE9C, 0x8DFD, 0x4373, 0xE79F,
  0xB75E, 0x4373, 0xBE9C, 0x8DFD, 0xD7BF, 0x4373, 0x8DFD, 0x4373, 0x8DFD, 0x4373, 0x8DFD, 0x4373, 0xB75E,
  0x4373, 0xB75E, 0xBE9C, 0xC590, 0xFF78, 0xC590, 0xB75E, 0xD7BF, 0x4373, 0x8DFD, 0x4373, 0xD7BF, 0xBE9C,
  0xD7BF, 0x8DFD, 0xD7BF, 0xE7DF, 0xD7BF, 0xBE9C, 0xD7BF, 0x8DFD, 0x4373, 0xE79F, 0xB75E, 0x4373, 0xD7BF,
  0x4373, 0x8DFD, 0x4373, 0x8DFD, 0x4373, 0x8DFD, 0x4373, 0x8DFD, 0xB75E, 0x8DFD, 0x4373, 0xB75E, 0xBE9C,
  0xC590, 0xFF78, 0xC590, 0xB75E, 0xD7BF, 0x4373, 0x8DFD, 0x4373, 0xD7BF, 0xBE9C, 0xD7BF, 0x8DFD, 0xE7DF,
  0xD7BF, 0xBE9C, 0xD7BF, 0x4373, 0xBE9C, 0xE79F, 0xB75E, 0xD7BF, 0x4373, 0x8DFD, 0x4373, 0x8DFD, 0x4373,
  0x8DFD, 0xB75E, 0x8DFD, 0x4373, 0xB75E, 0xBE9C, 0xC590, 0xFF78, 0xC590, 0xB75E, 0xD7BF, 0x4373, 0x8DFD,
  0x4373, 0xD7BF, 0xBE9C, 0xD7BF, 0x8DFD, 0xE7DF, 0xD7BF, 0xBE9C, 0xD7BF, 0x8DFD, 0x4373, 0x8DFD, 0xE79F,
  0xBE9C, 0x8DFD, 0x4373, 0xD7BF, 0x4373, 0x8DFD, 0x4373, 0x8DFD, 0x4373, 0xBE9C, 0xB75E, 0x8DFD, 0x4373,
  0xB75E, 0xBE9C, 0xB75E, 0xC590, 0xFF78, 0xC590, 0xB75E, 0x8DFD, 0x4373, 0x8DFD, 0x4373, 0x8DFD, 0xD7BF,
  0xBE9C, 0xD7BF, 0x8DFD, 0xBE9C, 0xE7DF, 0xD7BF, 0xBE9C, 0xD7BF, 0x8DFD, 0xE79F, 0xBE9C, 0x8DFD, 0xBE9C,
  0xD7BF, 0x8DFD, 0x4373, 0x8DFD, 0x4373, 0x8DFD, 0x4373, 0x8DFD, 0xB75E, 0xBE9C, 0xB75E, 0x8DFD, 0x4373,
  0xB75E, 0xBE9C, 0xB75E, 0xC590, 0xFF78, 0xC590, 0xB75E, 0x8DFD, 0x4373, 0x8DFD, 0x4373, 0xD7BF, 0x8DFD,
  0xE7DF, 0xD7BF, 0x4373, 0xA512, 0xE79F, 0xBE9C, 0x4373, 0xBE9C, 0xD7BF, 0x8DFD, 0x4373, 0x8DFD, 0x4373,
  0x8DFD, 0x4373, 0x8DFD, 0xBE9C, 0xB75E, 0x4373, 0xB75E, 0xBE9C, 0xB75E, 0xBE9C, 0xB75E, 0xC590, 0xFF78,
  0xC590, 0xB75E, 0x4373, 0x8DFD, 0x4373, 0xD7BF, 0x8DFD, 0xE7DF, 0xD7BF, 0x4373, 0xE7DF, 0xE79F, 0xBE9C,
  0x4373, 0x8DFD, 0xD7BF, 0x8DFD, 0x4373, 0x8DFD, 0x4373, 0x8DFD, 0x4373, 0xBE9C, 0xB75E, 0x4373, 0xB75E,
  0xBE9C, 0xB75E, 0xBE9C, 0xB75E, 0xC590, 0xFF78, 0xC590, 0xB75E, 0xD7BF, 0x4373, 0x8DFD, 0x4373, 0x8DFD,
  0xE7DF, 0x8DFD, 0x4373, 0xE79F, 0xBE9C, 0x4373, 0x8DFD, 0x4373, 0x8DFD, 0x4373, 0x8DFD, 0x4373, 0x8DFD,
  0xBE9C, 0xB75E, 0x8DFD, 0x4373, 0xB75E, 0xBE9C, 0xB75E, 0xC590, 0xFF78, 0xC590, 0xB75E, 0xD7BF, 0x4373,
  0x8DFD, 0x4373, 0x8DFD, 0xE7DF, 0x8DFD, 0x4373, 0xBE9C, 0xE79F, 0xBE9C, 0x4373, 0x8DFD, 0x4373, 0x8DFD,
  0x4373, 0x8DFD, 0xBE9C, 0x4373, 0x8DFD, 0xBE9C, 0x8DFD, 0x4373, 0xB75E, 0xBE9C, 0xB75E, 0xC590, 0xFF78,
  0xC590, 0xB75E, 0x8DFD, 0x4373, 0x8DFD, 0xBE9C, 0x8DFD, 0x4373, 0xBE9C, 0xE79F, 0xBE9C, 0x8DFD, 0x4373,
  0x8DFD, 0x4373, 0x8DFD, 0x4373, 0xBE9C, 0x4373, 0xBE9C, 0x4373, 0xB75E, 0xBE9C, 0xB75E, 0xC590, 0xFF78,
  0xC590, 0xB75E, 0x4373, 0x8DFD, 0x4373, 0x8DFD, 0xE79F, 0xBE9C, 0x8DFD, 0x4373, 0xBE9C, 0xA512, 0xE79F,
  0xBE9C, 0x8DFD, 0x4373, 0x8DFD, 0x4373, 0x8DFD, 0x4373, 0xBE9C, 0x4373, 0xBE9C, 0x8DFD, 0x4373, 0xB75E,
  0xBE9C, 0xB75E, 0xBE9C, 0xB75E, 0xC590, 0xFF78, 0xC590, 0xB75E, 0x4373, 0x8DFD, 0xE7DF, 0xE79F, 0xE7DF,
  0x8DFD, 0x4373, 0xE7DF, 0xE79F, 0xBE9C, 0x8DFD, 0x4373, 0x8DFD, 0x4373, 0xBE9C, 0x4373, 0x8DFD, 0x4373,
  0xB75E, 0xBE9C, 0xC590, 0xFF78, 0xC590, 0xB75E, 0x4373, 0x8DFD, 0x4373, 0xBE9C, 0x4373, 0x8DFD, 0xE7DF,
  0xE79F, 0xE7DF, 0x8DFD, 0x4373, 0xE79F, 0xBE9C, 0x4373, 0x8DFD, 0x4373, 0xBE9C, 0x4373, 0xB75E, 0xBE9C,
  0xC590, 0xFF78, 0xC590, 0xB75E, 0x8DFD, 0x4373, 0x8DFD, 0x4373, 0xBE9C, 0xE79F, 0x4373, 0xD7BF, 0xE7DF,
  0x8DFD, 0xE7DF, 0xBE9C, 0x8DFD, 0x4373, 0xE79F, 0xBE9C, 0x4373, 0xBE9C, 0xE7DF, 0xBE9C, 0x4373, 0x8DFD,
  0xBE9C, 0x4373, 0xB75E, 0xBE9C, 0xC590, 0xFF78, 0xC590, 0xB75E, 0x8DFD, 0x4373, 0x8DFD, 0x4373, 0xBE9C,
  0xE79F, 0x4373, 0xA512, 0xE7DF, 0x8DFD, 0xE79F, 0xE7DF, 0x8DFD, 0x4373, 0xA512, 0xE79F, 0xBE9C, 0x4373,
  0xA512, 0xBE9C, 0xE7DF, 0xE79F, 0x4373, 0x8DFD, 0xBE9C, 0x4373, 0xB75E, 0xBE9C, 0xC590, 0xFF78, 0xC590,
  0xB75E, 0x4373, 0x8DFD, 0x4373, 0xBE9C, 0xE79F, 0x4373, 0xE7DF, 0x8DFD, 0xE7DF, 0xB75E, 0x8DFD, 0x4373,
  0xE79F, 0xD7BF, 0xE79F, 0xBE9C, 0x4373, 0xA512, 0xE7DF, 0xD7BF, 0xA512, 0x8DFD, 0xB75E, 0xBE9C, 0x4373,
  0xB75E, 0xBE9C, 0xB75E, 0xC590, 0xFF78, 0xC590, 0xB75E, 0xD7BF, 0x4373, 0x8DFD, 0x4373, 0xBE9C, 0xE79F,
  0x4373, 0xD7BF, 0xE7DF, 0xD7BF, 0xE7DF, 0xD7BF, 0x8DFD, 0xE7DF, 0xD7BF, 0xE7DF, 0xD7BF, 0xBE9C, 0x4373,
  0xDCAE, 0x4373, 0xE79F, 0xBE9C, 0x8DFD, 0x4373, 0xA512, 0xDCAE, 0xA512, 0x4373, 0xD7BF, 0xE7DF, 0xD7BF,
  0xE7DF, 0xD7BF, 0xA512, 0x4373, 0xB75E, 0xBE9C, 0x4373, 0xB75E, 0xBE9C, 0xB75E, 0xC590, 0xFF78, 0xC590,
  0xB75E, 0xD7BF, 0x4373, 0x8DFD, 0x4373, 0xBE9C, 0xE79F, 0x4373, 0xD7BF, 0x8DFD, 0xE7DF, 0xD7BF, 0xA512,
  0x4373, 0xDCAE, 0x4373, 0xE79F, 0xBE9C, 0xB75E, 0x8DFD, 0x4373, 0xA512, 0xDCAE, 0xA512, 0x4373, 0xD7BF,
  0x4373, 0xBE9C, 0xB75E, 0xC590, 0xFF78, 0xC590, 0xA512, 0xB75E, 0x4373, 0x8DFD, 0x4373, 0xBE9C, 0xE79F,
  0x4373, 0xD7BF, 0xB75E, 0x8DFD, 0xD7BF, 0xA512, 0xDCAE, 0x4373, 0xA512, 0x4373, 0xE79F, 0xBE9C, 0x4373,
  0xA512, 0xDCAE, 0xA512, 0x4373, 0xD7BF, 0x8DFD, 0x4373, 0xBE9C, 0xB75E, 0xC590, 0xFF78, 0xC590, 0xD7BF,
  0x4373, 0x8DFD, 0x4373, 0xBE9C, 0xE79F, 0x4373, 0xD7BF, 0xB75E, 0x8DFD, 0xBE9C, 0xD7BF, 0x4373, 0xDCAE,
  0x4373, 0xA512, 0xB75E, 0x4373, 0xBE9C, 0xE79F, 0xBE9C, 0x4373, 0xA512, 0xDCAE, 0xA512, 0x4373, 0xBE9C,
  0xD7BF, 0x4373, 0xBE9C, 0xB75E, 0xC590, 0xFF78, 0xC590, 0xD7BF, 0x4373, 0x8DFD, 0x4373, 0xBE9C, 0xE79F,
  0x4373, 0xE7DF, 0x4373, 0xD7BF, 0x8DFD, 0xE7DF, 0xD7BF, 0x4373, 0xDCAE, 0x4373, 0xB75E, 0x4373, 0xBE9C,
  0xE79F, 0xBE9C, 0x4373, 0xA512, 0xDCAE, 0xA512, 0x4373, 0xD7BF, 0x4373, 0x8DFD, 0xB75E, 0xBE9C, 0xB75E,
  0xC590, 0xFF78, 0xC590, 0xA512, 0x4373, 0x8DFD, 0x4373, 0xBE9C, 0xE79F, 0x4373, 0xE7DF, 0x4373, 0xD7BF,
  0x8DFD, 0xE7DF, 0xD7BF, 0x4373, 0xDCAE, 0x4373, 0xD7BF, 0x4373, 0xE79F, 0x4373, 0xBE9C, 0x4373, 0xA512,
  0xDCAE, 0xA512, 0x4373, 0xBE9C, 0xD7BF, 0x4373, 0xB75E, 0xBE9C, 0xB75E, 0xC590, 0xFF78, 0xC590, 0x4373,
  0x8DFD, 0x4373, 0xBE9C, 0xE79F, 0x4373, 0xE7DF, 0x4373, 0xD7BF, 0x8DFD, 0xE7DF, 0xD7BF, 0x4373, 0xDCAE,
  0x4373, 0xD7BF, 0x4373, 0xD7BF, 0x4373, 0xA512, 0xDCAE, 0xA512, 0x4373, 0xBE9C, 0xD7BF, 0x4373, 0xB75E,
  0xBE9C, 0xB75E, 0xBE9C, 0xB75E, 0xC590, 0xFF78, 0xC590, 0x4373, 0x8DFD, 0x4373, 0xBE9C, 0xE79F, 0x4373,
  0xE7DF, 0x4373, 0xD7BF, 0x8DFD, 0xBE9C, 0xE7DF, 0xD7BF, 0x4373, 0xDCAE, 0x4373, 0xD7BF, 0x4373, 0xD7BF,
  0x8DFD, 0xA512, 0xDCAE, 0xA512, 0x4373, 0xBE9C, 0xD7BF, 0xA512, 0x4373, 0xB75E, 0xBE9C, 0xB75E, 0xBE9C,
  0xB75E, 0xC590, 0xFF78, 0xC590, 0x4373, 0x8DFD, 0x4373, 0xBE9C, 0xE79F, 0x4373, 0xE7DF, 0x4373, 0xD7BF,
  0x8DFD, 0xBE9C, 0xE7DF, 0xD7BF, 0x4373, 0xA512, 0xDCAE, 0xA512, 0x4373, 0x8DFD, 0xD7BF, 0x8DFD, 0xD7BF,
  0xA512, 0xDCAE, 0xA512, 0x4373, 0xD7BF, 0x8DFD, 0x4373, 0x8DFD, 0xBE9C, 0xB75E, 0xBE9C, 0xC590, 0xFF78,
  0xC590, 0x8DFD, 0x4373, 0xD7BF, 0x4373, 0xBE9C, 0xE79F, 0x4373, 0xE7DF, 0x4373, 0xD7BF, 0x8DFD, 0xE7DF,
  0xD7BF, 0x8DFD, 0x4373, 0xA512, 0xDCAE, 0xA512, 0x4373, 0xD7BF, 0x4373, 0xA512, 0xDCAE, 0x4373, 0xD7BF,
  0xB75E, 0x4373, 0x8DFD, 0xBE9C, 0xB75E, 0xBE9C, 0xC590, 0xFF78, 0xC590, 0x8DFD, 0x4373, 0xD7BF, 0x4373,
  0xBE9C, 0xE79F, 0x4373, 0xE7DF, 0x4373, 0xD7BF, 0x8DFD, 0xE7DF, 0xD7BF, 0x4373, 0xA512, 0xDCAE, 0xA512,
  0x4373, 0xD7BF, 0x4373, 0xA512, 0xDCAE, 0x4373, 0xD7BF, 0xB75E, 0x4373, 0xBE9C, 0xC590, 0xFF78, 0xC590,
  0x8DFD, 0x4373, 0xD7BF, 0x4373, 0xBE9C, 0xE79F, 0x4373, 0xE7DF, 0x4373, 0xD7BF, 0x8DFD, 0xE7DF, 0xD7BF,
  0x4373, 0xA512, 0xDCAE, 0xA512, 0x4373, 0xD7BF, 0x4373, 0xDCAE, 0x4373, 0xD7BF, 0x4373, 0xA512, 0xBE9C,
  0xC590, 0xFF78, 0xC590, 0x8DFD, 0xD7BF, 0x4373, 0xBE9C, 0xE79F, 0x4373, 0xE7DF, 0x4373, 0xD7BF, 0xB75E,
  0x8DFD, 0xE79F, 0xE7DF, 0xD7BF, 0xBE9C, 0xA512, 0x4373, 0xA512, 0xD7BF, 0x8DFD, 0x4373, 0xA512, 0x8DFD,
  0xD7BF, 0x8DFD, 0xA512, 0xBE9C, 0xC590, 0xFF78, 0xC590, 0x8DFD, 0xD7BF, 0x4373, 0xBE9C, 0xE79F, 0x4373,
  0xE7DF, 0x4373, 0xD7BF, 0xB75E, 0x8DFD, 0xBE9C, 0xE7DF, 0xD7BF, 0xBE9C, 0xA512, 0x4373, 0xA512, 0xBE9C,
  0xD7BF, 0x8DFD, 0x4373, 0xA512, 0x8DFD, 0xD7BF, 0x8DFD, 0x4373, 0xBE9C, 0xC590, 0xFF78, 0xC590, 0x8DFD,
  0x4373, 0x8DFD, 0xD7BF, 0x4373, 0xBE9C, 0xE79F, 0x4373, 0xA512, 0x4373, 0x8DFD, 0xD7BF, 0x8DFD, 0xE7DF,
  0x8DFD, 0xD7BF, 0x8DFD, 0xBE9C, 0x4373, 0xBE9C, 0x8DFD, 0xD7BF, 0x8DFD, 0x4373, 0x8DFD, 0xB75E, 0xD7BF,
  0xB75E, 0xD7BF, 0x8DFD, 0x4373, 0x8DFD, 0xBE9C, 0xC590, 0xFF78, 0xC590, 0x8DFD, 0x4373, 0x8DFD, 0x4373,
  0xBE9C, 0xE79F, 0x4373, 0xA512, 0x4373, 0x8DFD, 0xE7DF, 0x8DFD, 0x4373, 0xBE9C, 0x8DFD, 0x4373, 0xBE9C,
  0x8DFD, 0x4373, 0xBE9C, 0xC590, 0xFF78, 0xC590, 0x8DFD, 0x4373, 0x8DFD, 0x4373, 0xBE9C, 0xE79F, 0x4373,
  0xE79F, 0x4373, 0x8DFD, 0xE7DF, 0x8DFD, 0x4373, 0xBE9C, 0x8DFD, 0x4373, 0xBE9C, 0x8DFD, 0x4373, 0xBE9C,
  0xC590, 0xFF78, 0xC590, 0x8DFD, 0x4373, 0x8DFD, 0x4373, 0xBE9C, 0xE79F, 0x4373, 0xE79F, 0x4373, 0x8DFD,
  0xBE9C, 0xE7DF, 0x8DFD, 0x4373, 0x8DFD, 0x4373, 0xBE9C, 0x8DFD, 0x4373, 0xA512, 0xBE9C, 0x8DFD, 0x4373,
  0xA512, 0xC590, 0xFF78, 0xC590, 0x4373, 0x8DFD, 0xE7DF, 0xBE9C, 0x4373, 0xBE9C, 0xE79F, 0x4373, 0xA512,
  0x4373, 0xE7DF, 0x8DFD, 0xE7DF, 0x4373, 0x8DFD, 0xBE9C, 0xE7DF, 0x8DFD, 0xE79F, 0xE7DF, 0x8DFD, 0xA512,
  0xBE9C, 0xA512, 0xC590, 0xFF78, 0xC590, 0x4373, 0xE7DF, 0x4373, 0xBE9C, 0xE79F, 0x4373, 0xA512, 0x4373,
  0xE7DF, 0x8DFD, 0xE7DF, 0x8DFD, 0xBE9C, 0xE7DF, 0x8DFD, 0xE7DF, 0xBE9C, 0x4373, 0xA512, 0xC590, 0xFF78,
  0xC590, 0x4373, 0xA512, 0xE7DF, 0xA512, 0x4373, 0xBE9C, 0xE79F, 0x4373, 0xE7DF, 0x4373, 0xE7DF, 0x8DFD,
  0xE7DF, 0xB75E, 0x8DFD, 0xE7DF, 0x8DFD, 0xE7DF, 0xBE9C, 0x4373, 0xC590, 0xFF78, 0xC590, 0xA512, 0xD7BF,
  0xE7DF, 0xD7BF, 0xA512, 0x4373, 0xBE9C, 0xE79F, 0x4373, 0xE7DF, 0x4373, 0xD7BF, 0xE7DF, 0xD7BF, 0xE7DF,
  0xD7BF, 0x8DFD, 0xE7DF, 0xD7BF, 0xE7DF, 0xD7BF, 0xE7DF, 0xB75E, 0x8DFD, 0xE7DF, 0xD7BF, 0xE7DF, 0xD7BF,
  0x8DFD, 0xE7DF, 0xD7BF, 0xA512, 0xC590, 0xFF78, 0xC590, 0xD7BF, 0xA512, 0x4373, 0xBE9C, 0xE79F, 0x4373,
  0xE7DF, 0x4373, 0xD7BF, 0x8DFD, 0xE7DF, 0xD7BF, 0x8DFD, 0xE7DF, 0xD7BF, 0x8DFD, 0xE7DF, 0xD7BF, 0xC590,
  0xFF78, 0xC590, 0xD7BF, 0xA512, 0x4373, 0xBE9C, 0xE79F, 0x4373, 0xE7DF, 0x4373, 0xD7BF, 0x8DFD, 0xE7DF,
  0xD7BF, 0x8DFD, 0xE7DF, 0xD7BF, 0x8DFD, 0xE7DF, 0xD7BF, 0xC590, 0xFF78, 0xC590, 0xD7BF, 0x4373, 0xBE9C,
  0xE79F, 0x4373, 0xE7DF, 0x4373, 0xD7BF, 0x8DFD, 0xE7DF, 0xD7BF, 0x8DFD, 0xE7DF, 0xD7BF, 0x8DFD, 0xE7DF,
  0xD7BF, 0xC590, 0xFF78, 0xC590, 0xD7BF, 0x4373, 0xBE9C, 0xE79F, 0x4373, 0xE7DF, 0x4373, 0xD7BF, 0xB75E,
  0x8DFD, 0xE7DF, 0xD7BF, 0x8DFD, 0xE7DF, 0xD7BF, 0xB75E, 0x8DFD, 0xE7DF, 0xD7BF, 0xE79F, 0xC590, 0xFF78,
  0xC590, 0xD7BF, 0x4373, 0xBE9C, 0xE79F, 0x4373, 0xE7DF, 0x4373, 0xD7BF, 0xB75E, 0x8DFD, 0xE7DF, 0xD7BF,
  0x8DFD, 0xE7DF, 0xD7BF, 0xB75E, 0x8DFD, 0xE7DF, 0xD7BF, 0xE79F, 0xC590, 0xFF78, 0xC590, 0xD7BF, 0x4373,
  0xBE9C, 0xE79F, 0x4373, 0xE7DF, 0x4373, 0xD7BF, 0x8DFD, 0xE7DF, 0xD7BF, 0x8DFD, 0xE7DF, 0xD7BF, 0xB75E,
  0x8DFD, 0xE7DF, 0xD7BF, 0xE79F, 0xC590, 0xFF78, 0xC590, 0xD7BF, 0x4373, 0xBE9C, 0xE79F, 0x4373, 0xE7DF,
  0x4373, 0xD7BF, 0x8DFD, 0xE7DF, 0xD7BF, 0x8DFD, 0xE7DF, 0xD7BF, 0x8DFD, 0xE7DF, 0xD7BF, 0xE79F, 0xC590,
  0xFF78, 0xC590, 0xD7BF, 0x4373, 0xBE9C, 0xE79F, 0x4373, 0xA512, 0x4373, 0xD7BF, 0x8DFD, 0xE7DF, 0xD7BF,
  0x8DFD, 0xE7DF, 0xD7BF, 0x8DFD, 0xE7DF, 0xD7BF, 0xE79F, 0xC590, 0xFF78, 0xC590, 0xD7BF, 0x4373, 0xBE9C,
  0xE79F, 0x4373, 0xA512, 0x4373, 0xD7BF, 0x8DFD, 0xE7DF, 0xD7BF, 0x8DFD, 0xE7DF, 0xD7BF, 0x8DFD, 0xE7DF,
  0xD7BF, 0xE79F, 0xC590, 0xFF78, 0xC590, 0xD7BF, 0x4373, 0xBE9C, 0xE79F, 0x4373, 0xA512, 0x4373, 0xD7BF,
  0x8DFD, 0xE7DF, 0xD7BF, 0x8DFD, 0xE7DF, 0xD7BF, 0x8DFD, 0xE7DF, 0xD7BF, 0xE79F, 0xC590, 0xFF78, 0xC590,
  0xD7BF, 0x4373, 0xB75E, 0xE79F, 0x4373, 0xA512, 0x4373, 0xD7BF, 0x8DFD, 0xE79F, 0xD7BF, 0x8DFD, 0xE7DF,
  0xD7BF, 0x8DFD, 0xE7DF, 0xD7BF, 0xE7DF, 0xD7BF, 0xE79F, 0xC590, 0xFF78, 0xC590, 0xD7BF, 0x4373, 0xBE9C,
  0xE79F, 0x4373, 0xA512, 0x4373, 0xD7BF, 0x8DFD, 0xBE9C, 0xE79F, 0xD7BF, 0x8DFD, 0xE7DF, 0xD7BF, 0x8DFD,
  0xE7DF, 0xD7BF, 0xE7DF, 0xD7BF, 0xE79F, 0xC590, 0xFF78, 0xC590, 0xD7BF, 0x4373, 0xBE9C, 0xE79F, 0x4373,
  0xE79F, 0x4373, 0xD7BF, 0xB75E, 0x8DFD, 0xE7DF, 0xD7BF, 0x8DFD, 0xE7DF, 0xD7BF, 0x8DFD, 0xE7DF, 0xD7BF,
  0xE7DF, 0xD7BF, 0xE79F, 0xC590, 0xFF78, 0xC590, 0xD7BF, 0x4373, 0xBE9C, 0xE79F, 0x4373, 0xE79F, 0x4373,
  0xD7BF, 0xB75E, 0x8DFD, 0xE7DF, 0xD7BF, 0x8DFD, 0xE7DF, 0xD7BF, 0x8DFD, 0xE7DF, 0xD7BF, 0xE79F, 0xC590,
  0xFF78, 0xC590, 0xD7BF, 0x4373, 0xBE9C, 0xE79F, 0x4373, 0xE79F, 0x4373, 0xD7BF, 0xB75E, 0x8DFD, 0xE7DF,
  0xD7BF, 0x8DFD, 0xE7DF, 0xD7BF, 0x8DFD, 0xE7DF, 0xD7BF, 0xE79F, 0xC590, 0xFF78, 0xC590, 0xD7BF, 0x4373,
  0xBE9C, 0xE79F, 0x4373, 0xE79F, 0x4373, 0xD7BF, 0x8DFD, 0xE7DF, 0x8DFD, 0xD7BF, 0x8DFD, 0xE7DF, 0xD7BF,
  0xB75E, 0x8DFD, 0xE7DF, 0xD7BF, 0xE79F, 0xC590, 0xFF78, 0xC590, 0xD7BF, 0x4373, 0xBE9C, 0xE79F, 0x4373,
  0xE79F, 0x4373, 0xD7BF, 0x8DFD, 0xD7BF, 0x8DFD, 0xD7BF, 0x8DFD, 0xE7DF, 0xD7BF, 0xB75E, 0x8DFD, 0xE7DF,
  0xD7BF, 0xE79F, 0xC590, 0xFF78, 0xC590, 0xD7BF, 0x4373, 0xBE9C, 0xE79F, 0x4373, 0x8DFD, 0xD7BF, 0x8DFD,
  0xE7DF, 0xD7BF, 0x8DFD, 0xE7DF, 0xD7BF, 0xE79F, 0xC590, 0xFF78, 0xC590, 0xD7BF, 0x4373, 0xBE9C, 0xE79F,
  0x4373, 0xD7BF, 0x8DFD, 0xE7DF, 0xD7BF, 0x8DFD, 0xE7DF, 0xD7BF, 0xC590, 0xFF78, 0xC590, 0xD7BF, 0x4373,
  0xBE9C, 0xE79F, 0x4373, 0x8DFD, 0xD7BF, 0x8DFD, 0xE7DF, 0xD7BF, 0x8DFD, 0xE7DF, 0xD7BF, 0xA512, 0xC590,
  0xFF78, 0xC590, 0x8DFD, 0xD7BF, 0xB75E, 0x4373, 0xBE9C, 0xE79F, 0x4373, 0x8DFD, 0xBE9C, 0xE79F, 0x4373,
  0x8DFD, 0xD7BF, 0x8DFD, 0xD7BF, 0x8DFD, 0xE7DF, 0x8DFD, 0xD7BF, 0x8DFD, 0xD7BF, 0x8DFD, 0xE79F, 0xE7DF,
  0xE79F, 0xB75E, 0xD7BF, 0x8DFD, 0xD7BF, 0x8DFD, 0xA512, 0xC590, 0xFF78, 0xC590, 0x8DFD, 0x4373, 0xBE9C,
  0xE79F, 0x4373, 0x8DFD, 0xBE9C, 0x4373, 0x8DFD, 0xE7DF, 0x8DFD, 0xE7DF, 0x8DFD, 0xC590, 0xFF78, 0xC590,
  0x8DFD, 0x4373, 0xBE9C, 0xE79F, 0x4373, 0x8DFD, 0xBE9C, 0xE79F, 0x4373, 0x8DFD, 0xE7DF, 0x8DFD, 0xE7DF,
  0x8DFD, 0xC590, 0xFF78, 0xC590, 0x8DFD, 0x4373, 0xBE9C, 0xE79F, 0x4373, 0x8DFD, 0xE7DF, 0x8DFD, 0xE7DF,
  0x8DFD, 0xC590, 0xFF78, 0xC590, 0x8DFD, 0x4373, 0xBE9C, 0xE79F, 0x4373, 0x8DFD, 0xE7DF, 0x8DFD, 0xE7DF,
  0x8DFD, 0xC590, 0xFF78, 0xC590, 0x8DFD, 0x4373, 0xBE9C, 0xE79F, 0x4373, 0x8DFD, 0xE7DF, 0x8DFD, 0xBE9C,
  0x8DFD, 0xC590, 0xFF78, 0xC590, 0xA512, 0xBE9C, 0xE7DF, 0xBE9C, 0x4373, 0xBE9C, 0xE79F, 0x4373, 0xBE9C,
  0x8DFD, 0x4373, 0x8DFD, 0xBE9C, 0xE7DF, 0x8DFD, 0xE7DF, 0x8DFD, 0xBE9C, 0xE7DF, 0xBE9C, 0xA512, 0xC590,
  0xFF78, 0xC590, 0xA512, 0xE7DF, 0x4373, 0xBE9C, 0xE79F, 0x4373, 0xBE9C, 0x8DFD, 0x4373, 0xE7DF, 0x8DFD,
  0xE7DF, 0x8DFD, 0xBE9C, 0xE7DF, 0xA512, 0xC590, 0xFF78, 0xC590, 0xE79F, 0xE7DF, 0xA512, 0x4373, 0xBE9C,
  0xE79F, 0x4373, 0xBE9C, 0x8DFD, 0x4373, 0xE79F, 0xE7DF, 0xB75E, 0x8DFD, 0xE7DF, 0xB75E, 0x8DFD, 0xE7DF,
  0xE79F, 0xC590, 0xFF78, 0xC590, 0xD7BF, 0xE7DF, 0xD7BF, 0x4373, 0xBE9C, 0xE79F, 0x4373, 0xA512, 0xE79F,
  0xBE9C, 0x8DFD, 0x4373, 0xD7BF, 0xE7DF, 0xD7BF, 0xE7DF, 0xD7BF, 0xB75E, 0x8DFD, 0xE7DF, 0xD7BF, 0xE7DF,
  0xD7BF, 0xE7DF, 0xD7BF, 0xE7DF, 0xD7BF, 0x8DFD, 0xE7DF, 0xD7BF, 0xE7DF, 0xD7BF, 0xE7DF, 0xD7BF, 0xE7DF,
  0xD7BF, 0xE79F, 0xC590, 0xFF78, 0xC590, 0xD7BF, 0x4373, 0xBE9C, 0xE79F, 0x4373, 0xE79F, 0xE7DF, 0xBE9C,
  0x4373, 0xD7BF, 0xB75E, 0x8DFD, 0xE7DF, 0xD7BF, 0x8DFD, 0xE7DF, 0xD7BF, 0xE79F, 0xC590, 0xFF78, 0xC590,
  0xD7BF, 0x4373, 0xBE9C, 0xE79F, 0x4373, 0xE79F, 0xBE9C, 0x8DFD, 0x4373, 0xD7BF, 0xB75E, 0x8DFD, 0xE7DF,
  0xD7BF, 0x8DFD, 0xE7DF, 0xD7BF, 0xE79F, 0xC590, 0xFF78, 0xC590, 0xD7BF, 0xA512, 0x4373, 0xBE9C, 0xE79F,
  0x4373, 0xE79F, 0xBE9C, 0x8DFD, 0xA512, 0xD7BF, 0x8DFD, 0xE7DF, 0xD7BF, 0x8DFD, 0xE7DF, 0xD7BF, 0xE79F,
  0xC590, 0xFF78, 0xC590, 0xD7BF, 0xA512, 0x4373, 0xBE9C, 0xE79F, 0x4373, 0xE79F, 0xBE9C, 0x4373, 0xA512,
  0xD7BF, 0x8DFD, 0xE7DF, 0xD7BF, 0x8DFD, 0xE7DF, 0xD7BF, 0xE79F, 0xC590, 0xFF78, 0xC590, 0xD7BF, 0x4373,
  0xBE9C, 0xE79F, 0x4373, 0xE79F, 0xBE9C, 0x4373, 0xA512, 0xD7BF, 0x8DFD, 0xE7DF, 0xD7BF, 0x8DFD, 0xE7DF,
  0xD7BF, 0xE79F, 0xC590, 0xFF78, 0xC590, 0xD7BF, 0x4373, 0xBE9C, 0xE79F, 0x4373, 0xE79F, 0xBE9C, 0x4373,
  0x8DFD, 0xD7BF, 0x8DFD, 0xE7DF, 0xD7BF, 0xB75E, 0x8DFD, 0xBE9C, 0xE7DF, 0xD7BF, 0xE79F, 0xC590, 0xFF78,
  0xC590, 0xD7BF, 0x4373, 0xBE9C, 0xE79F, 0x4373, 0xE79F, 0xBE9C, 0x4373, 0xD7BF, 0x8DFD, 0xE7DF, 0xD7BF,
  0xB75E, 0x8DFD, 0xBE9C, 0xE7DF, 0xD7BF, 0xE79F, 0xC590, 0xFF78, 0xC590, 0xD7BF, 0x4373, 0xBE9C, 0xE79F,
  0x4373, 0xE79F, 0xBE9C, 0x4373, 0xD7BF, 0x8DFD, 0xE7DF, 0xD7BF, 0xB75E, 0x8DFD, 0xE7DF, 0xD7BF, 0xE79F,
  0xC590, 0xFF78, 0xC590, 0xD7BF, 0x4373, 0xBE9C, 0xE79F, 0x4373, 0xE79F, 0xBE9C, 0x4373, 0xD7BF, 0x8DFD,
  0xE7DF, 0xD7BF, 0xB75E, 0x8DFD, 0xE7DF, 0xD7BF, 0xE79F, 0xC590, 0xFF78, 0xC590, 0xD7BF, 0x4373, 0xBE9C,
  0xE79F, 0xBE9C, 0xE79F, 0x4373, 0xE79F, 0xBE9C, 0x4373, 0xD7BF, 0x8DFD, 0xE7DF, 0xD7BF, 0xB75E, 0x8DFD,
  0xE7DF, 0xD7BF, 0xE79F, 0xC590, 0xFF78, 0xC590, 0xD7BF, 0x4373, 0xBE9C, 0x4373, 0xE79F, 0xBE9C, 0x4373,
  0xD7BF, 0x8DFD, 0xE7DF, 0xD7BF, 0xB75E, 0x8DFD, 0xE7DF, 0xD7BF, 0xC590, 0xFF78, 0xC590, 0xD7BF, 0x4373,
  0x8DFD, 0xBE9C, 0x4373, 0xE79F, 0xBE9C, 0x8DFD, 0xD7BF, 0x8DFD, 0xE7DF, 0xD7BF, 0xB75E, 0x8DFD, 0xBE9C,
  0xE7DF, 0xD7BF, 0xE79F, 0xC590, 0xFF78, 0xC590, 0xD7BF, 0x4373, 0x8DFD, 0xBE9C, 0xE7DF, 0x4373, 0xE79F,
  0xBE9C, 0x8DFD, 0x4373, 0xB75E, 0xD7BF, 0x8DFD, 0xE7DF, 0xD7BF, 0x8DFD, 0xE7DF, 0xD7BF, 0xE79F, 0xC590,
  0xFF78, 0xC590, 0xD7BF, 0x4373, 0x8DFD, 0xBE9C, 0xE7DF, 0x4373, 0xE79F, 0xBE9C, 0x4373, 0xD7BF, 0x8DFD,
  0xE7DF, 0xD7BF, 0x8DFD, 0xE7DF, 0xD7BF, 0xE79F, 0xC590, 0xFF78, 0xC590, 0xD7BF, 0x4373, 0xBE9C, 0x4373,
  0xE79F, 0xBE9C, 0x4373, 0xD7BF, 0x8DFD, 0xE7DF, 0xD7BF, 0x8DFD, 0xE7DF, 0xD7BF, 0xE79F, 0xC590, 0xFF78,
  0xC590, 0xD7BF, 0x4373, 0xBE9C, 0x4373, 0xE79F, 0xBE9C, 0x4373, 0xD7BF, 0x8DFD, 0xE7DF, 0xD7BF, 0x8DFD,
  0xE7DF, 0xD7BF, 0xE79F, 0xC590, 0xFF78, 0xC590, 0xD7BF, 0xB75E, 0x4373, 0x8DFD, 0xBE9C, 0x4373, 0xE79F,
  0xBE9C, 0x8DFD, 0x4373, 0xD7BF, 0x8DFD, 0xE7DF, 0xD7BF, 0x8DFD, 0xE79F, 0xE7DF, 0xD7BF, 0xE79F, 0xC590,
  0xFF78, 0xC590, 0xD7BF, 0xA512, 0x8DFD, 0xBE9C, 0x4373, 0xE79F, 0xBE9C, 0x8DFD, 0x4373, 0xA512, 0xD7BF,
  0x8DFD, 0xE7DF, 0xD7BF, 0x8DFD, 0xE7DF, 0xD7BF, 0xE79F, 0xC590, 0xFF78, 0xC590, 0xD7BF, 0xA512, 0x4373,
  0x8DFD, 0x4373, 0xE79F, 0xBE9C, 0x4373, 0xA512, 0xD7BF, 0x8DFD, 0xE7DF, 0xD7BF, 0x8DFD, 0xE7DF, 0xD7BF,
  0xE79F, 0xC590, 0xFF78, 0xC590, 0xD7BF, 0x4373, 0x8DFD, 0x4373, 0xE79F, 0xBE9C, 0x4373, 0xD7BF, 0x8DFD,
  0xE7DF, 0xD7BF, 0x8DFD, 0xE7DF, 0xD7BF, 0xE79F, 0xC590, 0xFF78, 0xC590, 0xD7BF, 0x4373, 0xB75E, 0x4373,
  0xE79F, 0xBE9C, 0x4373, 0xD7BF, 0x8DFD, 0xE7DF, 0xD7BF, 0xB75E, 0x8DFD, 0xE7DF, 0xD7BF, 0xE79F, 0xC590,
  0xFF78, 0xC590, 0xD7BF, 0x4373, 0x8DFD, 0x4373, 0xE79F, 0xBE9C, 0x4373, 0xD7BF, 0x8DFD, 0xE7DF, 0xD7BF,
  0xB75E, 0x8DFD, 0xBE9C, 0xE7DF, 0xD7BF, 0xE79F, 0xC590, 0xFF78, 0xC590, 0xD7BF, 0x4373, 0x8DFD, 0x4373,
  0xE79F, 0xB75E, 0x4373, 0xA512, 0xD7BF, 0x8DFD, 0xE7DF, 0xD7BF, 0x8DFD, 0xE7DF, 0xD7BF, 0xE79F, 0xC590,
  0xFF78, 0xC590, 0xD7BF, 0xA512, 0x4373, 0xBE9C, 0x4373, 0xE79F, 0xB75E, 0x4373, 0xA512, 0xD7BF, 0x8DFD,
  0xE7DF, 0xD7BF, 0x8DFD, 0xE7DF, 0xD7BF, 0xE79F, 0xC590, 0xFF78, 0xC590, 0xD7BF, 0xA512, 0x4373, 0xBE9C,
  0x4373, 0xE79F, 0xB75E, 0x4373, 0xD7BF, 0x8DFD, 0xE7DF, 0xD7BF, 0x8DFD, 0xE7DF, 0xD7BF, 0xE79F, 0xC590,
  0xFF78, 0xC590, 0xD7BF, 0x4373, 0x8DFD, 0x4373, 0xE79F, 0xB75E, 0x4373, 0xA512, 0xD7BF, 0x8DFD, 0xE7DF,
  0xD7BF, 0x8DFD, 0xE7DF, 0xD7BF, 0xE79F, 0xC590, 0xFF78, 0xC590, 0xD7BF, 0xA512, 0x4373, 0x8DFD, 0x4373,
  0xE79F, 0xB75E, 0x4373, 0xA512, 0xD7BF, 0x8DFD, 0xE7DF, 0xD7BF, 0x8DFD, 0xE7DF, 0xD7BF, 0xE79F, 0xC590,
  0xFF78, 0xC590, 0xD7BF, 0xA512, 0x4373, 0x8DFD, 0x4373, 0xE79F, 0xB75E, 0x4373, 0xD7BF, 0x8DFD, 0xE7DF,
  0xD7BF, 0x8DFD, 0xE7DF, 0xD7BF, 0xE79F, 0xC590, 0xFF78, 0xC590, 0xD7BF, 0xBE9C, 0x4373, 0xE79F, 0xB75E,
  0x4373, 0xA512, 0xD7BF, 0x8DFD, 0xE7DF, 0xD7BF, 0x8DFD, 0xBE9C, 0xE7DF, 0xD7BF, 0xE79F, 0xC590, 0xFF78,
  0xC590, 0xA512, 0xD7BF, 0xBE9C, 0x4373, 0xE79F, 0xBE9C, 0x4373, 0xD7BF, 0x8DFD, 0xE7DF, 0xD7BF, 0x8DFD,
  0xE7DF, 0xD7BF, 0xA512, 0xC590, 0xFF78, 0xC590, 0x8DFD, 0x4373, 0xE79F, 0x4373, 0xBE9C, 0x8DFD, 0xD7BF,
  0x8DFD, 0xD7BF, 0x8DFD, 0xE7DF, 0xD7BF, 0xBE9C, 0x8DFD, 0xD7BF, 0x8DFD, 0xD7BF, 0x8DFD, 0xD7BF, 0x8DFD,
  0xD7BF, 0x8DFD, 0xE7DF, 0x8DFD, 0xD7BF, 0x8DFD, 0xC590, 0xFF78, 0xC590, 0x8DFD, 0x4373, 0x8DFD, 0xE7DF,
  0x8DFD, 0xE7DF, 0x8DFD, 0xC590, 0xFF78, 0xC590, 0x8DFD, 0x4373, 0x8DFD, 0xE7DF, 0x8DFD, 0xE7DF, 0x8DFD,
  0xC590, 0xFF78, 0xC590, 0x8DFD, 0x4373, 0x8DFD, 0xE7DF, 0x8DFD, 0xE7DF, 0x8DFD, 0xC590, 0xFF78, 0xC590,
  0xA512, 0xE7DF, 0x8DFD, 0x4373, 0xBE9C, 0xE7DF, 0x8DFD, 0xE7DF, 0x8DFD, 0xE7DF, 0xA512, 0xC590, 0xFF78,
  0xC590, 0xE7DF, 0x8DFD, 0x4373, 0xBE9C, 0xE7DF, 0x8DFD, 0xE7DF, 0x8DFD, 0xE7DF, 0xC590, 0xFF78, 0xC590,
  0xE79F, 0xE7DF, 0xB75E, 0x8DFD, 0xBE9C, 0xE7DF, 0xB75E, 0x8DFD, 0xE7DF, 0xD7BF, 0x8DFD, 0xE7DF, 0xE79F,
  0xC590, 0xFF78, 0xC590, 0xE79F, 0xE7DF, 0xD7BF, 0xE7DF, 0xD7BF, 0xE7DF, 0xD7BF, 0xB75E, 0x8DFD, 0xE7DF,
  0xD7BF, 0xE7DF, 0xD7BF, 0xE7DF, 0xD7BF, 0xE7DF, 0xD7BF, 0xE7DF, 0xD7BF, 0xB75E, 0x8DFD, 0xE7DF, 0xD7BF,
  0xE7DF, 0xD7BF, 0xE7DF, 0xD7BF, 0xE7DF, 0xD7BF, 0xE7DF, 0xD7BF, 0xE7DF, 0xD7BF, 0x8DFD, 0xBE9C, 0xE7DF,
  0xD7BF, 0xE79F, 0xC590, 0xFF78, 0xC590, 0xD7BF, 0x8DFD, 0xE7DF, 0xD7BF, 0x8DFD, 0xE7DF, 0xD7BF, 0x8DFD,
  0xE7DF, 0xD7BF, 0xE79F, 0xC590, 0xFF78, 0xC590, 0xD7BF, 0x8DFD, 0xE79F, 0xE7DF, 0xD7BF, 0x8DFD, 0xE7DF,
  0xD7BF, 0x8DFD, 0xE7DF, 0xD7BF, 0xE79F, 0xC590, 0xFF78, 0xC590, 0xD7BF, 0x8DFD, 0xE7DF, 0xD7BF, 0x8DFD,
  0xE7DF, 0xD7BF, 0x8DFD, 0xE7DF, 0xD7BF, 0xE79F, 0xC590, 0xFF78, 0xC590, 0xD7BF, 0x8DFD, 0xE7DF, 0xD7BF,
  0x8DFD, 0xE7DF, 0xD7BF, 0x8DFD, 0xBE9C, 0xE7DF, 0xD7BF, 0xE79F, 0xC590, 0xFF78, 0xC590, 0xD7BF, 0x8DFD,
  0xE7DF, 0xD7BF, 0x8DFD, 0xE7DF, 0xD7BF, 0x8DFD, 0xE7DF, 0xD7BF, 0xE79F, 0xC590, 0xFF78, 0xC590, 0xA512,
  0xD7BF, 0xB75E, 0x8DFD, 0xE7DF, 0xD7BF, 0x8DFD, 0xE7DF, 0xD7BF, 0x8DFD, 0xE7DF, 0xD7BF, 0xE79F, 0xA512,
  0xC590, 0xFF78, 0xC590, 0xA512, 0xBE9C, 0xD7BF, 0xB75E, 0x8DFD, 0xE7DF, 0xD7BF, 0x8DFD, 0xE7DF, 0xD7BF,
  0x8DFD, 0xE7DF, 0xD7BF, 0xBE9C, 0xA512, 0xC590, 0xFF78, 0xC590, 0xA512, 0xBE9C, 0xD7BF, 0xB75E, 0x8DFD,
  0xE7DF, 0xBE9C, 0xD7BF, 0xB75E, 0x8DFD, 0xBE9C, 0xE7DF, 0xD7BF, 0x8DFD, 0xE7DF, 0xD7BF, 0xBE9C, 0xA512,
  0xC590, 0xFF78, 0xC590, 0xDCAE, 0xA512, 0xBE9C, 0xD7BF, 0xBE9C, 0xA512, 0xBE9C, 0xD7BF, 0xBE9C, 0xD7BF,
  0xBE9C, 0xD7BF, 0xBE9C, 0xD7BF, 0xBE9C, 0xD7BF, 0xBE9C, 0xD7BF, 0xBE9C, 0xD7BF, 0xBE9C, 0xD7BF, 0xBE9C,
  0xA512, 0xFF58, 0xA512, 0xD7BF, 0xBE9C, 0xD7BF, 0xBE9C, 0xD7BF, 0xBE9C, 0xD7BF, 0xBE9C, 0xD7BF, 0xBE9C,
  0xD7BF, 0xBE9C, 0xD7BF, 0xBE9C, 0xD7BF, 0xBE9C, 0xD7BF, 0xBE9C, 0xD7BF, 0xBE9C, 0xA512, 0xE7DF, 0xA512,
  0xBE9C, 0xD7BF, 0xBE9C, 0xA512, 0xDCAE, 0xC590, 0xFF78, 0xC590, 0xFF78, 0xC590, 0xFF78, 0xC590, 0xFF78,
  0xC590, 0xFF78, 0xC590, 0xFF78,
};

const uint16_t FONDO_BANO_CONTEO[FONDO_BANO_RUNS] PROGMEM = {
  1685, 225, 13, 229, 11, 229, 10, 231, 9, 231, 9, 6, 219,
  6, 9, 5, 4, 4, 204, 4, 4, 1, 5, 9, 5, 2,
  3, 4, 203, 3, 3, 3, 5, 9, 5, 1, 5, 4, 199,
  3, 7, 2, 5, 9, 5, 7, 5, 195, 5, 8, 1, 5,
  9, 5, 8, 6, 192, 5, 9, 1, 5, 9, 5, 1, 9,
  5, 190, 5, 10, 1, 5, 9, 5, 1, 11, 3, 190, 3,
  11, 2, 5, 9, 5, 2, 13, 2, 185, 3, 12, 2, 2,
  5, 9, 5, 3, 12, 4, 181, 5, 11, 3, 2, 5, 9,
  5, 4, 12, 5, 177, 6, 10, 3, 2, 2, 5, 9, 5,
  5, 12, 5, 175, 5, 10, 4, 3, 2, 5, 9, 5, 6,
  13, 4, 174, 3, 10, 6, 4, 1, 5, 9, 5, 11, 1,
  1, 7, 4, 170, 3, 11, 4, 5, 2, 2, 5, 9, 5,
  12, 1, 1, 1, 6, 5, 166, 5, 11, 3, 5, 4, 1,
  5, 9, 5, 13, 9, 5, 164, 5, 10, 14, 1, 5, 9,
  5, 14, 10, 4, 162, 4, 9, 3, 5, 9, 1, 5, 9,
  5, 15, 11, 2, 162, 2, 10, 4, 5, 9, 1, 5, 9,
  5, 19, 9, 162, 9, 3, 5, 13, 1, 5, 9, 5, 21,
  7, 162, 9, 2, 5, 14, 1, 5, 9, 5, 22, 6, 162,
  9, 21, 1, 5, 9, 5, 24, 4, 4, 154, 4, 3, 3,
  5, 1, 18, 1, 5, 9, 5, 26, 1, 4, 156, 3, 2,
  4, 4, 1, 19, 1, 5, 9, 5, 31, 4, 2, 16, 2,
  16, 2, 17, 2, 16, 2, 17, 2, 16, 2, 16, 3, 16,
  3, 1, 4, 3, 3, 3, 2, 19, 1, 5, 9, 5, 31,
  4, 2, 16, 2, 16, 2, 17, 2, 16, 2, 17, 2, 16,
  2, 16, 3, 16, 3, 1, 4, 2, 4, 4, 1, 19, 1,
  5, 9, 5, 32, 2, 4, 14, 4, 14, 4, 15, 4, 14,
  4, 15, 4, 14, 4, 14, 5, 14, 5, 5, 3, 26, 1,
  5, 9, 5, 191, 3, 26, 1, 5, 9, 5, 192, 28, 1,
  5, 9, 5, 25, 1, 6, 3, 2, 16, 2, 1, 17, 1,
  15, 1, 1, 1, 16, 2, 17, 2, 16, 1, 1, 1, 15,
  1, 1, 1, 16, 3, 1, 4, 30, 1, 5, 9, 5, 24,
  2, 4, 5, 2, 16, 2, 53, 2, 17, 2, 36, 1, 16,
  3, 2, 2, 31, 1, 5, 9, 5, 16, 8, 7, 4, 2,
  16, 2, 53, 2, 17, 2, 35, 2, 16, 3, 2, 2, 31,
  1, 5, 9, 5, 15, 9, 7, 4, 2, 16, 2, 53, 2,
  17, 2, 35, 2, 16, 1, 4, 2, 31, 1, 5, 9, 5,
  16, 8, 7, 4, 2, 16, 2, 53, 2, 17, 2, 35, 2,
  21, 2, 31, 1, 5, 9, 5, 9, 4, 11, 2, 5, 4,
  1, 17, 2, 53, 2, 17, 2, 35, 2, 21, 2, 31, 1,
  5, 9, 5, 1, 7, 6, 10, 2, 5, 22, 2, 1, 35,
  1, 16, 2, 17, 2, 35, 2, 21, 2, 31, 1, 5, 9,
  5, 1, 7, 1, 4, 3, 4, 2, 3, 6, 18, 1, 2,
  4, 13, 2, 2, 18, 1, 1, 15, 2, 17, 2, 35, 2,
  21, 2, 31, 1, 5, 9, 5, 1, 7, 7, 10, 6, 4,
  1, 13, 1, 20, 2, 19, 1, 2, 1, 13, 2, 17, 2,
  35, 2, 21, 2, 31, 1, 5, 9, 5, 1, 7, 8, 8,
  7, 3, 4, 10, 1, 22, 2, 17, 1, 4, 12, 4, 15,
  4, 15, 3, 15, 4, 15, 3, 2, 2, 31, 1, 5, 9,
  5, 8, 5, 12, 1, 5, 17, 1, 3, 16, 3, 1, 1,
  4, 1, 2, 2, 4, 4, 1, 1, 1, 3, 2, 88, 3,
  31, 1, 5, 9, 5, 1, 7, 6, 10, 1, 2, 4, 17,
  1, 3, 16, 3, 2, 3, 2, 2, 2, 1, 5, 4, 2,
  1, 3, 87, 2, 2, 31, 1, 5, 9, 5, 1, 6, 2,
  4, 3, 3, 3, 10, 2, 4, 10, 1, 3, 16, 3, 2,
  3, 1, 1, 3, 1, 1, 4, 4, 4, 3, 3, 6, 4,
  15, 4, 15, 3, 14, 4, 15, 4, 1, 3, 31, 1, 5,
  9, 5, 1, 7, 7, 9, 7, 4, 2, 11, 1, 22, 1,
  3, 1, 2, 1, 2, 2, 4, 1, 3, 4, 2, 2, 1,
  8, 2, 17, 2, 34, 1, 18, 1, 4, 2, 31, 1, 5,
  9, 5, 1, 6, 9, 1, 5, 1, 8, 4, 2, 11, 1,
  22, 3, 2, 2, 3, 2, 3, 1, 3, 6, 3, 9, 2,
  17, 2, 58, 2, 31, 1, 5, 9, 5, 9, 4, 12, 1,
  5, 4, 1, 12, 1, 3, 16, 3, 2, 2, 2, 5, 3,
  2, 3, 2, 2, 2, 3, 9, 2, 17, 2, 58, 2, 31,
  1, 5, 9, 5, 1, 7, 6, 10, 3, 4, 17, 1, 2,
  18, 2, 2, 2, 1, 6, 3, 2, 3, 2, 2, 2, 3,
  9, 2, 17, 2, 16, 1, 1, 1, 39, 2, 31, 1, 5,
  9, 5, 1, 3, 2, 3, 6, 2, 9, 5, 17, 4, 16,
  3, 2, 3, 6, 3, 2, 3, 6, 3, 9, 2, 17, 2,
  15, 6, 2, 2, 4, 2, 27, 2, 31, 1, 5, 9, 5,
  1, 2, 3, 2, 6, 3, 4, 1, 3, 6, 18, 2, 18,
  2, 2, 3, 6, 3, 2, 3, 6, 3, 9, 2, 17, 2,
  2, 1, 28, 1, 26, 2, 31, 1, 5, 9, 5, 1, 1,
  5, 7, 9, 8, 4, 1, 12, 1, 2, 18, 2, 2, 3,
  6, 3, 2, 3, 6, 3, 9, 2, 17, 2, 32, 1, 25,
  2, 31, 1, 5, 9, 5, 9, 3, 1, 11, 2, 5, 4,
  2, 11, 1, 2, 18, 7, 2, 2, 1, 1, 3, 2, 3,
  6, 3, 9, 2, 17, 6, 27, 6, 21, 2, 31, 1, 5,
  9, 5, 1, 7, 1, 5, 10, 2, 5, 4, 2, 12, 2,
  18, 7, 2, 2, 1, 1, 3, 2, 3, 6, 3, 9, 2,
  17, 5, 29, 5, 21, 2, 31, 1, 5, 9, 5, 1, 7,
  1, 3, 5, 3, 2, 3, 6, 4, 2, 12, 3, 16, 3,
  2, 3, 6, 3, 2, 3, 6, 3, 9, 2, 15, 2, 1,
  2, 7, 1, 17, 7, 4, 1, 20, 2, 31, 1, 5, 9,
  5, 1, 7, 7, 10, 6, 4, 2, 12, 22, 2, 3, 6,
  3, 2, 3, 6, 3, 9, 2, 14, 3, 9, 21, 9, 2,
  1, 18, 2, 6, 1, 2, 22, 1, 5, 9, 5, 1, 7,
  8, 8, 7, 4, 2, 12, 22, 2, 3, 6, 3, 2, 3,
  6, 3, 1, 8, 2, 13, 3, 9, 23, 9, 3, 17, 2,
  7, 3, 21, 1, 5, 9, 5, 8, 5, 12, 1, 5, 4,
  1, 12, 4, 16, 3, 2, 3, 6, 3, 2, 3, 6, 3,
  1, 8, 2, 12, 3, 7, 4, 1, 9, 6, 1, 3, 4,
  8, 3, 16, 2, 7, 4, 20, 1, 5, 9, 5, 1, 7,
  4, 2, 10, 1, 1, 4, 18, 3, 18, 2, 2, 3, 6,
  3, 2, 3, 6, 3, 9, 2, 12, 2, 7, 1, 2, 2,
  11, 6, 3, 1, 3, 2, 6, 3, 16, 2, 7, 5, 19,
  1, 5, 9, 5, 1, 8, 3, 5, 5, 1, 3, 4, 19,
  3, 4, 11, 2, 2, 2, 3, 6, 3, 2, 3, 6, 3,
  9, 2, 12, 2, 6, 1, 1, 1, 1, 1, 12, 4, 1,
  5, 1, 1, 1, 2, 6, 1, 2, 16, 2, 7, 6, 18,
  1, 5, 9, 5, 9, 5, 10, 6, 18, 3, 18, 2, 2,
  3, 6, 3, 2, 3, 6, 3, 9, 2, 12, 2, 5, 3,
  13, 3, 3, 1, 5, 3, 1, 2, 5, 1, 2, 16, 2,
  7, 3, 2, 5, 14, 1, 5, 9, 5, 8, 6, 3, 5,
  1, 8, 4, 3, 10, 4, 16, 8, 6, 9, 5, 3, 1,
  7, 4, 10, 3, 4, 3, 14, 3, 3, 5, 5, 3, 5,
  3, 10, 3, 2, 2, 7, 2, 4, 5, 13, 1, 5, 9,
  5, 9, 4, 12, 1, 5, 9, 2, 57, 1, 18, 1, 4,
  4, 3, 15, 7, 11, 1, 1, 5, 3, 1, 13, 2, 7,
  2, 8, 5, 9, 1, 5, 9, 5, 1, 7, 2, 4, 10,
  3, 4, 9, 1, 1, 57, 1, 17, 2, 3, 5, 2, 1,
  11, 2, 3, 6, 11, 1, 2, 5, 2, 1, 12, 1, 2,
  7, 2, 8, 5, 9, 1, 5, 9, 5, 1, 7, 1, 4,
  3, 10, 5, 3, 4, 2, 2, 3, 50, 1, 3, 1, 7,
  4, 7, 4, 5, 2, 12, 1, 1, 3, 4, 1, 11, 1,
  3, 5, 2, 2, 6, 4, 1, 3, 7, 2, 9, 5, 8,
  1, 5, 9, 5, 1, 7, 8, 9, 6, 4, 2, 4, 1,
  2, 52, 3, 1, 8, 2, 9, 3, 5, 2, 10, 2, 3,
  2, 3, 2, 9, 1, 2, 3, 5, 2, 1, 8, 2, 3,
  2, 7, 2, 13, 4, 5, 1, 5, 9, 5, 1, 7, 8,
  2, 5, 8, 4, 2, 5, 3, 51, 3, 1, 8, 2, 9,
  3, 5, 2, 8, 2, 2, 4, 4, 10, 1, 3, 3, 5,
  2, 9, 2, 3, 2, 7, 2, 14, 4, 4, 1, 5, 9,
  5, 8, 5, 11, 2, 5, 5, 1, 4, 1, 57, 1, 8,
  2, 9, 3, 4, 3, 7, 4, 5, 1, 2, 8, 3, 5,
  2, 5, 2, 9, 2, 3, 2, 7, 2, 4, 3, 10, 2,
  3, 1, 5, 9, 5, 1, 7, 4, 2, 10, 2, 5, 10,
  58, 1, 8, 2, 9, 3, 3, 3, 7, 1, 4, 6, 8,
  1, 2, 5, 1, 3, 2, 3, 2, 9, 2, 3, 2, 7,
  2, 3, 5, 9, 3, 1, 2, 5, 9, 5, 1, 1, 2,
  4, 1, 3, 1, 4, 1, 3, 10, 10, 1, 3, 7, 4,
  14, 4, 14, 5, 6, 1, 8, 2, 9, 3, 2, 3, 7,
  3, 2, 1, 4, 9, 1, 7, 1, 2, 2, 2, 3, 2,
  9, 2, 3, 2, 7, 2, 3, 9, 6, 3, 2, 5, 9,
  5, 1, 4, 3, 8, 3, 5, 7, 10, 12, 2, 16, 2,
  16, 3, 7, 9, 2, 9, 3, 2, 3, 6, 1, 4, 1,
  2, 12, 1, 7, 4, 1, 3, 2, 2, 9, 2, 3, 2,
  7, 2, 3, 3, 1, 6, 5, 3, 2, 5, 9, 5, 1,
  5, 2, 8, 5, 2, 8, 4, 2, 4, 12, 2, 16, 2,
  16, 3, 7, 9, 2, 9, 3, 2, 3, 4, 2, 2, 1,
  5, 11, 1, 7, 1, 5, 3, 2, 2, 9, 2, 3, 2,
  7, 2, 3, 2, 1, 2, 5, 7, 2, 1, 5, 9, 5,
  9, 2, 2, 18, 4, 2, 4, 49, 1, 8, 9, 2, 9,
  3, 2, 3, 3, 1, 1, 1, 7, 12, 8, 1, 3, 2,
  3, 2, 2, 9, 1, 4, 2, 7, 2, 3, 2, 4, 3,
  3, 7, 1, 5, 9, 5, 7, 7, 17, 4, 2, 5, 57,
  9, 2, 9, 3, 2, 3, 2, 1, 2, 8, 8, 1, 1,
  7, 1, 2, 6, 3, 2, 2, 14, 2, 7, 2, 3, 2,
  6, 2, 3, 7, 5, 9, 5, 1, 1, 11, 18, 4, 2,
  16, 2, 53, 2, 9, 3, 2, 3, 2, 3, 6, 9, 2,
  7, 2, 3, 1, 1, 1, 1, 4, 2, 2, 9, 1, 4,
  2, 7, 2, 3, 2, 8, 1, 2, 2, 5, 5, 9, 5,
  1, 8, 22, 4, 2, 16, 2, 53, 2, 9, 3, 2, 3,
  2, 1, 1, 1, 3, 1, 2, 8, 1, 8, 2, 2, 7,
  3, 2, 2, 9, 2, 3, 2, 7, 2, 3, 2, 9, 2,
  3, 4, 5, 9, 5, 1, 6, 1, 23, 4, 2, 16, 2,
  53, 2, 9, 3, 2, 3, 7, 9, 1, 1, 9, 4, 8,
  3, 2, 2, 9, 2, 3, 2, 7, 2, 3, 2, 1, 10,
  3, 3, 1, 5, 9, 5, 1, 6, 24, 4, 1, 17, 2,
  53, 2, 9, 3, 2, 3, 5, 1, 9, 3, 8, 1, 1,
  1, 1, 9, 3, 2, 2, 9, 2, 3, 2, 7, 3, 2,
  2, 2, 2, 9, 4, 1, 5, 9, 5, 31, 22, 2, 53,
  2, 9, 3, 2, 3, 2, 2, 1, 1, 9, 1, 8, 1,
  2, 3, 9, 3, 2, 2, 9, 2, 3, 2, 7, 3, 2,
  2, 2, 3, 9, 2, 2, 5, 9, 5, 22, 2, 7, 22,
  2, 53, 2, 9, 3, 2, 3, 1, 13, 6, 1, 2, 5,
  11, 3, 2, 2, 1, 8, 2, 3, 2, 7, 2, 3, 2,
  2, 4, 10, 2, 5, 9, 5, 21, 3, 7, 22, 2, 53,
  2, 9, 3, 2, 3, 12, 6, 6, 3, 12, 3, 2, 2,
  1, 8, 2, 3, 2, 7, 2, 3, 2, 2, 5, 10, 1,
  5, 9, 5, 16, 8, 7, 22, 2, 53, 2, 9, 3, 2,
  3, 8, 1, 1, 8, 2, 1, 3, 2, 13, 3, 2, 2,
  1, 8, 1, 4, 2, 7, 2, 3, 2, 2, 7, 8, 1,
  5, 9, 5, 10, 2, 3, 9, 7, 22, 2, 53, 2, 9,
  3, 2, 3, 6, 1, 2, 9, 2, 1, 2, 16, 3, 2,
  2, 1, 13, 2, 7, 2, 3, 2, 2, 8, 7, 1, 5,
  9, 5, 6, 7, 2, 9, 7, 22, 2, 53, 2, 9, 3,
  2, 3, 6, 2, 9, 1, 2, 19, 3, 2, 2, 1, 8,
  1, 4, 2, 7, 2, 3, 2, 2, 2, 3, 5, 5, 1,
  5, 9, 5, 5, 8, 2, 9, 7, 4, 2, 16, 2, 53,
  2, 9, 3, 2, 3, 5, 2, 8, 2, 1, 2, 19, 3,
  2, 2, 1, 8, 2, 3, 2, 7, 2, 3, 2, 2, 2,
  2, 2, 4, 5, 1, 5, 9, 5, 1, 4, 8, 2, 9,
  7, 4, 2, 16, 2, 53, 2, 9, 3, 2, 4, 2, 1,
  1, 9, 1, 2, 22, 3, 2, 2, 1, 8, 2, 3, 2,
  7, 2, 3, 2, 2, 2, 2, 3, 4, 4, 1, 5, 9,
  5, 1, 1, 3, 8, 2, 9, 7, 4, 2, 16, 2, 36,
  1, 16, 2, 9, 3, 2, 3, 10, 1, 4, 1, 23, 3,
  2, 2, 1, 8, 2, 3, 2, 7, 2, 3, 2, 2, 2,
  1, 1, 3, 4, 4, 1, 5, 9, 5, 2, 1, 2, 8,
  2, 9, 7, 22, 2, 53, 2, 9, 3, 2, 3, 10, 1,
  5, 22, 1, 3, 2, 2, 9, 2, 3, 2, 7, 2, 3,
  2, 2, 2, 1, 1, 4, 3, 1, 3, 1, 5, 9, 5,
  3, 2, 8, 2, 9, 7, 22, 2, 53, 2, 9, 3, 2,
  3, 9, 3, 3, 23, 1, 3, 2, 2, 9, 2, 3, 2,
  7, 2, 3, 2, 2, 2, 1, 1, 4, 1, 2, 1, 3,
  1, 5, 9, 5, 3, 2, 8, 2, 9, 7, 22, 2, 53,
  2, 9, 3, 2, 3, 8, 1, 5, 24, 1, 3, 2, 2,
  9, 2, 3, 2, 7, 2, 3, 2, 2, 2, 3, 3, 1,
  2, 4, 1, 5, 9, 5, 3, 2, 8, 2, 9, 7, 22,
  2, 53, 2, 9, 3, 2, 3, 3, 3, 1, 4, 2, 26,
  3, 2, 2, 9, 2, 3, 2, 7, 2, 3, 2, 2, 2,
  3, 3, 1, 2, 4, 1, 5, 9, 5, 3, 2, 8, 2,
  9, 7, 22, 2, 53, 2, 9, 3, 2, 3, 1, 6, 3,
  2, 27, 3, 2, 2, 9, 2, 3, 2, 7, 2, 3, 2,
  2, 2, 3, 3, 1, 2, 4, 1, 5, 9, 5, 3, 2,
  8, 2, 9, 7, 22, 2, 53, 2, 9, 3, 2, 3, 2,
  4, 3, 1, 29, 3, 2, 2, 9, 2, 3, 2, 7, 2,
  3, 2, 2, 2, 3, 3, 1, 2, 4, 1, 5, 9, 5,
  3, 2, 8, 2, 9, 7, 22, 2, 53, 2, 9, 3, 2,
  3, 6, 2, 31, 3, 2, 2, 9, 2, 3, 2, 7, 2,
  3, 2, 2, 2, 3, 2, 2, 2, 1, 3, 1, 5, 9,
  5, 3, 2, 8, 2, 9, 7, 22, 2, 53, 2, 9, 3,
  2, 3, 1, 5, 2, 30, 1, 3, 2, 2, 9, 2, 3,
  2, 7, 2, 3, 2, 2, 2, 3, 2, 2, 2, 1, 3,
  1, 5, 9, 5, 3, 2, 8, 2, 9, 7, 22, 2, 53,
  2, 9, 3, 2, 3, 2, 1, 2, 2, 13, 1, 16, 2,
  3, 2, 2, 9, 2, 3, 2, 7, 2, 3, 2, 2, 2,
  3, 2, 2, 2, 1, 3, 1, 5, 9, 5, 3, 2, 8,
  2, 9, 7, 22, 2, 53, 2, 9, 3, 2, 3, 3, 17,
  1, 4, 1, 7, 2, 4, 3, 2, 2, 9, 2, 3, 2,
  7, 2, 3, 2, 2, 2, 4, 1, 1, 1, 2, 4, 1,
  5, 9, 5, 3, 2, 7, 3, 9, 7, 22, 2, 53, 2,
  9, 3, 2, 3, 6, 26, 1, 6, 3, 2, 2, 9, 1,
  4, 2, 7, 2, 3, 2, 2, 2, 6, 1, 2, 4, 1,
  5, 9, 5, 3, 2, 7, 3, 9, 7, 22, 2, 53, 2,
  9, 3, 2, 3, 1, 29, 9, 3, 2, 2, 14, 2, 7,
  2, 3, 2, 2, 2, 6, 1, 2, 4, 1, 5, 9, 5,
  3, 2, 7, 3, 9, 7, 22, 2, 53, 2, 9, 3, 2,
  3, 30, 9, 3, 2, 2, 14, 2, 7, 2, 3, 2, 2,
  2, 6, 1, 2, 4, 1, 5, 9, 5, 3, 2, 7, 3,
  9, 7, 22, 2, 53, 2, 9, 3, 2, 3, 29, 1, 9,
  3, 2, 2, 9, 1, 4, 2, 7, 2, 3, 2, 2, 2,
  7, 2, 4, 1, 5, 9, 5, 3, 2, 3, 2, 2, 3,
  9, 7, 22, 2, 53, 2, 9, 3, 2, 3, 29, 10, 2,
  3, 2, 9, 1, 4, 2, 7, 2, 3, 2, 2, 2, 7,
  2, 1, 3, 1, 5, 9, 5, 3, 2, 7, 3, 9, 7,
  22, 2, 53, 2, 9, 3, 2, 3, 2, 1, 18, 5, 13,
  2, 3, 2, 9, 1, 4, 2, 7, 2, 3, 2, 2, 2,
  7, 2, 1, 3, 1, 5, 9, 5, 3, 2, 7, 3, 9,
  7, 22, 2, 53, 2, 9, 3, 2, 3, 25, 10, 2, 2,
  2, 3, 2, 14, 2, 7, 2, 3, 2, 2, 2, 7, 2,
  1, 3, 1, 5, 9, 5, 3, 2, 7, 3, 9, 7, 22,
  2, 53, 2, 9, 3, 2, 3, 21, 2, 11, 4, 1, 2,
  3, 2, 14, 2, 7, 2, 3, 2, 2, 2, 6, 1, 2,
  1, 3, 1, 5, 9, 5, 3, 2, 7, 3, 9, 7, 5,
  1, 16, 2, 53, 2, 9, 3, 2, 3, 20, 2, 12, 4,
  1, 2, 3, 2, 14, 2, 7, 2, 3, 2, 2, 2, 6,
  1, 2, 1, 3, 1, 5, 9, 5, 3, 2, 7, 3, 9,
  7, 4, 3, 14, 4, 15, 3, 15, 3, 15, 4, 8, 3,
  2, 3, 20, 1, 14, 2, 2, 2, 3, 2, 1, 8, 3,
  2, 2, 7, 2, 3, 2, 2, 2, 6, 1, 2, 4, 1,
  5, 9, 5, 3, 2, 3, 2, 2, 3, 9, 7, 88, 3,
  2, 3, 16, 2, 13, 3, 5, 2, 3, 2, 1, 2, 9,
  2, 2, 7, 2, 3, 2, 2, 2, 6, 1, 2, 4, 1,
  5, 9, 5, 3, 2, 7, 3, 9, 7, 88, 3, 2, 3,
  15, 2, 14, 3, 5, 2, 3, 2, 3, 9, 2, 2, 7,
  2, 3, 2, 2, 2, 6, 1, 2, 4, 1, 5, 9, 5,
  3, 2, 7, 3, 9, 8, 2, 4, 14, 4, 15, 3, 15,
  3, 15, 4, 8, 3, 2, 3, 14, 2, 19, 2, 2, 2,
  3, 2, 1, 7, 4, 2, 2, 7, 2, 3, 2, 2, 2,
  6, 1, 2, 4, 1, 5, 9, 5, 3, 2, 7, 3, 9,
  7, 4, 1, 17, 2, 53, 2, 9, 3, 2, 3, 13, 2,
  19, 4, 3, 3, 2, 1, 8, 2, 3, 2, 7, 2, 3,
  2, 2, 2, 6, 1, 2, 4, 1, 5, 9, 5, 3, 2,
  7, 3, 9, 7, 22, 2, 53, 2, 9, 3, 2, 3, 12,
  3, 13, 2, 4, 5, 2, 3, 2, 9, 2, 3, 2, 7,
  2, 3, 2, 2, 2, 6, 1, 2, 4, 1, 5, 9, 5,
  3, 2, 7, 3, 9, 7, 22, 2, 53, 2, 9, 3, 2,
  3, 4, 3, 5, 2, 15, 1, 4, 4, 2, 4, 2, 9,
  1, 4, 2, 7, 2, 3, 2, 2, 2, 6, 1, 2, 4,
  1, 5, 9, 5, 3, 2, 3, 2, 2, 3, 9, 7, 22,
  2, 53, 2, 9, 3, 2, 3, 4, 3, 3, 1, 12, 2,
  1, 5, 2, 4, 2, 5, 2, 14, 2, 7, 2, 3, 2,
  2, 2, 6, 1, 2, 4, 1, 5, 9, 5, 3, 2, 3,
  2, 2, 3, 9, 7, 22, 2, 53, 2, 9, 3, 4, 2,
  2, 4, 2, 14, 4, 3, 6, 3, 5, 2, 14, 2, 6,
  1, 2, 3, 2, 2, 2, 6, 1, 2, 4, 1, 5, 9,
  5, 3, 2, 3, 2, 2, 3, 9, 7, 22, 2, 53, 2,
  9, 3, 5, 2, 1, 4, 18, 1, 3, 7, 3, 5, 2,
  14, 2, 6, 1, 2, 3, 2, 2, 2, 6, 1, 2, 4,
  1, 5, 9, 5, 3, 2, 7, 3, 9, 7, 22, 2, 53,
  2, 9, 3, 5, 2, 3, 1, 14, 1, 8, 7, 3, 5,
  2, 14, 2, 6, 1, 2, 3, 2, 2, 2, 6, 1, 2,
  5, 5, 9, 5, 3, 2, 7, 3, 9, 7, 22, 2, 53,
  2, 9, 3, 5, 3, 2, 15, 1, 7, 7, 4, 4, 1,
  2, 9, 1, 4, 2, 1, 1, 5, 2, 3, 2, 2, 2,
  6, 1, 2, 5, 5, 9, 5, 3, 2, 7, 3, 9, 7,
  22, 2, 53, 2, 9, 3, 6, 4, 11, 1, 7, 1, 9,
  4, 4, 3, 2, 8, 2, 3, 2, 1, 1, 5, 2, 3,
  2, 2, 2, 6, 1, 2, 5, 5, 9, 5, 3, 2, 7,
  3, 9, 7, 22, 2, 53, 2, 9, 3, 7, 3, 10, 3,
  5, 11, 3, 5, 1, 1, 3, 8, 2, 3, 2, 7, 2,
  3, 2, 2, 2, 6, 1, 2, 4, 1, 5, 9, 5, 3,
  2, 7, 3, 9, 7, 22, 2, 53, 2, 10, 3, 6, 3,
  10, 3, 5, 10, 1, 2, 5, 1, 2, 2, 9, 2, 3,
  2, 7, 2, 3, 2, 2, 2, 7, 2, 4, 1, 5, 9,
  5, 3, 2, 3, 2, 2, 3, 9, 7, 22, 2, 53, 2,
  9, 2, 3, 6, 3, 9, 2, 5, 8, 3, 3, 5, 1,
  2, 11, 2, 3, 2, 7, 2, 3, 2, 2, 2, 6, 1,
  2, 4, 1, 5, 9, 5, 3, 2, 3, 2, 2, 3, 9,
  7, 16, 24, 1, 36, 2, 9, 2, 1, 2, 7, 4, 4,
  3, 5, 10, 1, 3, 7, 1, 2, 11, 1, 4, 2, 7,
  2, 3, 2, 2, 2, 6, 1, 2, 4, 1, 5, 9, 5,
  3, 2, 7, 3, 9, 7, 6, 1, 7, 1, 26, 2, 34,
  2, 9, 3, 2, 8, 3, 1, 3, 3, 5, 9, 1, 2,
  1, 7, 3, 1, 11, 1, 4, 2, 7, 2, 3, 2, 2,
  2, 6, 1, 2, 4, 1, 5, 9, 5, 3, 2, 7, 3,
  9, 7, 6, 1, 4, 1, 2, 28, 2, 1, 2, 30, 2,
  10, 1, 1, 2, 1, 8, 1, 3, 10, 8, 2, 2, 8,
  3, 12, 2, 3, 2, 7, 2, 3, 2, 2, 2, 6, 1,
  2, 4, 1, 5, 9, 5, 3, 2, 7, 3, 9, 7, 4,
  3, 41, 1, 28, 2, 12, 2, 3, 7, 3, 20, 9, 1,
  3, 1, 11, 2, 3, 2, 7, 2, 3, 2, 2, 2, 7,
  2, 1, 3, 1, 5, 9, 5, 3, 2, 7, 3, 9, 7,
  5, 2, 42, 1, 27, 2, 13, 1, 4, 8, 20, 9, 3,
  2, 12, 1, 4, 2, 7, 2, 3, 2, 2, 2, 1, 3,
  3, 2, 1, 3, 1, 5, 9, 5, 3, 2, 7, 3, 9,
  7, 6, 13, 1, 16, 1, 4, 1, 7, 1, 27, 2, 14,
  2, 5, 30, 5, 3, 18, 2, 7, 2, 3, 2, 2, 3,
  4, 2, 2, 1, 3, 1, 5, 9, 5, 3, 2, 3, 2,
  2, 3, 9, 7, 7, 2, 2, 2, 1, 2, 2, 2, 18,
  3, 2, 2, 2, 2, 1, 27, 2, 14, 3, 5, 28, 6,
  3, 18, 2, 7, 2, 3, 2, 2, 3, 4, 2, 2, 4,
  1, 5, 9, 5, 3, 2, 7, 3, 9, 7, 7, 2, 2,
  3, 2, 2, 20, 2, 1, 1, 1, 2, 2, 2, 1, 8,
  3, 15, 4, 12, 1, 3, 4, 17, 18, 2, 2, 12, 3,
  1, 3, 7, 2, 3, 2, 2, 4, 1, 1, 2, 1, 2,
  4, 1, 5, 9, 5, 3, 2, 7, 3, 9, 7, 3, 4,
  2, 2, 3, 2, 2, 20, 2, 1, 2, 2, 2, 2, 1,
  46, 3, 3, 28, 5, 1, 20, 2, 7, 2, 3, 2, 2,
  6, 2, 1, 2, 4, 1, 5, 9, 5, 3, 2, 7, 3,
  8, 1, 7, 4, 3, 1, 1, 1, 4, 2, 2, 20, 2,
  1, 2, 5, 2, 47, 4, 29, 4, 2, 20, 2, 7, 2,
  3, 2, 3, 5, 1, 2, 2, 4, 1, 5, 9, 5, 3,
  2, 7, 3, 9, 7, 4, 1, 2, 2, 4, 1, 2, 2,
  20, 2, 3, 5, 2, 8, 3, 15, 4, 20, 16, 6, 6,
  1, 1, 20, 4, 1, 3, 7, 2, 3, 2, 1, 1, 3,
  8, 4, 1, 5, 9, 5, 3, 2, 7, 3, 9, 7, 4,
  2, 1, 2, 4, 3, 2, 20, 2, 3, 4, 3, 27, 2,
  22, 2, 10, 2, 7, 4, 1, 1, 2, 21, 2, 3, 2,
  7, 2, 3, 2, 1, 4, 1, 7, 4, 1, 5, 9, 5,
  3, 2, 7, 4, 7, 8, 4, 2, 1, 2, 4, 3, 2,
  20, 2, 3, 4, 3, 27, 2, 22, 13, 1, 15, 3, 2,
  16, 2, 3, 2, 7, 2, 3, 2, 4, 3, 6, 4, 1,
  5, 9, 5, 3, 2, 7, 19, 4, 3, 3, 3, 3, 2,
  20, 2, 3, 4, 2, 28, 2, 34, 2, 14, 4, 2, 16,
  2, 3, 2, 1, 1, 5, 2, 3, 2, 1, 1, 5, 1,
  5, 4, 1, 5, 9, 5, 3, 2, 7, 19, 4, 2, 2,
  2, 3, 3, 2, 3, 1, 3, 1, 4, 1, 3, 1, 3,
  2, 3, 3, 1, 30, 2, 37, 1, 16, 2, 16, 2, 3,
  2, 1, 1, 5, 2, 3, 2, 1, 4, 5, 3, 4, 1,
  5, 9, 5, 3, 2, 6, 4, 9, 7, 9, 2, 2, 3,
  2, 3, 1, 3, 1, 4, 1, 3, 1, 3, 2, 3, 2,
  1, 31, 2, 54, 2, 16, 2, 3, 2, 7, 2, 3, 2,
  4, 7, 1, 1, 2, 1, 2, 5, 9, 5, 3, 2, 5,
  3, 11, 7, 10, 1, 2, 3, 2, 20, 2, 1, 1, 1,
  3, 1, 30, 2, 54, 2, 16, 2, 3, 2, 7, 2, 3,
  2, 3, 8, 1, 3, 1, 2, 5, 9, 5, 3, 2, 4,
  3, 11, 3, 5, 10, 1, 2, 3, 2, 20, 3, 2, 2,
  1, 31, 2, 54, 2, 16, 2, 3, 2, 7, 2, 3, 2,
  3, 8, 2, 1, 3, 1, 5, 9, 5, 3, 2, 3, 3,
  11, 4, 5, 11, 2, 3, 2, 20, 2, 3, 2, 32, 2,
  54, 2, 16, 2, 3, 2, 7, 2, 3, 2, 3, 8, 2,
  4, 1, 5, 9, 5, 3, 2, 2, 3, 12, 3, 6, 10,
  1, 2, 3, 2, 20, 2, 1, 1, 1, 2, 32, 2, 54,
  2, 16, 2, 3, 2, 7, 2, 3, 2, 4, 8, 1, 4,
  1, 5, 9, 5, 3, 6, 11, 4, 7, 10, 1, 2, 3,
  3, 1, 16, 1, 3, 1, 1, 1, 2, 1, 31, 2, 54,
  2, 16, 2, 3, 2, 7, 2, 3, 2, 1, 2, 9, 1,
  4, 1, 5, 9, 5, 3, 5, 11, 4, 3, 1, 4, 10,
  1, 2, 3, 3, 6, 2, 2, 3, 6, 2, 1, 2, 2,
  1, 31, 2, 54, 2, 16, 2, 3, 2, 7, 2, 3, 2,
  1, 11, 1, 4, 1, 5, 9, 5, 3, 4, 11, 4, 3,
  3, 3, 10, 1, 2, 3, 3, 18, 4, 2, 2, 32, 2,
  54, 2, 21, 2, 7, 2, 3, 2, 1, 10, 2, 4, 1,
  5, 9, 5, 3, 3, 11, 4, 3, 2, 2, 3, 10, 1,
  2, 3, 3, 17, 2, 2, 1, 1, 1, 2, 32, 2, 54,
  2, 21, 2, 7, 2, 3, 2, 1, 6, 3, 1, 1, 1,
  4, 1, 5, 9, 5, 2, 3, 11, 1, 3, 3, 1, 4,
  3, 4, 1, 6, 2, 1, 2, 2, 3, 1, 3, 1, 4,
  1, 3, 1, 3, 2, 1, 1, 1, 2, 1, 31, 2, 18,
  1, 35, 2, 21, 2, 7, 2, 3, 2, 2, 4, 7, 4,
  1, 5, 9, 5, 2, 2, 11, 1, 3, 3, 2, 4, 3,
  4, 2, 5, 2, 1, 2, 2, 20, 2, 1, 1, 1, 2,
  1, 11, 96, 3, 2, 7, 2, 3, 2, 2, 2, 3, 6,
  4, 1, 5, 9, 5, 1, 2, 11, 4, 3, 3, 4, 3,
  4, 2, 5, 2, 1, 2, 3, 19, 2, 1, 1, 1, 2,
  1, 10, 1, 96, 1, 2, 3, 6, 2, 3, 2, 2, 4,
  1, 6, 4, 1, 5, 9, 5, 1, 12, 1, 3, 3, 3,
  5, 3, 4, 2, 5, 2, 1, 2, 3, 1, 17, 3, 3,
  2, 1, 9, 1, 3, 5, 1, 1, 5, 1, 1, 6, 2,
  8, 1, 1, 5, 2, 10, 2, 4, 2, 2, 2, 6, 2,
  8, 2, 14, 3, 5, 1, 4, 2, 3, 2, 2, 5, 1,
  5, 4, 1, 5, 9, 5, 1, 11, 2, 3, 2, 3, 6,
  3, 4, 2, 5, 2, 3, 11, 9, 4, 3, 2, 5, 7,
  1, 7, 6, 10, 8, 9, 11, 7, 2, 10, 9, 15, 3,
  5, 2, 3, 2, 3, 2, 2, 6, 5, 4, 1, 5, 9,
  5, 11, 3, 2, 2, 2, 8, 3, 4, 2, 4, 1, 2,
  3, 11, 8, 5, 3, 2, 5, 7, 1, 8, 2, 34, 6,
  22, 3, 21, 7, 4, 2, 3, 2, 2, 8, 3, 4, 1,
  5, 9, 5, 10, 3, 2, 2, 3, 8, 3, 4, 2, 4,
  1, 2, 2, 2, 10, 8, 1, 4, 3, 2, 1, 2, 2,
  7, 46, 4, 24, 1, 22, 1, 7, 2, 1, 2, 3, 2,
  2, 2, 2, 5, 2, 4, 1, 5, 9, 5, 9, 3, 2,
  2, 3, 9, 3, 3, 4, 3, 1, 2, 1, 11, 1, 2,
  1, 4, 3, 2, 5, 2, 2, 2, 3, 2, 2, 1, 98,
  1, 3, 1, 3, 2, 2, 3, 2, 2, 2, 1, 3, 4,
  2, 3, 1, 5, 9, 5, 8, 3, 2, 2, 3, 10, 3,
  3, 4, 4, 2, 3, 5, 5, 1, 3, 6, 3, 4, 2,
  2, 2, 2, 4, 2, 2, 3, 86, 2, 9, 2, 2, 2,
  2, 3, 2, 2, 2, 5, 3, 2, 3, 1, 5, 9, 5,
  7, 3, 2, 2, 3, 11, 3, 3, 4, 3, 1, 2, 1,
  7, 6, 4, 1, 3, 4, 4, 2, 2, 2, 3, 4, 1,
  1, 1, 2, 89, 1, 9, 1, 6, 3, 2, 2, 2, 5,
  1, 4, 1, 1, 2, 5, 9, 5, 6, 3, 2, 3, 2,
  12, 3, 4, 2, 4, 1, 2, 1, 8, 3, 15, 3, 2,
  2, 2, 1, 3, 1, 1, 100, 2, 3, 1, 6, 3, 2,
  2, 2, 1, 5, 3, 3, 2, 5, 9, 5, 5, 3, 2,
  3, 1, 14, 3, 4, 1, 5, 1, 2, 9, 2, 18, 1,
  2, 2, 2, 1, 1, 4, 99, 3, 3, 1, 6, 3, 2,
  2, 2, 1, 1, 3, 2, 2, 4, 1, 5, 9, 5, 4,
  3, 2, 3, 1, 15, 3, 10, 1, 2, 9, 2, 18, 1,
  2, 2, 2, 3, 4, 98, 2, 4, 1, 6, 3, 2, 2,
  2, 3, 2, 2, 2, 4, 1, 5, 9, 5, 3, 3, 2,
  3, 2, 15, 3, 10, 1, 2, 9, 2, 18, 1, 2, 2,
  2, 3, 5, 1, 1, 2, 92, 2, 5, 1, 6, 3, 2,
  2, 2, 3, 2, 2, 2, 4, 1, 5, 9, 5, 2, 3,
  2, 3, 2, 16, 3, 11, 2, 9, 2, 18, 1, 2, 2,
  2, 3, 5, 2, 3, 89, 2, 1, 6, 1, 6, 3, 2,
  2, 2, 3, 3, 1, 2, 5, 5, 9, 5, 1, 3, 2,
  3, 3, 16, 3, 11, 2, 9, 2, 18, 1, 2, 3, 2,
  2, 1, 4, 3, 2, 89, 2, 7, 3, 1, 3, 3, 2,
  2, 2, 4, 2, 1, 2, 5, 5, 9, 5, 3, 2, 3,
  4, 15, 1, 3, 11, 2, 9, 2, 18, 1, 2, 1, 3,
  3, 7, 93, 7, 3, 3, 2, 3, 2, 2, 2, 4, 3,
  2, 5, 5, 9, 5, 1, 1, 2, 3, 4, 16, 1, 3,
  4, 2, 5, 2, 9, 2, 18, 1, 2, 1, 4, 2, 7,
  2, 89, 1, 8, 2, 4, 2, 3, 2, 2, 2, 6, 1,
  2, 5, 5, 9, 5, 1, 2, 3, 3, 18, 1, 3, 4,
  2, 5, 2, 9, 2, 18, 1, 2, 1, 4, 1, 1, 1,
  5, 2, 1, 48, 2, 5, 3, 5, 5, 28, 2, 2, 4,
  2, 3, 2, 2, 2, 6, 1, 2, 4, 1, 5, 9, 5,
  2, 3, 3, 20, 3, 4, 2, 5, 2, 9, 2, 18, 1,
  2, 1, 4, 1, 2, 1, 4, 1, 52, 5, 3, 5, 33,
  1, 3, 4, 2, 3, 2, 2, 2, 6, 1, 2, 5, 5,
  9, 5, 1, 3, 3, 21, 3, 4, 2, 5, 2, 9, 2,
  18, 1, 2, 6, 1, 5, 2, 51, 3, 27, 2, 11, 2,
  4, 6, 2, 3, 2, 2, 2, 7, 2, 5, 5, 9, 5,
  3, 3, 22, 4, 3, 2, 4, 4, 8, 2, 18, 4, 5,
  7, 1, 6, 6, 38, 3, 27, 4, 8, 2, 6, 6, 3,
  2, 2, 2, 2, 6, 1, 2, 5, 5, 9, 5, 2, 3,
  23, 5, 1, 4, 1, 1, 6, 6, 4, 1, 21, 1, 111,
  6, 3, 2, 2, 2, 2, 6, 1, 2, 2, 3, 5, 9,
  5, 1, 3, 24, 161, 1, 1, 5, 3, 2, 2, 2, 2,
  6, 1, 2, 1, 1, 3, 5, 9, 5, 1, 2, 25, 161,
  3, 4, 3, 2, 2, 2, 2, 6, 1, 2, 5, 5, 9,
  5, 1, 1, 25, 163, 2, 4, 3, 2, 2, 2, 2, 6,
  1, 2, 5, 5, 9, 5, 1, 24, 1, 1, 5, 9, 5,
  27, 4, 10, 4, 2, 88, 11, 3, 1, 2, 3, 2, 2,
  2, 6, 1, 2, 1, 3, 1, 5, 9, 5, 24, 1, 2,
  4, 11, 3, 29, 2, 12, 3, 2, 80, 3, 1, 5, 3,
  2, 5, 2, 2, 2, 3, 2, 2, 2, 7, 2, 5, 5,
  9, 5, 25, 2, 4, 11, 3, 29, 2, 12, 3, 1, 85,
  5, 3, 2, 6, 3, 2, 3, 2, 2, 2, 7, 2, 5,
  5, 9, 5, 24, 7, 11, 3, 29, 2, 12, 2, 1, 88,
  3, 3, 2, 4, 1, 2, 2, 2, 3, 2, 2, 2, 7,
  2, 5, 5, 9, 5, 23, 1, 7, 11, 3, 29, 2, 12,
  2, 1, 89, 2, 3, 2, 3, 2, 6, 3, 2, 2, 2,
  7, 2, 5, 5, 9, 5, 23, 3, 1, 4, 11, 3, 28,
  3, 12, 3, 89, 1, 3, 3, 3, 3, 5, 3, 2, 2,
  2, 7, 2, 5, 5, 9, 5, 22, 2, 4, 3, 11, 3,
  28, 3, 13, 2, 1, 87, 1, 2, 5, 3, 3, 5, 3,
  2, 2, 2, 7, 2, 5, 5, 9, 5, 21, 1, 2, 4,
  3, 11, 3, 28, 3, 13, 3, 1, 86, 1, 2, 5, 3,
  4, 4, 3, 2, 2, 2, 6, 1, 2, 5, 5, 9, 5,
  19, 1, 1, 3, 4, 4, 9, 5, 26, 5, 12, 3, 1,
  86, 1, 3, 3, 4, 5, 3, 3, 2, 2, 2, 6, 1,
  2, 5, 5, 9, 5, 19, 1, 3, 5, 64, 87, 1, 10,
  6, 3, 2, 2, 2, 2, 6, 1, 2, 4, 1, 5, 9,
  5, 18, 2, 2, 6, 64, 86, 1, 12, 5, 3, 2, 2,
  2, 2, 6, 1, 2, 3, 2, 5, 9, 5, 18, 2, 7,
  3, 1, 2, 5, 3, 5, 1, 12, 7, 6, 6, 11, 4,
  84, 1, 5, 3, 2, 3, 5, 3, 2, 2, 2, 2, 6,
  1, 2, 3, 2, 5, 9, 5, 16, 2, 2, 7, 2, 12,
  4, 3, 12, 5, 5, 2, 1, 4, 13, 3, 1, 82, 2,
  3, 7, 1, 1, 2, 4, 3, 2, 2, 2, 2, 6, 1,
  2, 3, 2, 5, 9, 5, 15, 1, 3, 8, 2, 5, 4,
  4, 2, 5, 11, 2, 3, 4, 5, 2, 15, 1, 2, 83,
  1, 3, 7, 2, 1, 1, 4, 3, 2, 2, 2, 2, 7,
  2, 3, 2, 5, 9, 5, 14, 1, 3, 7, 2, 14, 5,
  14, 5, 1, 2, 4, 6, 13, 1, 2, 83, 1, 2, 12,
  2, 1, 4, 2, 2, 2, 2, 1, 5, 1, 2, 3, 2,
  5, 9, 5, 13, 2, 3, 6, 2, 16, 3, 15, 5, 4,
  4, 4, 15, 2, 1, 82, 2, 13, 7, 2, 2, 2, 2,
  1, 5, 1, 2, 3, 2, 5, 9, 5, 13, 2, 3, 6,
  2, 16, 3, 15, 5, 4, 4, 4, 15, 1, 1, 1, 81,
  1, 1, 1, 13, 7, 2, 2, 2, 2, 1, 5, 1, 2,
  3, 1, 1, 5, 9, 5, 13, 1, 3, 5, 3, 1, 16,
  2, 15, 5, 1, 3, 6, 2, 17, 3, 79, 2, 2, 1,
  13, 2, 3, 3, 2, 2, 2, 1, 1, 3, 1, 1, 2,
  3, 1, 1, 5, 9, 5, 12, 2, 1, 6, 3, 34, 5,
  3, 28, 2, 1, 77, 2, 2, 1, 14, 2, 3, 3, 2,
  2, 2, 1, 4, 2, 2, 1, 1, 1, 1, 1, 5, 9,
  5, 12, 3, 6, 3, 33, 6, 3, 28, 3, 1, 75, 2,
  3, 2, 13, 2, 3, 3, 2, 2, 3, 4, 2, 2, 1,
  1, 1, 1, 1, 5, 9, 5, 10, 1, 3, 6, 1, 42,
  3, 31, 2, 72, 2, 3, 20, 2, 3, 2, 3, 2, 1,
  3, 1, 1, 2, 3, 1, 1, 5, 9, 5, 9, 2, 4,
  3, 3, 42, 2, 32, 2, 1, 70, 2, 4, 20, 2, 3,
  2, 2, 1, 3, 1, 3, 1, 2, 3, 1, 1, 5, 9,
  5, 10, 1, 11, 39, 3, 33, 3, 1, 68, 1, 2, 4,
  20, 2, 3, 2, 4, 3, 4, 2, 3, 1, 1, 5, 9,
  5, 9, 1, 1, 12, 38, 1, 1, 35, 3, 1, 1, 63,
  3, 3, 3, 22, 2, 1, 3, 5, 3, 1, 2, 2, 1,
  1, 1, 1, 1, 5, 9, 5, 8, 16, 36, 1, 1, 1,
  35, 5, 1, 61, 4, 1, 4, 23, 6, 6, 3, 1, 3,
  3, 2, 5, 9, 5, 7, 2, 2, 4, 5, 4, 36, 1,
  1, 1, 36, 5, 60, 5, 4, 25, 5, 7, 6, 3, 2,
  5, 9, 5, 6, 1, 2, 2, 3, 6, 1, 3, 1, 28,
  7, 39, 1, 3, 2, 56, 4, 4, 2, 28, 1, 3, 1,
  7, 5, 3, 2, 5, 9, 5, 6, 1, 2, 2, 3, 6,
  1, 2, 2, 29, 5, 1, 40, 3, 4, 1, 52, 4, 4,
  1, 2, 29, 1, 2, 2, 7, 4, 3, 2, 5, 9, 5,
  6, 2, 3, 3, 4, 3, 4, 29, 5, 41, 1, 2, 6,
  45, 4, 1, 4, 5, 2, 30, 2, 1, 2, 1, 7, 3,
  3, 1, 1, 5, 9, 5, 4, 1, 2, 4, 3, 3, 4,
  7, 16, 5, 3, 1, 1, 5, 9, 21, 7, 4, 1, 3,
  3, 6, 40, 6, 2, 3, 1, 3, 1, 2, 5, 1, 1,
  1, 24, 1, 2, 1, 7, 2, 3, 1, 1, 5, 9, 5,
  3, 1, 3, 4, 3, 2, 5, 7, 26, 5, 3, 38, 1,
  2, 5, 5, 38, 7, 1, 1, 4, 1, 3, 2, 1, 33,
  3, 9, 5, 5, 9, 5, 1, 2, 3, 5, 3, 2, 5,
  7, 24, 1, 5, 42, 2, 6, 6, 1, 3, 33, 2, 11,
  1, 4, 2, 1, 32, 1, 3, 7, 6, 5, 9, 5, 2,
  3, 6, 3, 2, 5, 7, 23, 2, 4, 1, 41, 2, 7,
  2, 2, 1, 6, 1, 30, 2, 12, 1, 4, 2, 2, 1,
  31, 3, 7, 6, 5, 9, 5, 2, 3, 6, 3, 2, 5,
  2, 2, 3, 24, 4, 2, 41, 2, 7, 3, 2, 6, 1,
  30, 2, 12, 1, 5, 1, 2, 33, 2, 1, 1, 6, 5,
  5, 9, 5, 1, 3, 6, 4, 2, 5, 2, 2, 3, 24,
  4, 2, 41, 2, 7, 2, 3, 7, 29, 1, 2, 12, 1,
  5, 1, 2, 1, 32, 3, 1, 7, 4, 5, 9, 5, 2,
  8, 4, 2, 5, 2, 2, 3, 24, 4, 2, 41, 2, 7,
  2, 8, 34, 9, 3, 1, 5, 1, 2, 1, 34, 2, 1,
  5, 3, 1, 1, 5, 9, 5, 2, 8, 4, 2, 5, 2,
  2, 3, 23, 4, 1, 1, 42, 2, 7, 2, 9, 33, 9,
  2, 2, 6, 1, 1, 1, 34, 1, 2, 1, 4, 3, 1,
  1, 5, 9, 5, 1, 9, 4, 2, 5, 2, 2, 3, 22,
  5, 1, 2, 40, 1, 1, 6, 2, 1, 1, 40, 1, 12,
  3, 6, 1, 2, 34, 1, 2, 1, 3, 3, 2, 5, 9,
  5, 7, 2, 2, 3, 2, 5, 2, 2, 3, 21, 6, 2,
  40, 1, 1, 1, 5, 2, 1, 56, 1, 1, 7, 3, 34,
  1, 1, 2, 4, 1, 2, 5, 9, 5, 6, 3, 2, 3,
  2, 5, 2, 2, 3, 21, 5, 3, 40, 2, 1, 5, 1,
  2, 56, 2, 1, 6, 3, 34, 1, 3, 7, 5, 9, 5,
  6, 3, 2, 3, 2, 5, 2, 2, 3, 21, 5, 3, 40,
  1, 2, 5, 2, 1, 56, 3, 6, 3, 35, 2, 1, 7,
  5, 9, 5, 8, 3, 3, 2, 5, 2, 2, 3, 19, 1,
  5, 1, 2, 41, 1, 1, 6, 2, 57, 1, 8, 2, 1,
  36, 2, 1, 6, 5, 9, 5, 8, 3, 3, 2, 5, 2,
  2, 3, 18, 1, 4, 1, 3, 41, 2, 1, 6, 1, 3,
  55, 2, 7, 1, 2, 36, 2, 2, 5, 5, 9, 5, 4,
  1, 3, 2, 4, 2, 5, 2, 2, 4, 1, 15, 6, 4,
  1, 39, 1, 2, 7, 4, 1, 51, 5, 7, 4, 1, 31,
  2, 1, 3, 2, 1, 3, 5, 9, 5, 2, 3, 6, 3,
  2, 5, 2, 2, 3, 23, 3, 44, 7, 4, 58, 4, 2,
  43, 3, 2, 5, 9, 5, 2, 3, 6, 3, 2, 5, 2,
  2, 3, 23, 3, 43, 8, 3, 60, 2, 3, 43, 3, 2,
  5, 9, 5, 2, 2, 7, 3, 2, 5, 2, 2, 3, 22,
  1, 3, 43, 3, 3, 2, 4, 60, 1, 1, 3, 43, 1,
  3, 5, 9, 5, 3, 1, 6, 1, 3, 2, 5, 2, 2,
  4, 15, 6, 49, 1, 5, 2, 58, 6, 1, 45, 1, 1,
  1, 1, 5, 9, 5, 3, 8, 3, 2, 5, 2, 2, 3,
  17, 4, 51, 5, 1, 60, 5, 47, 1, 1, 1, 5, 9,
  5, 2, 1, 8, 1, 2, 2, 5, 2, 2, 3, 17, 4,
  51, 1, 4, 61, 6, 46, 1, 2, 5, 9, 5, 1, 3,
  4, 3, 1, 2, 2, 5, 2, 2, 3, 12, 1, 1, 2,
  1, 4, 4, 41, 3, 1, 1, 2, 4, 4, 1, 2, 56,
  5, 4, 43, 1, 5, 9, 5, 11, 1, 2, 2, 5, 2,
  2, 3, 17, 4, 3, 49, 4, 3, 61, 4, 3, 45, 5,
  9, 5, 11, 1, 2, 2, 5, 2, 2, 3, 17, 4, 3,
  49, 4, 4, 60, 4, 3, 45, 5, 9, 5, 12, 2, 2,
  5, 2, 2, 3, 16, 4, 4, 49, 4, 4, 60, 4, 3,
  45, 5, 9, 5, 12, 2, 2, 5, 2, 2, 3, 14, 2,
  3, 3, 51, 4, 4, 60, 1, 4, 3, 43, 1, 5, 9,
  5, 12, 2, 2, 5, 2, 2, 3, 14, 1, 3, 3, 52,
  4, 4, 60, 1, 5, 3, 42, 1, 5, 9, 5, 12, 2,
  2, 5, 2, 2, 3, 15, 3, 3, 52, 4, 4, 60, 2,
  5, 3, 41, 1, 5, 9, 5, 12, 2, 2, 5, 2, 2,
  3, 15, 3, 4, 51, 4, 4, 62, 5, 3, 41, 1, 5,
  9, 5, 12, 2, 2, 5, 2, 2, 3, 15, 3, 4, 51,
  4, 4, 62, 5, 3, 41, 1, 5, 9, 5, 12, 2, 2,
  5, 2, 2, 3, 14, 4, 2, 53, 4, 4, 62, 6, 2,
  41, 1, 5, 9, 5, 12, 2, 2, 5, 2, 2, 3, 13,
  5, 2, 53, 4, 4, 64, 5, 1, 41, 1, 5, 9, 5,
  12, 2, 1, 6, 2, 2, 3, 12, 5, 1, 55, 4, 4,
  65, 4, 1, 1, 1, 39, 1, 5, 9, 5, 12, 2, 2,
  5, 2, 2, 3, 11, 5, 1, 1, 55, 4, 4, 64, 5,
  1, 1, 1, 39, 1, 5, 9, 5, 12, 2, 2, 5, 2,
  2, 3, 10, 1, 4, 2, 56, 4, 4, 64, 5, 1, 1,
  1, 39, 1, 5, 9, 5, 12, 2, 2, 5, 2, 3, 3,
  8, 1, 5, 3, 55, 4, 4, 64, 5, 2, 40, 1, 5,
  9, 5, 12, 2, 2, 5, 2, 4, 3, 7, 1, 5, 3,
  55, 4, 4, 64, 6, 2, 39, 1, 5, 9, 5, 12, 2,
  2, 5, 3, 3, 4, 6, 7, 1, 1, 55, 4, 4, 65,
  1, 4, 2, 39, 1, 5, 9, 5, 12, 2, 2, 5, 4,
  1, 6, 4, 11, 15, 2, 37, 4, 4, 65, 2, 3, 3,
  38, 1, 5, 9, 5, 12, 2, 2, 5, 43, 1, 36, 4,
  4, 67, 3, 3, 38, 1, 5, 9, 5, 12, 2, 2, 5,
  44, 36, 4, 3, 68, 3, 4, 38, 5, 9, 5, 11, 3,
  2, 5, 44, 1, 34, 5, 4, 66, 5, 3, 37, 1, 5,
  9, 5, 4, 6, 1, 3, 2, 5, 4, 1, 5, 31, 3,
  2, 1, 9, 22, 6, 4, 4, 6, 5, 47, 10, 1, 1,
  1, 1, 1, 1, 32, 1, 1, 5, 9, 5, 11, 3, 2,
  5, 3, 5, 34, 2, 40, 3, 74, 3, 36, 5, 9, 5,
  11, 3, 2, 5, 4, 1, 5, 31, 4, 39, 3, 74, 3,
  36, 5, 9, 5, 11, 3, 2, 5, 45, 39, 3, 74, 3,
  36, 5, 9, 5, 11, 3, 2, 5, 45, 39, 3, 74, 3,
  36, 5, 9, 5, 11, 3, 2, 5, 46, 38, 3, 75, 2,
  36, 5, 9, 5, 1, 1, 8, 1, 3, 2, 5, 4, 31,
  4, 8, 1, 1, 29, 6, 73, 5, 3, 33, 1, 1, 5,
  9, 5, 1, 10, 3, 2, 5, 3, 34, 6, 5, 31, 5,
  74, 4, 3, 34, 1, 5, 9, 5, 1, 10, 1, 2, 2,
  5, 3, 36, 5, 3, 1, 31, 1, 4, 74, 1, 5, 35,
  1, 5, 9, 5, 4, 6, 1, 3, 2, 5, 2, 1, 34,
  3, 2, 3, 8, 3, 7, 3, 13, 1, 4, 4, 1, 2,
  40, 6, 12, 2, 9, 6, 4, 4, 2, 8, 3, 4, 1,
  7, 1, 5, 9, 5, 11, 3, 2, 5, 2, 35, 1, 3,
  3, 35, 1, 4, 3, 74, 5, 4, 29, 1, 5, 9, 5,
  11, 3, 2, 5, 2, 36, 2, 1, 3, 35, 1, 4, 4,
  73, 5, 3, 30, 1, 5, 9, 5, 11, 1, 2, 2, 5,
  2, 35, 3, 1, 3, 36, 4, 4, 73, 5, 3, 30, 1,
  5, 9, 5, 11, 1, 2, 2, 5, 2, 34, 2, 2, 2,
  38, 4, 4, 73, 5, 3, 30, 1, 5, 9, 5, 12, 2,
  2, 5, 2, 33, 3, 2, 1, 39, 4, 4, 73, 6, 3,
  29, 1, 5, 9, 5, 12, 2, 2, 5, 2, 33, 1, 3,
  1, 40, 4, 4, 74, 1, 4, 1, 3, 28, 1, 5, 9,
  5, 12, 2, 2, 5, 2, 33, 1, 3, 41, 4, 4, 74,
  2, 4, 1, 2, 28, 1, 5, 9, 5, 12, 2, 2, 5,
  2, 33, 1, 2, 42, 4, 4, 75, 1, 4, 3, 28, 1,
  5, 9, 5, 12, 2, 3, 4, 2, 32, 1, 3, 42, 4,
  4, 75, 1, 4, 3, 28, 1, 5, 9, 5, 13, 3, 2,
  1, 1, 1, 2, 31, 1, 2, 44, 4, 4, 75, 1, 4,
  3, 28, 1, 5, 9, 5, 14, 2, 5, 2, 30, 2, 1,
  45, 4, 4, 75, 2, 4, 3, 28, 5, 9, 5, 14, 2,
  1, 4, 2, 29, 1, 3, 45, 4, 4, 76, 1, 5, 1,
  3, 25, 1, 5, 9, 5, 14, 2, 1, 3, 1, 2, 27,
  3, 1, 1, 1, 45, 4, 4, 78, 5, 3, 25, 1, 5,
  9, 5, 14, 2, 1, 3, 1, 2, 27, 3, 2, 46, 4,
  3, 79, 5, 3, 25, 1, 5, 9, 5, 14, 2, 5, 2,
  27, 3, 2, 46, 4, 3, 79, 5, 3, 25, 1, 5, 9,
  5, 14, 2, 5, 2, 27, 3, 2, 46, 4, 3, 79, 5,
  3, 25, 1, 5, 9, 5, 13, 1, 2, 2, 3, 2, 27,
  1, 2, 2, 46, 4, 3, 79, 5, 1, 3, 24, 1, 5,
  9, 5, 14, 2, 2, 3, 2, 26, 2, 2, 1, 1, 46,
  4, 3, 80, 5, 3, 24, 1, 5, 9, 5, 16, 1, 2,
  1, 3, 25, 2, 3, 1, 47, 4, 3, 81, 4, 4, 23,
  1, 5, 9, 5, 17, 2, 2, 2, 25, 2, 3, 48, 4,
  3, 82, 3, 4, 23, 1, 5, 9, 5, 17, 2, 2, 2,
  25, 2, 2, 49, 4, 4, 80, 2, 3, 3, 23, 1, 5,
  9, 5, 17, 2, 2, 2, 25, 2, 2, 49, 4, 4, 81,
  1, 3, 1, 3, 22, 1, 5, 9, 5, 17, 2, 2, 2,
  26, 1, 2, 1, 48, 4, 4, 83, 4, 3, 21, 1, 5,
  9, 5, 16, 1, 2, 2, 2, 26, 1, 2, 1, 48, 4,
  4, 83, 4, 3, 21, 1, 5, 9, 5, 16, 1, 2, 2,
  2, 26, 1, 2, 49, 4, 4, 83, 4, 3, 21, 1, 5,
  9, 5, 17, 2, 2, 2, 26, 1, 2, 1, 48, 4, 4,
  83, 4, 3, 21, 1, 5, 9, 5, 17, 1, 1, 2, 2,
  26, 1, 2, 1, 48, 4, 4, 83, 4, 3, 21, 1, 5,
  9, 5, 17, 1, 1, 1, 3, 26, 1, 2, 49, 4, 4,
  84, 4, 4, 19, 1, 5, 9, 5, 18, 1, 4, 26, 1,
  2, 1, 48, 4, 3, 85, 5, 1, 2, 19, 1, 5, 9,
  5, 1, 17, 1, 5, 24, 1, 4, 47, 5, 4, 83, 6,
  4, 18, 1, 5, 9, 5, 19, 6, 22, 6, 1, 20, 14,
  5, 5, 7, 4, 1, 2, 7, 4, 6, 4, 7, 18, 7,
  9, 24, 4, 6, 5, 8, 5, 9, 5, 19, 34, 52, 3,
  90, 3, 20, 5, 9, 5, 19, 34, 52, 3, 90, 3, 20,
  5, 9, 5, 20, 33, 52, 4, 90, 2, 20, 5, 9, 5,
  1, 17, 2, 4, 29, 47, 5, 90, 6, 19, 1, 5, 9,
  5, 18, 4, 1, 30, 48, 4, 91, 5, 20, 5, 9, 5,
  1, 16, 1, 4, 31, 47, 1, 4, 91, 1, 5, 18, 1,
  5, 9, 5, 2, 1, 1, 3, 4, 2, 4, 1, 4, 2,
  30, 1, 6, 1, 22, 1, 4, 1, 10, 1, 4, 4, 9,
  1, 10, 1, 3, 1, 50, 1, 3, 5, 5, 4, 1, 5,
  11, 2, 5, 9, 5, 17, 4, 3, 77, 4, 4, 90, 4,
  4, 13, 1, 5, 9, 5, 16, 5, 1, 2, 77, 4, 4,
  90, 4, 4, 13, 1, 5, 9, 5, 15, 5, 3, 78, 4,
  4, 90, 4, 4, 13, 1, 5, 9, 5, 14, 5, 3, 79,
  4, 4, 90, 4, 1, 3, 13, 1, 5, 9, 5, 14, 5,
  3, 79, 4, 4, 91, 5, 3, 11, 2, 5, 9, 5, 1,
  12, 1, 5, 3, 79, 4, 4, 91, 6, 3, 10, 1, 1,
  5, 9, 5, 1, 1, 11, 1, 5, 3, 79, 4, 3, 93,
  5, 3, 9, 1, 2, 5, 9, 5, 3, 1, 9, 1, 5,
  3, 1, 77, 1, 4, 1, 2, 93, 5, 3, 8, 2, 2,
  5, 9, 6, 1, 1, 1, 8, 1, 9, 1, 14, 2, 2,
  2, 24, 2, 1, 4, 4, 2, 2, 3, 6, 2, 1, 6,
  6, 2, 1, 3, 2, 4, 2, 2, 2, 3, 2, 8, 5,
  1, 2, 22, 2, 3, 2, 11, 4, 10, 1, 7, 1, 1,
  1, 7, 1, 1, 1, 6, 9, 231, 9, 231, 10, 229, 11,
  229, 13, 225, 1690,
};
