// FONDO_PARQUE.h - Fondo (240x320) comprimido con RLE
#pragma once
#include <Arduino.h>

#define FONDO_PARQUE_ANCHO 240
#define FONDO_PARQUE_ALTO 320
#define FONDO_PARQUE_RUNS 13896

const uint16_t FONDO_PARQUE_COLOR[FONDO_PARQUE_RUNS] PROGMEM = {
  0xFFF8, 0x761E, 0xFFF8, 0x761E, 0xFFF8, 0x761E, 0xFFF8, 0x761E, 0x6E1F, 0x6E1E, 0x6E1F, 0x761E, 0xFFF8,
  0x761E, 0xFFF8, 0x761E, 0xFFF8, 0x761E, 0x6E1F, 0x6E3F, 0x6E1F, 0x6E3F, 0x6E1F, 0x6E1E, 0x761E, 0xFFF8,
  0x761E, 0xFFF8, 0x761E, 0x6E1F, 0x6E3F, 0x6E1F, 0x6E3E, 0x6E1F, 0x6E3F, 0x6E1E, 0x6E1F, 0x6E1E, 0x761E,
  0xFFF8, 0x761E, 0x6E3F, 0x6E1F, 0x6E3F, 0x6E1F, 0x6E3F, 0x761E, 0x6E1F, 0x6E3F, 0x6E1F, 0x6E3F, 0x6E1F,
  0xFFF8, 0x761F, 0x6E1F, 0x6E1E, 0x6E1F, 0x6E1E, 0x6E1F, 0x6E1E, 0x6E1F, 0x6E1E, 0x6E1F, 0x6E1E, 0x6E1F,
  0x6E3F, 0x761E, 0x6E1E, 0x761E, 0xFFF8, 0x761E, 0x6E3F, 0x6E1F, 0x6E3F, 0x6E1F, 0x6E3F, 0xFFF8, 0x6E1F,
  0x6E1E, 0x6E1F, 0x6E1E, 0x6E1F, 0x6E1E, 0x6E1F, 0x6E3F, 0x6E1E, 0x761E, 0x6E1E, 0x761E, 0xFFF8, 0x761E,
  0x6E1E, 0x6E1F, 0x6E1E, 0x6E1F, 0x6E1E, 0x6E1F, 0x6E3F, 0x6E1F, 0x6E1E, 0x6E3F, 0x6E1F, 0x6E1E, 0x6E1F,
  0x6E1E, 0x6E3F, 0x6E1F, 0x6E3F, 0x663F, 0xFFF8, 0x6E1F, 0x6E1E, 0x6E1F, 0x6E1E, 0x6E1F, 0x661E, 0x6E3F,
  0x6E1E, 0x6E1F, 0x761E, 0xFFF8, 0x761E, 0x663F, 0x6E3F, 0x761E, 0x6E1E, 0x6E1F, 0x6E1E, 0x6E1F, 0x6E1E,
  0x6E1F, 0x6E1E, 0x6E1F, 0x6E1E, 0x6E1F, 0x6E1E, 0x6E1F, 0x6E1E, 0x6E1F, 0x6E1E, 0x6E1F, 0x6E3F, 0x6E1F,
  0x6E1E, 0x6E1F, 0x6E3F, 0x6E1F, 0x761F, 0x6E1F, 0x6E3F, 0xFFF8, 0x6E1E, 0x6E1F, 0x6E1E, 0x6E1F, 0x6E1E,
  0x6E3F, 0x6E1F, 0x6E1E, 0x6E1F, 0x6E1E, 0x6E1F, 0x6E1E, 0x761E, 0x6E1E, 0x761E, 0xFFF8, 0x761E, 0x6E3F,
  0x661F, 0x663F, 0x761E, 0x6E3F, 0x6E1F, 0x6E3F, 0x6E1F, 0x6E1E, 0x6E1F, 0x6E1E, 0x6E1F, 0x6E1E, 0x6E1F,
  0x6E3F, 0x6E1F, 0x6E1E, 0x6E3E, 0x6E3F, 0x763F, 0x761F, 0x6E1F, 0x6E3F, 0x761F, 0xFFF8, 0x6E1E, 0x6DFE,
  0x6E1F, 0x6E1E, 0x761F, 0x6E1E, 0x6DFE, 0x6E1F, 0x6E1E, 0x6E1F, 0x761E, 0x761F, 0x761E, 0x6E1E, 0x761E,
  0xFFF8, 0x761E, 0x6E1F, 0x761E, 0x6E1F, 0x663F, 0x6E1F, 0x6E1E, 0x6E1F, 0x6E1E, 0x6E1F, 0x6E1E, 0x761F,
  0x6E1E, 0x6E1F, 0x6E1E, 0x6E1F, 0x6E3F, 0x6E1F, 0x763F, 0x761F, 0x6E1E, 0x761F, 0x6E1E, 0x761F, 0xFFF8,
  0x6E1E, 0x6E1F, 0x6E3F, 0x6E1F, 0x6E1E, 0x6E1F, 0x6E3F, 0x6E1F, 0x6E3F, 0x6E1E, 0x6E1F, 0x761E, 0x6E1E,
  0x6E1F, 0x761E, 0x6E1E, 0x761E, 0x6E1F, 0x761E, 0x6E1F, 0x761E, 0x6E3F, 0x6E1E, 0x6E1F, 0x6E3F, 0x6E1F,
  0x6E1E, 0x6E1F, 0x6E1E, 0x761F, 0x6E1E, 0x761F, 0x6E1E, 0x6E1F, 0x6E1E, 0x6E1F, 0x6E1E, 0x761F, 0x763F,
  0x761E, 0x761F, 0xFFF8, 0x6E1F, 0x6E1E, 0x661E, 0x6E1E, 0x6E1F, 0x6E1E, 0x6E1F, 0x6E1E, 0x6E1F, 0x6E1E,
  0x6E1F, 0x6E1E, 0x761E, 0x6DFE, 0x761E, 0x6E1E, 0x761E, 0x6E1F, 0x6E1E, 0x6E1F, 0x761F, 0x6E1F, 0x6E1E,
  0x6E1F, 0x761E, 0x6E1E, 0x761E, 0x6DFE, 0x6E1E, 0x761E, 0x6E1E, 0x6E1F, 0x6E3E, 0x761F, 0x761E, 0x761F,
  0xFFF8, 0x6E1F, 0x6E1E, 0x6E1F, 0x6E1E, 0x6E1F, 0x761F, 0x6E1F, 0x761F, 0x6E1F, 0x6E3F, 0x6E1F, 0x6E1E,
  0x761E, 0x6DFE, 0x6E1E, 0x761E, 0x6E1E, 0x761E, 0x6E1E, 0x761E, 0x6E1F, 0x6E1E, 0xFFF8, 0x6E1E, 0x761E,
  0x6E1E, 0x6E1F, 0x6E3E, 0x761E, 0x761F, 0x761E, 0x761F, 0xFFF8, 0x6E1F, 0x6E1E, 0x6E1F, 0x6E1E, 0x6E3E,
  0x6E1F, 0x6E3E, 0x6E1E, 0x6E1F, 0x6E1E, 0x6E1F, 0x761E, 0x6E1E, 0x761E, 0x6E1E, 0x761E, 0x6E1E, 0x761E,
  0x6E1E, 0x761E, 0x761F, 0x6E1E, 0x761E, 0x6E1E, 0x6E1F, 0x6E1E, 0xFFF8, 0x6E1E, 0x761E, 0xFFF8, 0x6E1F,
  0x6E1E, 0x761E, 0x6E1E, 0x761E, 0x6E1E, 0x761E, 0x6E1E, 0x761F, 0x6E1E, 0x761E, 0x6E1E, 0x761E, 0x6E1E,
  0x761E, 0x6E1F, 0x6E1E, 0x761E, 0x761F, 0x761E, 0x6E1E, 0x761E, 0x6E1E, 0x6E3F, 0x6E1F, 0xFFF8, 0x761E,
  0xFFF8, 0x761E, 0x6E1E, 0x6E1F, 0x6E1E, 0x761E, 0x6E1E, 0x761E, 0x6E1F, 0x6E1E, 0x761E, 0x6E1E, 0x6E1F,
  0x6E1E, 0x6E1F, 0x6E1E, 0x761E, 0x6E1E, 0x761E, 0x6E1E, 0x6E1F, 0x6E3F, 0xFFF8, 0x761E, 0x6E1E, 0x761E,
  0x6E1E, 0x761E, 0x6E3F, 0x6E1E, 0x6E1F, 0x6E1E, 0x6E1F, 0x761E, 0x6E1F, 0x6E1E, 0x763F, 0x6E1E, 0x6E1F,
  0x6E1E, 0x6E1F, 0x6E1E, 0x761E, 0x6E1E, 0x6E1F, 0xFFF8, 0x761E, 0x6E1E, 0x6E1F, 0x6E1E, 0x6E1F, 0xFFF8,
  0x761E, 0x6E1E, 0x6E1F, 0x6E1E, 0x761E, 0x6E1E, 0x761E, 0x6E1E, 0x6E1F, 0x6E1E, 0x761E, 0x6E1E, 0x761E,
  0x6E1E, 0xFFF8, 0x761E, 0x6E1E, 0x761E, 0x6E1F, 0x6E1E, 0x6E1F, 0xFFF8, 0x761E, 0x6E1E, 0x761E, 0x6DFE,
  0x6E1E, 0x761E, 0x6E1E, 0x761E, 0x6E1E, 0x761E, 0x6E1E, 0x6E1F, 0xFFF8, 0x761E, 0x6E1E, 0x761E, 0x6DFE,
  0x6E1E, 0x761E, 0x6E1E, 0x761E, 0x6E1E, 0x761E, 0x6E1E, 0xFFF8, 0x6E1F, 0x6E1E, 0x761E, 0x6E1E, 0x761E,
  0x6E1E, 0x761E, 0x6E1E, 0x6E1F, 0x6E1E, 0x6E1F, 0xFFF8, 0x761E, 0x6E1E, 0x761E, 0x6E1E, 0x761E, 0x6E1E,
  0x761E, 0x6E1E, 0x761E, 0x6E1E, 0x761E, 0x6E1E, 0x761E, 0xFFF8, 0x761E, 0x6E1E, 0x761E, 0xFFF8, 0x761E,
  0x6E1E, 0x761E, 0x6E1E, 0x761E, 0x6E1E, 0x6E1F, 0x6E1E, 0xFFF8, 0x761E, 0x6E1E, 0x761E, 0x6E1E, 0x761E,
  0x6E1E, 0x761E, 0xFFF8, 0x761E, 0x6E1E, 0x761E, 0xFFF8, 0x761E, 0x6E1E, 0x6E1F, 0xFFF8, 0x761E, 0x6E1E,
  0x761E, 0x6E1E, 0x761E, 0xFFF8, 0x761E, 0x6E1E, 0x761E, 0x6E1E, 0xFFF8, 0x761E, 0xFFF8, 0x761E, 0x6E1E,
  0x761E, 0x6E1E, 0x761E, 0x75FE, 0x6DFE, 0x761E, 0x761F, 0xFFF8, 0x761E, 0x6E1E, 0xFFF8, 0x761E, 0xFFF8,
  0x761E, 0x6E1E, 0x761E, 0x75FE, 0x6E1E, 0x761E, 0xFFF8, 0x6E1E, 0xFFF8, 0x761E, 0xFFF8, 0x761E, 0x6E1E,
  0x761E, 0x6E1E, 0x761E, 0x761F, 0x761E, 0xFFF8, 0x6E1E, 0xFFF8, 0x761E, 0xFFF8, 0x761E, 0x6E1E, 0x761E,
  0x6E1E, 0x761E, 0x75FE, 0x761E, 0x6DFE, 0x761E, 0xFFF8, 0x761E, 0xFFF8, 0x761E, 0x6E1E, 0x761E, 0x6E1E,
  0x761F, 0x6E1E, 0x761E, 0x6DFE, 0x761E, 0xFFF8, 0x761E, 0x6E1E, 0x761E, 0x6E1E, 0x761E, 0x6E1E, 0x761E,
  0xFFF8, 0x761E, 0x6E1E, 0x761E, 0x6E1E, 0x761E, 0xFFF8, 0x761E, 0x6E1E, 0x761E, 0x6E1E, 0x761E, 0xFFF8,
  0xFECB, 0xFECC, 0xFFF8, 0x6DFE, 0x761E, 0x6E1E, 0x761E, 0x6DFE, 0x761E, 0x6E1E, 0x761E, 0xFFF8, 0x761E,
  0x6DFE, 0x761E, 0x6E1E, 0x761E, 0x6E1E, 0x761E, 0x6E1E, 0x6DFE, 0x761E, 0x6DFE, 0x761E, 0x6E1E, 0xFFF8,
  0xFECB, 0xFEAB, 0xFECC, 0xFECB, 0xFECC, 0x95D6, 0x761E, 0xFFF8, 0x761E, 0x6E1E, 0x761E, 0x6E1E, 0x761E,
  0x6DFE, 0x761E, 0x6DFE, 0x761E, 0xFFF8, 0x761E, 0x6E1E, 0x761E, 0x6DFE, 0x761E, 0x6E1E, 0x761E, 0x6E1E,
  0x761E, 0x75FE, 0x761E, 0x6E1E, 0x761E, 0x6E1E, 0x761E, 0x6E1E, 0x761E, 0xFFF8, 0xFECB, 0xFEAB, 0xFECC,
  0x761E, 0xFFF8, 0x761E, 0x761F, 0x6E1E, 0x761E, 0x6E1E, 0x761E, 0x6E1E, 0x761E, 0x6DFE, 0x6E1E, 0x6DFE,
  0x761E, 0x6DFE, 0x761E, 0xFFF8, 0x761E, 0x761F, 0x761E, 0x6E1E, 0x761E, 0x6E1E, 0x761E, 0x75FE, 0x761E,
  0x6DFE, 0x761E, 0x6DFE, 0x761E, 0x6DFE, 0x761E, 0xFFF8, 0xFECB, 0xFEEC, 0x9E58, 0x761E, 0xFFF8, 0x761E,
  0x6DFE, 0x761F, 0x761E, 0x6E1E, 0x761E, 0x6E1E, 0x761E, 0x6DFE, 0x761E, 0x6E1E, 0x761E, 0x6E1E, 0x761E,
  0x75FD, 0x761E, 0xFFF8, 0x75FE, 0x761E, 0x6DFE, 0x761E, 0x6DFE, 0x75FE, 0x761E, 0x761F, 0x761E, 0x761F,
  0x761E, 0x6E1E, 0x761E, 0x6E1E, 0x761E, 0x75FE, 0x761E, 0x6E1E, 0x761E, 0xFFF8, 0xFECB, 0xF6EE, 0xEF0F,
  0x761E, 0xFFF8, 0x6DFE, 0x761E, 0x6E1E, 0x761E, 0x75FE, 0x761E, 0x6E1E, 0x761E, 0x75FE, 0x761E, 0x75FE,
  0x761E, 0x6DFE, 0x761E, 0x6DFE, 0x761E, 0x6DFE, 0x761E, 0xFFF8, 0x761F, 0x761E, 0x6E1E, 0x761E, 0x6E1E,
  0x761E, 0x6DFE, 0x761E, 0x6DFE, 0x761E, 0xFEEC, 0xFECC, 0xFFF8, 0xFECB, 0xFEAB, 0xFECB, 0xFEEB, 0x761E,
  0x6E1E, 0x6DFE, 0x761E, 0x6DFE, 0x761E, 0x6E1E, 0x761E, 0x6E1E, 0x761E, 0x6E1E, 0x6DFE, 0x761E, 0x6DFE,
  0x75FE, 0x761E, 0x6E1E, 0x761E, 0x75FE, 0x761E, 0x6DFE, 0x761E, 0x6DFE, 0x75FE, 0x6DFE, 0x761E, 0xFFF8,
  0x761E, 0x75FE, 0x761E, 0x6DFE, 0x761E, 0x6DFE, 0x761E, 0xFECB, 0xFECC, 0xFECB, 0xFFF8, 0xFECB, 0x761E,
  0x761F, 0x761E, 0x6DFE, 0x761E, 0x6DFE, 0x761E, 0x6DFE, 0x761E, 0x75FE, 0x761E, 0x6DFE, 0x761E, 0x6DFE,
  0x761E, 0x6E1E, 0x761E, 0x6DFE, 0x761E, 0x75FE, 0x761E, 0xFFF8, 0x761E, 0x6DFE, 0x761E, 0x6E1E, 0x6DFE,
  0x761E, 0xFECB, 0x761E, 0x761F, 0x761E, 0x761F, 0x761E, 0x6E1E, 0x761E, 0x6DFE, 0x761E, 0x75FE, 0x761E,
  0x6DFE, 0x761E, 0x6DFE, 0x761E, 0x75FE, 0x761E, 0x75FE, 0x761E, 0x75FE, 0x761E, 0xFFF8, 0x761E, 0x6DFE,
  0x761E, 0x75FE, 0x6DFE, 0x761E, 0x6E1E, 0x761E, 0xFECB, 0x761E, 0x6E1E, 0x761E, 0x6DFE, 0x761E, 0x6DFE,
  0x761E, 0x6DFE, 0x75FE, 0x761E, 0x6DFE, 0x761E, 0x6E1E, 0x761E, 0x6E1E, 0x761E, 0x75FE, 0x761E, 0xFFF8,
  0x761E, 0x6E1E, 0x761E, 0x6E1E, 0x761E, 0x6E1E, 0x761E, 0xFECB, 0xFEEB, 0xFECB, 0x761E, 0x761F, 0x761E,
  0x6DFE, 0x761E, 0x6E1E, 0x761E, 0x6DFE, 0x761E, 0x6DFE, 0x761E, 0x6E1E, 0x761E, 0x6E1E, 0x761E, 0x6DFE,
  0x761E, 0xFFF8, 0x761E, 0x6DFE, 0x761E, 0x6E1E, 0x761E, 0xFECB, 0x761E, 0x75FE, 0x761E, 0x6DFE, 0x761E,
  0x6DFE, 0x761E, 0x6DFE, 0x761E, 0x75FE, 0x761E, 0x6E1E, 0x761E, 0x6E1E, 0x6DFE, 0x761E, 0xFFF8, 0x761E,
  0x6E1E, 0x761E, 0x6DFE, 0x761E, 0xFECB, 0xFEEB, 0xFECB, 0xFECC, 0xFECB, 0x761E, 0x6E1E, 0x761E, 0x6DFE,
  0x761E, 0x6DFE, 0x761E, 0x6E1E, 0x761E, 0x75FE, 0x761E, 0xFFF8, 0x761E, 0x6DFE, 0x761E, 0x6E1E, 0x761E,
  0xFECB, 0x761E, 0x6E1E, 0x761E, 0x6E1E, 0x761E, 0x6DFE, 0x761E, 0x75FE, 0x761E, 0xFFF8, 0x761E, 0x6DFE,
  0x761E, 0xFECB, 0xFEAB, 0xFECB, 0x761E, 0x6DFE, 0x761E, 0x6E1E, 0x761E, 0x6DFE, 0x761E, 0x75FE, 0x761E,
  0x6DFE, 0x761E, 0x6DFE, 0x761E, 0x75FE, 0x761E, 0x75FE, 0x761E, 0xFFF8, 0x761E, 0x6DFE, 0x761E, 0x6E1E,
  0xFFF8, 0x761E, 0x75FE, 0x761E, 0xFECB, 0xFEEB, 0xFECB, 0x761E, 0x75FE, 0x761E, 0x6E1E, 0x761E, 0x6E1E,
  0x761E, 0x6E1E, 0x761E, 0x6E1E, 0x761E, 0x6E1E, 0x761E, 0x75FE, 0x761E, 0x75FE, 0x761E, 0xFFF8, 0x75FE,
  0x761E, 0x6E1E, 0x761E, 0x6DFE, 0x761E, 0x761F, 0x761E, 0xF6EE, 0xF6ED, 0xFECB, 0xFEAB, 0xFECB, 0xFEEC,
  0xF6CD, 0x761E, 0x6E1E, 0x761E, 0x6E1E, 0x761E, 0x6E1E, 0x761E, 0x6DFE, 0x761E, 0x6E1E, 0x761E, 0x75FE,
  0x761E, 0x75FE, 0x761E, 0x75FE, 0x761E, 0x75FE, 0x761E, 0xFFF8, 0x761E, 0x75FE, 0x761E, 0x761F, 0x761E,
  0x6E1E, 0x761E, 0x6DFE, 0x761E, 0x6E1E, 0x6DFE, 0x761E, 0xBED8, 0xC6B5, 0xFECB, 0xCED4, 0x761E, 0x6DFE,
  0x6E1E, 0x6DFE, 0x761E, 0x6E1E, 0x761E, 0x6DFE, 0x761E, 0x75FE, 0x761E, 0x75FE, 0x761E, 0xFFF8, 0x761E,
  0x75FE, 0x761E, 0x763E, 0x761E, 0x6DFE, 0x761E, 0x6E1E, 0x761E, 0x85FA, 0xFECB, 0x761E, 0x6E1E, 0x761E,
  0x6E1E, 0x761E, 0x6DFE, 0x761E, 0x6DFE, 0x761E, 0xFFF8, 0x761E, 0x6E1E, 0x761E, 0xFFF8, 0x6DFE, 0x6E1E,
  0x761E, 0x6DFE, 0x761E, 0x75FE, 0x761E, 0x75FE, 0x761E, 0x6DFE, 0x761E, 0x761F, 0x761E, 0x6DFE, 0x761E,
  0x6E1E, 0x761E, 0x6DFE, 0x761E, 0x6E1E, 0x761E, 0x7DFB, 0xE6F1, 0xE6F0, 0xFECC, 0xFECB, 0xFEEB, 0xFECB,
  0xEEF0, 0xE6F0, 0x761E, 0x6E1E, 0x761E, 0x6DFE, 0x761E, 0x6DFE, 0x761E, 0x75FE, 0x761E, 0x75FE, 0x761E,
  0x75FE, 0x761E, 0xFFF8, 0x761E, 0x6E1E, 0xFFF8, 0x761E, 0x6E1E, 0x761E, 0x6DFE, 0x761E, 0x75FE, 0x761E,
  0x75FE, 0x761E, 0x75FE, 0x6DFE, 0x761E, 0x761F, 0x761E, 0x6E1E, 0x761E, 0x6E1E, 0x761E, 0x75FE, 0x761E,
  0x6E1E, 0x761F, 0x761E, 0x6E1E, 0x761E, 0x75FD, 0xF6EE, 0xFECB, 0xFECC, 0x85D9, 0x761E, 0x6E1E, 0x761E,
  0x75FE, 0x6E1E, 0x761E, 0x75FE, 0x761E, 0x6DFE, 0x761E, 0xFFF8, 0x761E, 0x6E1E, 0x761E, 0xFFF8, 0x761E,
  0x6DFE, 0x761E, 0x75FE, 0x761E, 0x75FE, 0x761E, 0x6DFE, 0x761E, 0x6DFE, 0x761E, 0x6DFE, 0x761E, 0x6E1E,
  0x761E, 0x6E1E, 0x761E, 0x6DFE, 0x761E, 0x761F, 0x75FD, 0xF6EE, 0xFECB, 0xFECC, 0x761E, 0x6E1E, 0x761E,
  0x75FE, 0x761E, 0x75FE, 0x761E, 0x6E1E, 0x761E, 0xFFF8, 0x75FE, 0x761E, 0x75FE, 0x761E, 0xFFF8, 0x6E1E,
  0x761E, 0x75FE, 0x761E, 0xFFF8, 0x75FE, 0x761E, 0x6DFE, 0x761E, 0x6DFE, 0x761E, 0x75FE, 0x761E, 0x6DFE,
  0x761E, 0x6DFE, 0x761E, 0x6DFE, 0x761E, 0x6E1E, 0x761E, 0x6E1E, 0x761D, 0xF6EE, 0xFECB, 0x761E, 0x6DFE,
  0x761E, 0x75FE, 0x761E, 0x6DFE, 0x761E, 0x6DFE, 0x761E, 0xFFF8, 0x761E, 0xFFF8, 0x761E, 0xFFF8, 0x761E,
  0x6E1E, 0x761E, 0x6DFE, 0x761E, 0x75FE, 0x761E, 0x6DFE, 0x761E, 0x6DFE, 0x761E, 0x6DFE, 0x761E, 0x6E1E,
  0x761E, 0xEEEF, 0xFECC, 0xFECB, 0xFEEC, 0x761E, 0x75FE, 0x761E, 0xFFF8, 0x761E, 0x6DFE, 0x761E, 0xFFF8,
  0x6DFE, 0x761E, 0x6DFE, 0x761E, 0x6DFE, 0x761E, 0x75FE, 0x761E, 0x75FE, 0x761E, 0x6DFE, 0x761E, 0x6DFE,
  0x761E, 0x6DFE, 0x75FE, 0x761E, 0xC62E, 0xFECB, 0xFEAB, 0xFECB, 0xFEAB, 0xFECB, 0xFEAB, 0x761E, 0x6E1E,
  0x761E, 0x6DFE, 0x761E, 0x6DFE, 0x761E, 0x75FE, 0x761E, 0x75FE, 0x761E, 0xFFF8, 0x761E, 0x6DFE, 0x761E,
  0x6DFE, 0x761E, 0x6DFE, 0x761E, 0x6DFE, 0x761E, 0x6DFE, 0x761E, 0x6DFE, 0x761E, 0x6DFE, 0x761E, 0x75FE,
  0x761E, 0x75FE, 0x761E, 0x6DFE, 0x761E, 0x6DFE, 0x761E, 0x6DFE, 0x761E, 0xFECB, 0xFEAA, 0xFECB, 0x761E,
  0xFFF8, 0x761E, 0x6DFE, 0x761E, 0x6DFE, 0x761E, 0x6DFE, 0x761E, 0x6DFE, 0x761E, 0x6DFE, 0x761E, 0x6DFE,
  0x761E, 0x6DFE, 0x761E, 0x6DFE, 0x761E, 0x75FE, 0x761E, 0x6DFE, 0x761E, 0x75FE, 0x761E, 0x6DFE, 0x761E,
  0x6DFE, 0x761E, 0xF6CE, 0xF6EE, 0xFECC, 0xFECB, 0xFEAB, 0xFECB, 0xFECC, 0xF6CE, 0x761E, 0x6DFE, 0x75FE,
  0x761E, 0x6DFE, 0x761E, 0x75FE, 0x761E, 0xFFF8, 0x761E, 0x6E1E, 0x761E, 0x6DFE, 0x761E, 0x6DFE, 0x761E,
  0x6DFE, 0x761E, 0x6DFE, 0x761E, 0x6DFE, 0x761E, 0x6DFE, 0x761E, 0x6DFE, 0x761E, 0x6DFE, 0x761E, 0x6DFE,
  0x761E, 0x75FE, 0x761E, 0x6E1E, 0x761E, 0xBE0F, 0xFECB, 0xEEF0, 0x7DFC, 0x7E1C, 0x761E, 0x75FE, 0x761E,
  0x75FE, 0x761E, 0x6DFE, 0x761E, 0x75FE, 0xFFF8, 0x761E, 0x6DFE, 0x761E, 0x6DFE, 0x761E, 0x6DFE, 0x761E,
  0x6DFE, 0x761E, 0x6DFE, 0x761E, 0x6DFE, 0x761E, 0x6DFE, 0x761E, 0x6DFE, 0x75FE, 0x761E, 0x75FE, 0x761E,
  0x6DFE, 0x761E, 0x6DFE, 0x761E, 0xFEEC, 0xFECB, 0xFECC, 0xFECB, 0xFECC, 0xFECB, 0xFECC, 0xFECB, 0xEEF0,
  0x75FE, 0x6DFE, 0x761E, 0x75FE, 0x761E, 0x75FE, 0x761E, 0x6DFE, 0x761E, 0xFFF8, 0x761E, 0x6DFE, 0x761E,
  0x6DFE, 0x761E, 0x6DFE, 0x761E, 0x6DFE, 0x761E, 0x6DFE, 0x761E, 0x6DFE, 0x75FE, 0x6DFE, 0x761E, 0x6DFE,
  0x761E, 0x6DFE, 0x761E, 0x6DFE, 0x761E, 0x6DFE, 0x761E, 0x6DFE, 0x761E, 0x6DFE, 0x761E, 0x6DFE, 0x761E,
  0x6DFE, 0x761E, 0x6E1E, 0x761E, 0x75FE, 0x761E, 0x6DFE, 0x761E, 0xFFF8, 0x761E, 0x75FE, 0x761E, 0x6DFE,
  0x761E, 0x6DFE, 0x761E, 0x6DFE, 0x761E, 0x6DFE, 0x761E, 0x6DFE, 0x761E, 0x75FE, 0x6DFE, 0x761E, 0x6DFE,
  0x761E, 0x6E1E, 0x761E, 0x75FE, 0x761E, 0x6DFE, 0x761E, 0x6DFE, 0x761E, 0x6DFE, 0xFFF8, 0x761E, 0x761F,
  0x761E, 0x6DFE, 0x761E, 0x6DFE, 0x761E, 0x75FE, 0x761E, 0x6E1E, 0x761E, 0x6DFE, 0x6E1E, 0x6DFE, 0x761E,
  0x6DFE, 0x761E, 0x6DFE, 0x761E, 0x6E1E, 0x761E, 0x6E1E, 0x6DFE, 0x6E1E, 0x761E, 0x761F, 0x761E, 0xFFF8,
  0x761E, 0x6DFE, 0x761E, 0x6DFE, 0x761E, 0x6DFE, 0x761E, 0x6DFE, 0x761E, 0x75FE, 0x761E, 0x6DFE, 0x761E,
  0x6DFE, 0x761E, 0x75FE, 0x761E, 0x75FE, 0x761E, 0xFFF8, 0x761E, 0x75FE, 0x761E, 0x6DFE, 0x761E, 0x75FE,
  0x761E, 0x6DFE, 0x761E, 0x6DFE, 0x6E1E, 0x6DFE, 0x761E, 0x75FE, 0x761E, 0x6E1E, 0x761E, 0x75FE, 0x761E,
  0x6E1E, 0x761E, 0x6E1E, 0x761E, 0x75FE, 0x761E, 0x75FE, 0x761E, 0x75FE, 0x761E, 0x6DFE, 0x761E, 0x6DFE,
  0x761E, 0x6E1E, 0x761E, 0x75FE, 0x761E, 0x75FE, 0x761E, 0x6E1E, 0x761E, 0x6DFE, 0x761E, 0x6E1E, 0xFFF8,
  0x761E, 0x75FE, 0x761E, 0x6E1E, 0x761E, 0x6DFE, 0x6DFD, 0x761E, 0x6E1E, 0x761E, 0x6E1E, 0x761E, 0x6E1E,
  0x761E, 0x75FE, 0x761E, 0x6DFE, 0x761E, 0x6E1E, 0x761E, 0x6DFE, 0x761E, 0x6E1E, 0x761E, 0x6E1E, 0x761E,
  0x75FE, 0x761E, 0x75FE, 0x761E, 0x6E1E, 0x761E, 0x75FE, 0x761E, 0x6DFE, 0xFFF8, 0x761E, 0x6E1E, 0x761E,
  0x6E1E, 0x761E, 0x6DFE, 0x761E, 0x6E1E, 0x761E, 0x6DFE, 0x761E, 0x6E1E, 0x761E, 0x6E1E, 0x761E, 0x75FE,
  0x761E, 0x75FE, 0x761E, 0x6DFE, 0x761E, 0x6DFE, 0x761E, 0x6DFE, 0x761E, 0x75FE, 0x761E, 0x6DFE, 0x761E,
  0x75FE, 0x761E, 0x75FE, 0x761E, 0x6DFE, 0x75FE, 0xFFF8, 0x761E, 0x6E1E, 0x761E, 0x865B, 0x865A, 0x865B,
  0x865A, 0x865B, 0x865A, 0x865B, 0x865A, 0x867B, 0x75FE, 0x761E, 0x75FE, 0x761E, 0x6DFE, 0x761E, 0x6E1E,
  0x761E, 0x6DFE, 0x761E, 0x6DFE, 0x761E, 0x75FE, 0x761E, 0x75FE, 0x761E, 0x75FE, 0x761E, 0x6E1E, 0x761E,
  0x7E3C, 0x863A, 0x865B, 0x865A, 0x863A, 0x865A, 0x865B, 0xFFF8, 0x761E, 0x6DFE, 0x761E, 0x6E1E, 0x761E,
  0x6DFE, 0x761E, 0x6E1E, 0x761E, 0x761D, 0x01C2, 0x09E1, 0x09C1, 0x09C0, 0x09E0, 0x09C0, 0x09E0, 0x09E1,
  0x09C1, 0x09A1, 0x09C1, 0x0A03, 0x761E, 0x6E1E, 0x761E, 0x6E1E, 0x761E, 0x6E1E, 0x761E, 0x75FE, 0x761E,
  0x6DFE, 0x761E, 0x6E1E, 0x761E, 0x6E1E, 0x761E, 0x6DFE, 0x761E, 0x6E1E, 0x761E, 0x6E1E, 0x761E, 0x6E1E,
  0x761E, 0x75FE, 0x761E, 0x6E1E, 0x761E, 0x6E1E, 0x761E, 0x6E1E, 0x761E, 0x6E1E, 0x761E, 0x5CB1, 0x09E1,
  0x09C1, 0x09C0, 0x09C1, 0x09E1, 0x09C1, 0x09E1, 0x1201, 0xFFF8, 0x761E, 0x6E1E, 0x761E, 0x6E1E, 0x761D,
  0x75FC, 0x7E1B, 0x01C1, 0x0A01, 0x09E0, 0x0A00, 0x09E0, 0x09E1, 0x09E0, 0x0A00, 0x0A02, 0x761C, 0x761D,
  0x761E, 0x6E1E, 0x761E, 0x75FE, 0x761E, 0x75FE, 0x761E, 0x6E1E, 0x6DFE, 0x761E, 0x6E1E, 0x761E, 0x6E1E,
  0x761E, 0x6E1E, 0x761E, 0x6E1E, 0x761E, 0x6E1E, 0x761E, 0x6E1E, 0x761E, 0x6E1E, 0x761E, 0x6E1E, 0x761E,
  0x6E1E, 0x761E, 0x6E1E, 0x761E, 0x761D, 0x7E1C, 0x5CD0, 0x0A00, 0x09E0, 0x01E0, 0x09E0, 0x09E1, 0x09E0,
  0x0A01, 0x09E0, 0x09E1, 0x09E0, 0x0A20, 0xFFF8, 0x761E, 0x6E1E, 0x761E, 0x761D, 0x7DD8, 0x09C1, 0x09A1,
  0x01A1, 0x5D89, 0x5587, 0x5567, 0x4D66, 0x5567, 0x4D66, 0x5567, 0x5587, 0x5D89, 0x09E1, 0x09E2, 0x0164,
  0x761E, 0x6E1E, 0x761E, 0x6DFE, 0x6E1E, 0x75FE, 0x761E, 0x6DFE, 0x761E, 0x75FE, 0x761E, 0x6E1E, 0x761E,
  0x75FE, 0x761E, 0x6E1E, 0x761E, 0x6DFE, 0x761E, 0x6E1E, 0x761E, 0x6E1E, 0x761E, 0x6E1E, 0x761E, 0x6E1E,
  0x761E, 0x6E1E, 0x761E, 0x544F, 0x09C2, 0x09E2, 0x0A02, 0x09C1, 0x0AC0, 0x55A7, 0x5587, 0x5567, 0x5566,
  0x4D66, 0x5567, 0x4D67, 0x5567, 0x5587, 0x55A7, 0x0A41, 0x09C1, 0x0144, 0xFFF8, 0x761E, 0x75FE, 0x761E,
  0x6E1E, 0x761E, 0x761D, 0x8618, 0x09A0, 0x09C0, 0x09A0, 0x5D88, 0x5587, 0x4D87, 0x5587, 0x5566, 0x5567,
  0x5587, 0x5566, 0x4D66, 0x5567, 0x5587, 0x5D88, 0x09C0, 0x09C1, 0x0163, 0x761E, 0x6E1E, 0x761E, 0x6DFE,
  0x761E, 0x75FE, 0x761E, 0x6E1E, 0x761E, 0x6E1E, 0x761E, 0x6DFE, 0x761E, 0x75FE, 0x761E, 0x75FE, 0x761E,
  0x75FE, 0x761E, 0x6E1E, 0x761E, 0x75FE, 0x761E, 0x75FE, 0x6E1E, 0x761E, 0x761F, 0x761E, 0x6E1E, 0x544F,
  0x09C1, 0x09E0, 0x12E0, 0x4D86, 0x5587, 0x4D87, 0x5567, 0x4D67, 0x5567, 0x5587, 0x55A7, 0x0A40, 0x09C0,
  0x0163, 0xFFF8, 0x761E, 0x6E1E, 0x761E, 0x75FD, 0x85F8, 0x09A0, 0x09C0, 0x5D68, 0x5567, 0x5587, 0x5567,
  0x5587, 0x4D87, 0x5587, 0x4D67, 0x5567, 0x4D67, 0x4D66, 0x5566, 0x5587, 0x4D87, 0x5D88, 0x11E0, 0x09C1,
  0x0163, 0x863B, 0x7E5C, 0x7E3B, 0x761E, 0x75FE, 0x761E, 0x75FE, 0x761E, 0x6DFE, 0x761E, 0x6DFE, 0x761E,
  0x75FE, 0x6E1E, 0x6DFE, 0x761E, 0x75FE, 0x761E, 0x6E1E, 0x761E, 0x6E1E, 0x761E, 0x6E1F, 0x544F, 0x09C1,
  0x09E0, 0x12E0, 0x5587, 0x4D87, 0x5567, 0x5587, 0x4D87, 0x5566, 0x4D87, 0x5567, 0x5587, 0x4D87, 0x55A7,
  0x0A40, 0x09C0, 0x0163, 0xFFF8, 0x761E, 0x6E1E, 0x761E, 0x6E1E, 0x761E, 0x761D, 0x8639, 0x09A0, 0x09C0,
  0x5D68, 0x5567, 0x5587, 0x5567, 0x5588, 0x09C0, 0x09E0, 0x09C0, 0x09E1, 0x867E, 0x761E, 0x75FE, 0x761E,
  0x75FE, 0x761E, 0x75FE, 0x761E, 0x6E1E, 0x761E, 0x6E1E, 0x761E, 0x6DFE, 0x761E, 0x6E1E, 0x761E, 0x6DFE,
  0x761E, 0x75FE, 0x761E, 0x6E1E, 0x761E, 0x6E1E, 0x761E, 0x6E1E, 0x761E, 0x6E1E, 0x4C0E, 0x09C0, 0x09E0,
  0x09C0, 0x12C0, 0x5587, 0x5567, 0x5587, 0x5567, 0x5587, 0x0A40, 0x09C0, 0x09A1, 0x09C0, 0xFFF8, 0x761E,
  0x761F, 0x761E, 0x761D, 0x7E3C, 0x8658, 0x09A0, 0x09C0, 0x5D68, 0x4D67, 0x5566, 0x5587, 0x5567, 0x5D68,
  0x09C0, 0x09A0, 0x09E0, 0x0A00, 0x0A21, 0x8E7D, 0x7E3D, 0x761D, 0x761E, 0x75FE, 0x761E, 0x75FE, 0x761E,
  0x75FE, 0x761E, 0x6E1E, 0x761E, 0x75FE, 0x761E, 0x75FE, 0x761E, 0x6E1E, 0x761E, 0x6E1E, 0x761E, 0x6E1E,
  0x761E, 0x761D, 0x763D, 0x43EC, 0x09C0, 0x09A0, 0x09C0, 0x0AC0, 0x5567, 0x5587, 0x0A40, 0x09E0, 0xFFF8,
  0x761E, 0x6DFE, 0x761E, 0x6E1E, 0x761E, 0x6E1E, 0x761E, 0x6E1E, 0x863C, 0x01A1, 0x01C0, 0x0200, 0x5DA8,
  0x5588, 0x5D88, 0x5567, 0x4D67, 0x5567, 0x4D67, 0x5567, 0x5D88, 0x5D68, 0x5D88, 0x5DA8, 0x5DC8, 0x5DC9,
  0x01A0, 0x01C1, 0x01C2, 0x867E, 0x761E, 0x75FE, 0x761E, 0x75FE, 0x761E, 0x75FE, 0x761E, 0x75FE, 0x761E,
  0x6E1E, 0x761E, 0x6E1E, 0x761F, 0x761E, 0x01C3, 0x01E1, 0x1B41, 0x5D88, 0x5588, 0x5D68, 0x5587, 0x5566,
  0x5567, 0x5566, 0x5567, 0x4D67, 0x5567, 0x5D88, 0x5DA8, 0x5D88, 0x5588, 0x2304, 0x01A1, 0x0181, 0x01A1,
  0x01A2, 0x0165, 0xFFF8, 0x761E, 0x6DFE, 0x7E1B, 0x09E0, 0x0A00, 0x0240, 0x55A7, 0x4D87, 0x5567, 0x5566,
  0x5567, 0x4D67, 0x5546, 0x5567, 0x5587, 0x5567, 0x5587, 0x01C0, 0x09E0, 0x0A00, 0x0A02, 0x8E7E, 0x761E,
  0x75FE, 0x761E, 0x75FE, 0x761E, 0x75FE, 0x761E, 0x75FE, 0x761E, 0x6E1E, 0x761E, 0x6E1D, 0x01E2, 0x0A00,
  0x1B81, 0x5586, 0x4D87, 0x5567, 0x5566, 0x5567, 0x5566, 0x5567, 0x5587, 0x5567, 0x5586, 0x5587, 0x2324,
  0x09C0, 0x09C1, 0x09C0, 0x09C1, 0x0164, 0xFFF8, 0x761E, 0x75FE, 0x761E, 0x6E1E, 0x7598, 0x5C70, 0x5C8F,
  0x12E0, 0x1320, 0x1340, 0x5586, 0x5587, 0x5567, 0x5587, 0x5567, 0x5587, 0x5567, 0x4D67, 0x5567, 0x0AC0,
  0x12C0, 0x12E0, 0x1301, 0x6D31, 0x544F, 0x6D79, 0x761E, 0x75FE, 0x761E, 0x6DFE, 0x761E, 0x6DFE, 0x761E,
  0x75FE, 0x761E, 0x6DFE, 0x761E, 0x6DFE, 0x761E, 0x75FE, 0x761E, 0x6DFE, 0x761E, 0x6DFE, 0x761E, 0x6E1E,
  0x75FE, 0x761E, 0x6E1E, 0x761E, 0x761D, 0x5C91, 0x6491, 0x0A81, 0x1300, 0x23E2, 0x4D87, 0x5567, 0x5566,
  0x4D67, 0x5567, 0x4D67, 0x5567, 0x2B82, 0x12C0, 0x12A0, 0x12C0, 0x12A0, 0x0A43, 0xFFF8, 0x761E, 0x6DFE,
  0x761E, 0x6E1E, 0x7575, 0x0980, 0x0180, 0x4D46, 0x5587, 0x5567, 0x5587, 0x5567, 0x5587, 0x5567, 0x4D67,
  0x5567, 0x4D67, 0x5567, 0x4D67, 0x5567, 0x5587, 0x4D87, 0x55A7, 0x01C0, 0x09A0, 0x4433, 0x761E, 0x75FE,
  0x761E, 0x75FE, 0x761E, 0x75FE, 0x761E, 0x75FE, 0x761E, 0x6DFE, 0x761E, 0x6DFE, 0x761E, 0x6E1E, 0x761E,
  0x6DFE, 0x75FE, 0x761E, 0x6DFE, 0x761E, 0x6DFE, 0x761E, 0x6E1E, 0x6DFE, 0x761E, 0x75FE, 0x761E, 0x761F,
  0x761E, 0x761C, 0x09A1, 0x0980, 0x5D68, 0x5587, 0x5567, 0x5587, 0x5567, 0x5587, 0x5567, 0x4D66, 0x5567,
  0x5566, 0x5567, 0x4D67, 0x5567, 0x5566, 0x5567, 0x4D67, 0x4D47, 0x4D67, 0x5567, 0x4D66, 0x5547, 0x654A,
  0x0A01, 0x09E3, 0xFFF8, 0x761E, 0x75FE, 0x761E, 0x6E1E, 0x7E3C, 0x7E3B, 0x7593, 0x01C0, 0x01A0, 0x4D67,
  0x5567, 0x4D87, 0x5567, 0x5587, 0x5567, 0x5587, 0x5567, 0x4D67, 0x5567, 0x4D67, 0x5567, 0x5587, 0x5586,
  0x5587, 0x01C0, 0x4C50, 0x7E3C, 0x7E3D, 0x761E, 0x75FE, 0x761E, 0x75FE, 0x761E, 0x6DFE, 0x761E, 0x75FE,
  0x761E, 0x75FE, 0x761E, 0x6DFE, 0x761E, 0x6E1E, 0x761E, 0x75FE, 0x761E, 0x6DFE, 0x761E, 0x6E1E, 0x761E,
  0x6E1E, 0x761E, 0x7E3D, 0x7E3C, 0x863A, 0x01C0, 0x01A0, 0x5568, 0x4D66, 0x5567, 0x4D87, 0x5567, 0x4D87,
  0x5567, 0x4D67, 0x5567, 0x4D67, 0x5567, 0x4D66, 0x5567, 0x5547, 0x656A, 0x01E0, 0x0A01, 0xFFF8, 0x761E,
  0x01C4, 0x0A03, 0x12C1, 0x5547, 0x4D07, 0x5567, 0x4D67, 0x5567, 0x4D47, 0x5567, 0x4D67, 0x5567, 0x5547,
  0x5567, 0x22E5, 0x01C2, 0x0165, 0x761E, 0x75FE, 0x761E, 0x75FE, 0x761E, 0x75FE, 0x761E, 0x75FE, 0x761E,
  0x6DFE, 0x761E, 0x6DFE, 0x75FE, 0x761E, 0x75FE, 0x761E, 0x75FE, 0x6DFE, 0x761E, 0x6DFE, 0x761E, 0x75FE,
  0x6DFE, 0x761E, 0x75FE, 0x761E, 0x6E1E, 0x761E, 0x6DFE, 0x761E, 0x6DFE, 0x761E, 0x75FE, 0x761E, 0x6DFE,
  0x761E, 0x75FE, 0x761E, 0x09E4, 0x1203, 0x0A22, 0x4CE7, 0x44A6, 0x5567, 0x4D87, 0x5567, 0x5566, 0x5567,
  0x4D66, 0x4D67, 0x5567, 0x4D67, 0x4D66, 0x5567, 0x4D27, 0x4D08, 0x1224, 0x01A2, 0xFFF8, 0x761E, 0x761F,
  0x761E, 0x761D, 0x01C2, 0x0A00, 0x0260, 0x4D86, 0x5567, 0x5587, 0x5567, 0x4D67, 0x5567, 0x4D67, 0x5567,
  0x2B45, 0x09C0, 0x0164, 0x763E, 0x761E, 0x75FE, 0x761E, 0x75FE, 0x761E, 0x75FE, 0x761E, 0x75FE, 0x761E,
  0x75FE, 0x761E, 0x6E1E, 0x761E, 0x6DFE, 0x761E, 0x75FE, 0x761E, 0x6DFE, 0x761E, 0x75FE, 0x761E, 0x75FE,
  0x761E, 0x75FE, 0x761E, 0x75FE, 0x761E, 0x6E1E, 0x6DFE, 0x761E, 0x6E1E, 0x761E, 0x6E1E, 0x761E, 0x6E1E,
  0x761E, 0x6DFE, 0x75FE, 0x6DFE, 0x6E1E, 0x761E, 0x6E1E, 0x75FE, 0x6DFE, 0x01A2, 0x11E0, 0x0A00, 0x55A7,
  0x4D86, 0x4D87, 0x5567, 0x5566, 0x5567, 0x5566, 0x5567, 0x4D86, 0x5567, 0x09C0, 0x09A0, 0xFFF8, 0x761E,
  0x761F, 0x761E, 0x75FE, 0x6E1E, 0x761E, 0x761D, 0x01C2, 0x0A00, 0x0280, 0x5567, 0x4D87, 0x5567, 0x5566,
  0x5567, 0x5587, 0x4D67, 0x5567, 0x3386, 0x09C0, 0x01A4, 0x763E, 0x761E, 0x75FE, 0x761E, 0x75FE, 0x761E,
  0x75FE, 0x761E, 0x75FE, 0x761E, 0x75FE, 0x761E, 0x75FE, 0x761E, 0x6DFE, 0x75FE, 0x761E, 0x6DFE, 0x761E,
  0x75FE, 0x761E, 0x75FE, 0x761E, 0x75FE, 0x761E, 0x75FE, 0x6E1E, 0x75FE, 0x761E, 0x6DFE, 0x761E, 0x75FE,
  0x761E, 0x6E1E, 0x6DFE, 0x6E1E, 0x761E, 0x6DFE, 0x761E, 0x6DFE, 0x761E, 0x75FE, 0x761E, 0x6DFE, 0x761E,
  0x6DFE, 0x761E, 0x761F, 0x6E1E, 0x0182, 0x11C1, 0x0A01, 0x5587, 0x4D86, 0x5567, 0x09E0, 0x09C0, 0xFFF8,
  0x0A02, 0x761E, 0x6E1E, 0x761E, 0x761D, 0x01C2, 0x0A00, 0x0A60, 0x5587, 0x4D67, 0x5567, 0x4D67, 0x5567,
  0x4D67, 0x5587, 0x5567, 0x3386, 0x0A00, 0x01A4, 0x763E, 0x761E, 0x6E1E, 0x75FE, 0x761E, 0x75FE, 0x6E1E,
  0x75FE, 0x761E, 0x75FE, 0x761E, 0x75FE, 0x6E1E, 0x761E, 0x75FE, 0x761E, 0x6DFE, 0x761E, 0x6DFE, 0x761E,
  0x6DFE, 0x75FE, 0x761E, 0x75FE, 0x6DFE, 0x75FE, 0x761E, 0x6E1E, 0x6DFE, 0x761E, 0x75FE, 0x6DFE, 0x761E,
  0x6E1E, 0x6DFE, 0x6E1E, 0x761E, 0x6DFE, 0x75FE, 0x761E, 0x6E1E, 0x761E, 0x6E1E, 0x761E, 0x6E1E, 0x761E,
  0x761F, 0x763E, 0x761E, 0x6DFE, 0x6E1E, 0x0182, 0x11C0, 0x09E0, 0x5587, 0x5567, 0x5546, 0x5567, 0x4D66,
  0x5567, 0x09C0, 0x0A02, 0x7E1D, 0x761D, 0x761E, 0x6E1E, 0x761E, 0x75FD, 0x0A02, 0x0A20, 0x0280, 0x5587,
  0x5567, 0x5587, 0x4D67, 0x5567, 0x4D87, 0x5567, 0x4D66, 0x5567, 0x4D47, 0x5567, 0x3BC6, 0x0A20, 0x01C3,
  0x7E3D, 0x761D, 0x761E, 0x6DFE, 0x761E, 0x75FE, 0x761E, 0x6DFE, 0x761E, 0x6E1E, 0x761E, 0x75FE, 0x761E,
  0x75FE, 0x761E, 0x75FE, 0x761E, 0xFFF8, 0x75FE, 0x761E, 0x6DFE, 0x761E, 0x6DFE, 0x761E, 0x6DFE, 0x761E,
  0x6DFE, 0x6E1E, 0x75FD, 0x75FC, 0x761D, 0x761C, 0x75FC, 0x761D, 0x761C, 0x7E1C, 0x7E1D, 0x761D, 0x761C,
  0x761D, 0x761C, 0x761D, 0x761E, 0x7E1D, 0x7E3C, 0x01A1, 0x09C0, 0x4D67, 0x5567, 0x5587, 0x5567, 0x09C0,
  0x5567, 0x0A02, 0x75FD, 0x761E, 0x6E1E, 0x0A02, 0x5587, 0x5567, 0x5587, 0x5567, 0x4D67, 0x5567, 0x65AA,
  0x09E1, 0x09E2, 0x4412, 0x761E, 0x75FE, 0x6DFE, 0x761E, 0x75FE, 0x761E, 0x6DFE, 0x761E, 0x6DFE, 0xFFF8,
  0x761E, 0xFFF8, 0x6E1E, 0x6DFE, 0x761E, 0x6E1E, 0x6DFD, 0x0182, 0x09A2, 0x09C2, 0x09E2, 0x0A02, 0x09E2,
  0x09C2, 0x09C1, 0x09E2, 0x01E3, 0x12AB, 0x761E, 0x75FE, 0x761E, 0x7E1C, 0x09E2, 0x09E1, 0x5588, 0x5567,
  0x5587, 0x4D87, 0x5567, 0x4D66, 0x5567, 0x5566, 0x5567, 0x09C0, 0x5567, 0x0A02, 0x761E, 0x0A02, 0x01A0,
  0x5D88, 0x5566, 0x5567, 0x4D67, 0x5567, 0x4D67, 0x5567, 0x5547, 0x5567, 0x4D67, 0x5567, 0x4D67, 0x5567,
  0x4D87, 0x4D67, 0x6589, 0x09E0, 0x11E0, 0x4432, 0x761E, 0x6E1E, 0x761E, 0x6DFE, 0x761E, 0x6E1E, 0x761E,
  0x75FE, 0x6DFE, 0x761E, 0x75FE, 0x761E, 0x75FE, 0x761E, 0x75FE, 0x761E, 0x75FE, 0x6E1E, 0x761E, 0xFFF8,
  0x761E, 0x75FE, 0x761E, 0xFFF8, 0x763E, 0x6E1E, 0x6E1D, 0x0161, 0x09A1, 0x09C0, 0x09E0, 0x09E1, 0x09E0,
  0x09E1, 0x09E0, 0x09E1, 0x09C0, 0x09C1, 0x09E1, 0x09E2, 0x1ACB, 0x6DFE, 0x7E1C, 0x09E1, 0x09E0, 0x5587,
  0x4D86, 0x5567, 0x4CE6, 0x0A02, 0x4D06, 0x5587, 0x5567, 0x4D67, 0x5567, 0x4D67, 0x5567, 0x4D67, 0x6589,
  0x11E0, 0x4432, 0x761E, 0x6E1E, 0x6E1D, 0x761E, 0x75FE, 0x761E, 0x6E1E, 0x6DFE, 0x6E1E, 0x761E, 0x6DFE,
  0x761E, 0x75FE, 0x761E, 0x75FE, 0x761E, 0x75FE, 0x761E, 0xFFF8, 0x0A24, 0x09E2, 0x5528, 0x4D06, 0x4CE5,
  0x44E5, 0x44C6, 0x44E6, 0x4CE6, 0x4D06, 0x4D07, 0x4408, 0x0A24, 0x09E4, 0x0A23, 0x5567, 0x4D26, 0x4D86,
  0x5567, 0x5566, 0x5567, 0x4D86, 0x0A02, 0x4D66, 0x4D86, 0x4D66, 0x5567, 0x4D67, 0x5567, 0x5587, 0x5567,
  0x6589, 0x09E0, 0x11E0, 0x4411, 0x6E1E, 0x6DFE, 0x6E1E, 0x761E, 0x6E1E, 0x761E, 0x6E1E, 0x761E, 0x75FE,
  0x761E, 0x6E1E, 0x761E, 0x75FE, 0x761E, 0x75FE, 0x6DFE, 0x761E, 0x6DFE, 0x761E, 0xFFF8, 0x0A01, 0x09C0,
  0x5D88, 0x5586, 0x4D86, 0x5567, 0x5566, 0x4D87, 0x5566, 0x4D66, 0x5586, 0x5587, 0x4D87, 0x4D86, 0x5567,
  0x4448, 0x09E1, 0x09C1, 0x09E0, 0x5587, 0x4D86, 0x4D67, 0x4D66, 0x5567, 0x5566, 0x5547, 0x01A0, 0x09C0,
  0x0A00, 0x02A0, 0x4D86, 0x4D66, 0x5567, 0x4D67, 0x5567, 0x5587, 0x5567, 0x4D67, 0x5567, 0x5566, 0x5567,
  0x6589, 0x11C0, 0x09C0, 0x3C11, 0x761E, 0x761F, 0x6E1E, 0x761E, 0x6E1E, 0x6DFE, 0x761E, 0x6DFE, 0x761E,
  0x6E1E, 0x761E, 0x75FE, 0x761E, 0x75FE, 0x6DFE, 0x761E, 0x75FE, 0x6E1E, 0x6DFE, 0x761E, 0x6DFE, 0x761E,
  0xFFF8, 0x7E3C, 0x0A00, 0x09E0, 0x5DA8, 0x4D66, 0x4D86, 0x4D67, 0x5567, 0x5587, 0x5567, 0x5587, 0x5567,
  0x4C48, 0x09C0, 0x09E0, 0x5566, 0x4D66, 0x5567, 0x4D67, 0x5567, 0x5566, 0x5567, 0x4D46, 0x5D48, 0x5568,
  0x5D89, 0x55A8, 0x4D66, 0x5566, 0x5567, 0x5587, 0x5567, 0x4D67, 0x5567, 0x5587, 0x4D67, 0x5567, 0x4D67,
  0x5567, 0x5587, 0x5567, 0x5D89, 0x09A0, 0x3C11, 0x6E1E, 0x761E, 0x6E1E, 0x761E, 0x6DFE, 0x761E, 0x6E1E,
  0x75FE, 0x761E, 0x6DFE, 0x761E, 0x6E1E, 0x761E, 0x6E1E, 0x761E, 0x75FE, 0x761E, 0x75FE, 0x6DFE, 0x75FE,
  0x761E, 0x75FE, 0x761E, 0x6E1E, 0x761E, 0xFFF8, 0x01E1, 0x55A8, 0x5DC8, 0x4D66, 0x4D67, 0x5567, 0x5566,
  0x5567, 0x5568, 0x5D48, 0x5568, 0x5D68, 0x4D67, 0x5566, 0x4D87, 0x4D67, 0x5567, 0x5566, 0x5567, 0x4D67,
  0x5567, 0x5566, 0x5567, 0x5566, 0x5567, 0x5566, 0x5567, 0x5566, 0x5567, 0x5566, 0x5567, 0x5587, 0x5567,
  0x4D67, 0x5567, 0x5587, 0x5567, 0x4D67, 0x5567, 0x5D69, 0x09A0, 0x3C11, 0x761F, 0x761E, 0x6E1E, 0x761E,
  0x6E1E, 0x75FE, 0x761E, 0x6E1E, 0x761E, 0x6E1E, 0x75FE, 0x6DFE, 0x761E, 0x6E1E, 0x761E, 0x6E1E, 0x761E,
  0x6E1E, 0x761E, 0x75FE, 0x761E, 0x75FE, 0x761E, 0x75FE, 0x761E, 0x75FE, 0x761E, 0x6DFE, 0x6E1E, 0x761E,
  0xFFF8, 0x0A00, 0x5586, 0x5587, 0x4D67, 0x5567, 0x4D67, 0x5567, 0x4D67, 0x5567, 0x5566, 0x4D46, 0x4D67,
  0x5567, 0x4D67, 0x5567, 0x4D67, 0x5567, 0x4D67, 0x5587, 0x5567, 0x5566, 0x5567, 0x4D67, 0x5567, 0x4D87,
  0x5587, 0x5567, 0x5587, 0x5567, 0x5D69, 0x09A0, 0x4411, 0x761E, 0x763E, 0x761E, 0x6E1E, 0x6DFE, 0x761E,
  0x6E1E, 0x6DFE, 0x761E, 0x6DFE, 0x761E, 0x6E1E, 0x761E, 0x6E1E, 0x761E, 0x75FE, 0x6DFE, 0x75FE, 0x6E1E,
  0x75FE, 0x761E, 0x6E1E, 0x761E, 0xFFF8, 0x6515, 0x5C91, 0x64EE, 0x12E0, 0x0AE0, 0x5567, 0x4D67, 0x5567,
  0x4D66, 0x5567, 0x5566, 0x4D67, 0x5567, 0x4D67, 0x5567, 0x4D66, 0x5567, 0x5566, 0x5567, 0x4D67, 0x5567,
  0x4D67, 0x5567, 0x5566, 0x5567, 0x5D69, 0x09A0, 0x3C11, 0x761E, 0x763E, 0x761F, 0x761E, 0x763E, 0x761E,
  0x6E1E, 0x761E, 0x6DFE, 0x761E, 0x6E1E, 0x6DFE, 0x761E, 0x6E1E, 0x761E, 0x6E1E, 0x75FE, 0x761E, 0x75FE,
  0x761E, 0x75FE, 0x761E, 0xFFF8, 0x2AE9, 0x09A0, 0x01C0, 0x4D87, 0x5567, 0x4D67, 0x5567, 0x5566, 0x5567,
  0x5587, 0x5567, 0x4D66, 0x4D67, 0x5567, 0x4D87, 0x5567, 0x5587, 0x5567, 0x5D69, 0x0980, 0x09C0, 0x4C30,
  0x865C, 0x863C, 0x7E3B, 0x7E1B, 0x863C, 0x861B, 0x761D, 0x761E, 0x6DFE, 0x761E, 0x6E1E, 0x6DFE, 0x6E1E,
  0x6DFE, 0x6E1E, 0x761E, 0x6E1E, 0x761E, 0x75FE, 0x761E, 0xFFF8, 0x330A, 0x09A0, 0x01A0, 0x4D67, 0x4D87,
  0x4D67, 0x5567, 0x4D67, 0x5567, 0x4D67, 0x5567, 0x5587, 0x5567, 0x5587, 0x5567, 0x6569, 0x09A0, 0x09E0,
  0x1201, 0x1200, 0x0A00, 0x1201, 0x09E1, 0x11E1, 0x09E1, 0x09C1, 0x1201, 0x0A01, 0x338F, 0x7E1D, 0x761E,
  0x6E1E, 0x6DFE, 0x6DFD, 0x6E1E, 0x6DFE, 0x6E1E, 0x761E, 0x75FE, 0x761E, 0x75FE, 0xFFF8, 0x332A, 0x09A0,
  0x01A0, 0x4D67, 0x5567, 0x4D67, 0x5567, 0x4D66, 0x5567, 0x4D67, 0x5587, 0x5567, 0x5587, 0x5567, 0x5587,
  0x5567, 0x5587, 0x4D67, 0x5567, 0x5D69, 0x09C0, 0x09E0, 0x0A00, 0x09E0, 0x09C0, 0x09A0, 0x09E0, 0x0A00,
  0x338F, 0x7E1D, 0x761E, 0x6E1E, 0x6DFD, 0x6DFE, 0x6E1E, 0x6DFE, 0x6E1E, 0x761E, 0x75FE, 0xFFF8, 0x332A,
  0x09A0, 0x01C0, 0x4D67, 0x5567, 0x5587, 0x5567, 0x4D67, 0x5567, 0x4D67, 0x5567, 0x5587, 0x5567, 0x5587,
  0x5567, 0x4D67, 0x5567, 0x5D89, 0x01E0, 0x0200, 0x01E0, 0x0200, 0x33CB, 0x969A, 0x8E5A, 0x8639, 0x8659,
  0x863A, 0x6E1E, 0x761E, 0x75FE, 0xFFF8, 0x43E9, 0x01E0, 0x5567, 0x5566, 0x5567, 0x5587, 0x5567, 0x5587,
  0x5567, 0x5587, 0x5567, 0x4D67, 0x5567, 0x4D67, 0x4D66, 0x3BC6, 0x09E0, 0x09C0, 0x09A1, 0x09A0, 0x09A1,
  0x0163, 0x6DFE, 0x6E1E, 0x761E, 0x6E1E, 0x761E, 0x75FE, 0x761E, 0x75FE, 0xFFF8, 0x0A01, 0x2BC2, 0x5586,
  0x5567, 0x4D66, 0x5567, 0x4D67, 0x5567, 0x5587, 0x5567, 0x5587, 0x5567, 0x4D66, 0x5567, 0x3BC6, 0x09E0,
  0x09C0, 0x09A0, 0x0182, 0x761D, 0x761E, 0x6E1E, 0x761E, 0x6DFE, 0x761E, 0x75FE, 0xFFF8, 0x0A01, 0x2BE2,
  0x5566, 0x5567, 0x4D66, 0x5567, 0x4D67, 0x5567, 0x4D66, 0x5567, 0x5587, 0x5567, 0x5587, 0x5567, 0x4D46,
  0x5567, 0x4D66, 0x4D67, 0x4D66, 0x5567, 0x4D66, 0x5567, 0x5587, 0x5567, 0x5587, 0x65AA, 0x09E1, 0x0A6A,
  0x761E, 0x75FE, 0x761E, 0x75FE, 0xFFF8, 0x5586, 0x5587, 0x5567, 0x4D66, 0x5567, 0x4D67, 0x5567, 0x4D66,
  0x5567, 0x4D66, 0x5567, 0x4D46, 0x5567, 0x4D66, 0x5567, 0x4D66, 0x5567, 0x5587, 0x65A9, 0x1200, 0x1B2C,
  0x761E, 0x75FE, 0x761E, 0xFFF8, 0x3B4B, 0x0960, 0x0200, 0x4D86, 0x5587, 0x5567, 0x4D67, 0x5567, 0x5587,
  0x5567, 0x4D66, 0x5567, 0x5587, 0x3CA5, 0x4485, 0x33C8, 0x22C8, 0x1A68, 0x6E1E, 0x761E, 0x75FE, 0x761E,
  0xFFF8, 0x3B6B, 0x09A0, 0x01E0, 0x5567, 0x4D87, 0x5567, 0x4D66, 0x5567, 0x4D67, 0x5587, 0x4D67, 0x5567,
  0x4D66, 0x5567, 0x4D67, 0x4427, 0x09C0, 0x0182, 0x6E1E, 0x761E, 0x75FE, 0x761E, 0xFFF8, 0x3B6B, 0x09A0,
  0x01E0, 0x4D87, 0x5567, 0x5587, 0x5567, 0x4D67, 0x4427, 0x01A0, 0x0182, 0x761D, 0x6DFD, 0x761E, 0x75FE,
  0x761E, 0xFFF8, 0x75FE, 0x761E, 0x75FE, 0x761E, 0x75FE, 0x761E, 0x75FE, 0x761E, 0xFFF8, 0x3B6B, 0x09A0,
  0x01E0, 0x5567, 0x4D67, 0x5567, 0x5587, 0x5567, 0x4D67, 0x5567, 0x4D66, 0x5567, 0x5566, 0x5567, 0x5547,
  0x5568, 0x5D6A, 0x0161, 0x0142, 0x761D, 0x761E, 0x75FE, 0x761E, 0xFFF8, 0x75FE, 0x761E, 0x75FE, 0x6DFE,
  0x75FE, 0x761E, 0x75FE, 0xFFF8, 0x3B6B, 0x09A0, 0x0200, 0x5567, 0x5587, 0x5567, 0x4D67, 0x5528, 0x09A0,
  0x01A2, 0x761D, 0x761E, 0x75FE, 0x761E, 0xFFF8, 0x761E, 0x75FE, 0x761E, 0x75FE, 0x761E, 0x75FE, 0x761E,
  0x75FE, 0x761E, 0x75FE, 0xFFF8, 0x3B6B, 0x09A0, 0x0200, 0x5567, 0x5547, 0x4D66, 0x5567, 0x5547, 0x5567,
  0x5D48, 0x09C0, 0x01C2, 0x761D, 0x761E, 0x75FE, 0x761E, 0xFFF8, 0x761E, 0x75FE, 0xFFF8, 0x3B6B, 0x09C0,
  0x0200, 0x5567, 0x5587, 0x5567, 0x5548, 0x09C0, 0x09E2, 0x763D, 0x761E, 0x75FE, 0x761E, 0x75FE, 0x761E,
  0x75FE, 0x761E, 0x75FE, 0x761E, 0x75FE, 0xFFF8, 0x3B6B, 0x09E0, 0x0200, 0x5567, 0x4D67, 0x5567, 0x4D66,
  0x5567, 0x5587, 0x5567, 0x5547, 0x4D67, 0x5567, 0x4D67, 0x5548, 0x09C0, 0x09E2, 0x7E1D, 0x761E, 0x75FE,
  0x6DFE, 0x75FE, 0x761E, 0x75FE, 0x761E, 0x75FE, 0x761E, 0x75FE, 0x6DFE, 0x761E, 0x75FE, 0x761E, 0x6DFE,
  0xFFF8, 0x3B4B, 0x09C0, 0x0200, 0x4D67, 0x5567, 0x4D67, 0x5567, 0x5587, 0x5567, 0x4D66, 0x5567, 0x4D67,
  0x5567, 0x4D67, 0x5568, 0x09E0, 0x09E2, 0x763E, 0x761E, 0x75FE, 0x761E, 0x75FE, 0x761E, 0x75FE, 0x761E,
  0x75FE, 0x761E, 0x75FE, 0x761E, 0x3B6B, 0x09E0, 0x0220, 0x5547, 0x5567, 0x4D66, 0x5567, 0x4D66, 0x5567,
  0x5546, 0x5567, 0x4D67, 0x5568, 0x09E0, 0x09E2, 0x761E, 0x75FE, 0x761E, 0x75FE, 0x761E, 0x75FE, 0x761E,
  0x75FE, 0x761E, 0x75FE, 0x761E, 0x3B6B, 0x09E0, 0x0220, 0x5567, 0x4D67, 0x5567, 0x5587, 0x5567, 0x4D66,
  0x5567, 0x4D66, 0x5567, 0x5568, 0x09E0, 0x09E2, 0x761E, 0x75FE, 0x761E, 0x75FE, 0x761E, 0x75FE, 0x761E,
  0x75FE, 0x761E, 0x75FE, 0x761E, 0x6E1E, 0x3B6B, 0x09E0, 0x0220, 0x4D47, 0x5567, 0x5587, 0x5567, 0x4D46,
  0x5567, 0x4D66, 0x5567, 0x5587, 0x5568, 0x09E0, 0x09E2, 0x763D, 0x761E, 0x6DFE, 0x761E, 0x75FE, 0x761E,
  0x75FE, 0x761E, 0x75FE, 0x761E, 0x75FE, 0x761E, 0x3B6B, 0x09C0, 0x0220, 0x4D67, 0x4D47, 0x5567, 0x5587,
  0x5567, 0x4D66, 0x5567, 0x5587, 0x5567, 0x5587, 0x5D68, 0x09E0, 0x09C2, 0x763D, 0x761E, 0x75FE, 0x6E1E,
  0x761E, 0x75FE, 0x761E, 0x75FE, 0x761E, 0x75FE, 0x761E, 0x75FE, 0x761E, 0x3B6B, 0x09C0, 0x0220, 0x4D67,
  0x5567, 0x4D87, 0x5567, 0x5587, 0x5567, 0x4D67, 0x5567, 0x5587, 0x5568, 0x09C0, 0x09C2, 0x761D, 0x761E,
  0x6E1E, 0x761E, 0x75FE, 0x761E, 0x75FE, 0x761E, 0x75FE, 0x761E, 0x75FE, 0x6E1E, 0x761E, 0x6E1E, 0x761E,
  0x3B6B, 0x09C0, 0x0220, 0x5567, 0x4D66, 0x5567, 0x5587, 0x5567, 0x4D66, 0x5567, 0x4D67, 0x5567, 0x5D68,
  0x09C0, 0x09C2, 0x761D, 0x761E, 0x6E1E, 0x75FE, 0x761E, 0x75FE, 0x761E, 0x75FE, 0x761E, 0x75FE, 0x761E,
  0x6E1E, 0x761E, 0x6E1E, 0x761E, 0x6E1E, 0x761E, 0x6DFE, 0x3B4B, 0x09C0, 0x0220, 0x5587, 0x5567, 0x4D67,
  0x5567, 0x4D66, 0x5567, 0x5587, 0x4D67, 0x5567, 0x4D67, 0x5D68, 0x09C0, 0x09C2, 0x761D, 0x761E, 0x6E1E,
  0x761E, 0x6DFE, 0x6E1E, 0x761E, 0x75FE, 0x761E, 0x75FE, 0x761E, 0x6E1E, 0x761E, 0x6E1E, 0x761E, 0x6E1E,
  0x334A, 0x09C0, 0x0240, 0x4D87, 0x4D67, 0x5567, 0x4D67, 0x5567, 0x5566, 0x5567, 0x4D67, 0x5567, 0x4D67,
  0x5568, 0x09E0, 0x09C2, 0x761D, 0x761E, 0x75FE, 0x6E1E, 0x75FE, 0x761E, 0x75FE, 0x761E, 0x75FE, 0x761E,
  0x6E1E, 0x761E, 0x6E1E, 0x761E, 0x6DFE, 0x761E, 0x6DFE, 0x761E, 0x6E1E, 0x761E, 0x6E1E, 0x6DFE, 0x6E1E,
  0x6DFE, 0x332A, 0x09C0, 0x0240, 0x5587, 0x5567, 0x5587, 0x4D67, 0x5567, 0x5587, 0x5567, 0x4D67, 0x4D66,
  0x5567, 0x4D67, 0x5567, 0x4D67, 0x4D66, 0x4D67, 0x4D66, 0x4D67, 0x5568, 0x09E0, 0x09E2, 0x761D, 0x761E,
  0x6E1E, 0x6DFE, 0x761E, 0x6DFE, 0x75FE, 0x761E, 0x75FE, 0x761E, 0x6E1E, 0x6DFE, 0x761E, 0x75FE, 0x6DFE,
  0x761E, 0x6E1E, 0x761E, 0x865D, 0x865C, 0x863C, 0x7E3C, 0x861B, 0x3B49, 0x09E0, 0x0A40, 0x6589, 0x5D89,
  0x55A8, 0x5587, 0x5567, 0x5587, 0x5567, 0x4D67, 0x5567, 0x4D66, 0x5567, 0x5566, 0x5567, 0x4D67, 0x4D66,
  0x5568, 0x09E0, 0x01E1, 0x761D, 0x761E, 0x6E1E, 0x6DFE, 0x6E1E, 0x761E, 0x6E1E, 0x761E, 0x75FE, 0x761E,
  0x6E1E, 0x6DFE, 0x761E, 0x6E1E, 0x6DFE, 0x6E1E, 0x6DFE, 0x761E, 0x761D, 0x01A3, 0x01C2, 0x01A2, 0x0183,
  0x0182, 0x09C1, 0x09E0, 0x0A00, 0x0200, 0x23C2, 0x5567, 0x5546, 0x5567, 0x5566, 0x5567, 0x5587, 0x5567,
  0x5566, 0x5567, 0x4D66, 0x5567, 0x4D67, 0x4D47, 0x5D48, 0x09E0, 0x09E2, 0x7E1D, 0x761E, 0x6E1E, 0x75FE,
  0x6E1E, 0x761E, 0x75FE, 0x761E, 0x6E1E, 0x6DFE, 0x6E1E, 0x6DFE, 0x6E1E, 0x7E3D, 0x01E1, 0x11E0, 0x0A00,
  0x09C0, 0x09A0, 0x09C0, 0x09E0, 0x01E0, 0x2382, 0x5567, 0x4D67, 0x5567, 0x5547, 0x4D67, 0x5567, 0x5587,
  0x5567, 0x5587, 0x5567, 0x4D67, 0x5567, 0x4D66, 0x5567, 0x5566, 0x5567, 0x5528, 0x6529, 0x656C, 0x01A4,
  0x0186, 0x7E1D, 0x761E, 0x763E, 0x6E1E, 0x761E, 0x6E1E, 0x761E, 0x75FE, 0x761E, 0x75FE, 0x761E, 0x75FE,
  0x761E, 0x6E1E, 0x6DFE, 0x6E1E, 0x761E, 0x6E1E, 0x6DFD, 0x863A, 0x861A, 0x8619, 0x8639, 0x8E59, 0x01E0,
  0x0200, 0x01E0, 0x01C0, 0x01E0, 0x0200, 0x01C0, 0x2B83, 0x5D49, 0x5D69, 0x5567, 0x5D68, 0x5547, 0x4D67,
  0x5567, 0x5587, 0x5567, 0x4D67, 0x5567, 0x4D66, 0x5587, 0x5567, 0x4D67, 0x43E7, 0x09A0, 0x0182, 0x761E,
  0x6E1E, 0x761E, 0x6E1E, 0x761E, 0x75FE, 0x761E, 0x6DFE, 0x6E1E, 0x6DFE, 0x75FE, 0x761E, 0x6DFE, 0x6DFD,
  0x0161, 0x01A0, 0x09C1, 0x09A1, 0x09C0, 0x5D88, 0x55A6, 0x5587, 0x4D67, 0x4D87, 0x5587, 0x5567, 0x4D86,
  0x5587, 0x22C3, 0x0180, 0x4D66, 0x5567, 0x5D88, 0x5567, 0x4D67, 0x5567, 0x4D67, 0x5567, 0x5566, 0x5567,
  0x4D87, 0x4D67, 0x43E7, 0x09C0, 0x0182, 0x75FE, 0x6E1E, 0x6DFE, 0x761E, 0x6E1E, 0x6DFE, 0x6E1E, 0x6DFE,
  0x761E, 0x6DFE, 0x761E, 0x6DFE, 0x761E, 0x75FE, 0x761E, 0x75FE, 0x6DFE, 0x6E1E, 0x6DFE, 0x761E, 0x6E1E,
  0x75FC, 0x0181, 0x09C0, 0x09C1, 0x09C0, 0x5568, 0x5586, 0x5567, 0x4D87, 0x4D67, 0x5567, 0x22E4, 0x01A0,
  0x4D67, 0x5567, 0x4D67, 0x5587, 0x5567, 0x5DA9, 0x5567, 0x5587, 0x5567, 0x4D67, 0x5567, 0x4D67, 0x4D66,
  0x5567, 0x4D86, 0x4D67, 0x43E7, 0x09C0, 0x0182, 0x6DFE, 0x761F, 0x6DFE, 0x761E, 0x75FE, 0x761E, 0x75FE,
  0x761E, 0x75FE, 0x6DFE, 0x75FE, 0x6E1E, 0x6DFE, 0x75FE, 0x761E, 0x75FC, 0x0181, 0x09A0, 0x09C0, 0x5548,
  0x4D67, 0x5567, 0x5587, 0x4D87, 0x4D67, 0x5567, 0x22E4, 0x01A0, 0x4D87, 0x4D86, 0x5566, 0x4D87, 0x5567,
  0x4D67, 0x5567, 0x4D67, 0x5567, 0x4D66, 0x5567, 0x4D66, 0x5566, 0x5567, 0x4D66, 0x4D67, 0x43E7, 0x09A0,
  0x01A2, 0x6E1E, 0x6DFE, 0x6E1E, 0x761E, 0x6E1E, 0x761E, 0x6DFE, 0x761E, 0x75FE, 0x761E, 0x75FE, 0x761E,
  0x75FE, 0x761E, 0x6E1E, 0x6DFE, 0x761E, 0x761C, 0x0181, 0x01A0, 0x09C0, 0x01A0, 0x5568, 0x4D67, 0x5567,
  0x4D66, 0x5567, 0x2304, 0x09A0, 0x01C0, 0x4D87, 0x4D86, 0x4D66, 0x5587, 0x5566, 0x5567, 0x4D67, 0x5567,
  0x4D66, 0x5567, 0x1240, 0x1220, 0x5567, 0x4D66, 0x5567, 0x4D67, 0x4D66, 0x43E7, 0x09C0, 0x09C1, 0x1204,
  0x09E4, 0x0A05, 0x0A04, 0x0A25, 0x0A05, 0x761E, 0x6E1E, 0x761E, 0x75FE, 0x761E, 0x75FE, 0x761E, 0x6E1E,
  0x6DFE, 0x6E1E, 0x761C, 0x1A87, 0x1265, 0x5508, 0x44C6, 0x44C5, 0x3CA5, 0x5567, 0x4D67, 0x5567, 0x4D06,
  0x44C5, 0x54E8, 0x0A40, 0x0A20, 0x0A00, 0x5DA8, 0x5567, 0x4D66, 0x5567, 0x09E0, 0x5D68, 0x5587, 0x4D87,
  0x4D67, 0x5567, 0x4D66, 0x4D67, 0x4D66, 0x4408, 0x09C0, 0x09A1, 0x0980, 0x09A0, 0x09C1, 0x09A1, 0x09C1,
  0x01A2, 0x761D, 0x761F, 0x761E, 0x75FE, 0x761E, 0x75FE, 0x761E, 0x6E1E, 0x761E, 0x6DFE, 0x6E1E, 0x7E1C,
  0x09E1, 0x0A00, 0x5588, 0x5587, 0x4D67, 0x4D47, 0x5567, 0x4D67, 0x5D69, 0x09E0, 0x09E1, 0x09E0, 0x09C0,
  0x5D88, 0x5567, 0x5546, 0x5567, 0x4D67, 0x5567, 0x5547, 0x09C0, 0x09A0, 0x5D88, 0x5567, 0x5587, 0x5567,
  0x4D67, 0x5567, 0x4D67, 0x5587, 0x4407, 0x09E0, 0x09C0, 0x01A0, 0x09C1, 0x7E3D, 0x761E, 0x75FE, 0x6DFE,
  0x761E, 0x75FE, 0x6DFE, 0x6E1E, 0x6DFE, 0x761E, 0x6DFE, 0x6DFD, 0x761B, 0x09C0, 0x0A00, 0x5D88, 0x5587,
  0x5567, 0x4D67, 0x5567, 0x4D66, 0x5567, 0x4D67, 0x6589, 0x09E1, 0x09E0, 0x09C0, 0x5DA8, 0x5566, 0x5567,
  0x4D66, 0x5567, 0x4D66, 0x5567, 0x5587, 0x5567, 0x4D67, 0x4D66, 0x5567, 0x5566, 0x4D66, 0x5567, 0x4D66,
  0x4D67, 0x5567, 0x5546, 0x5567, 0x4D66, 0x5567, 0x5D68, 0x5D88, 0x01E0, 0x01C0, 0x01A0, 0x01E0, 0x0240,
  0x3425, 0x2C05, 0x2BC5, 0x2BC4, 0x5568, 0x5DA9, 0x01C1, 0x01C2, 0x7E1C, 0x761E, 0x6DFE, 0x761E, 0x75FE,
  0x6DFE, 0x761E, 0x861A, 0x0141, 0x5D88, 0x5DA8, 0x5587, 0x5567, 0x5566, 0x4D67, 0x5567, 0x5D88, 0x5588,
  0x5D88, 0x4D67, 0x5567, 0x4D66, 0x5567, 0x4D66, 0x5567, 0x4D66, 0x5567, 0x01E0, 0x5567, 0x4D67, 0x4D66,
  0x5567, 0x4D67, 0x5567, 0x5566, 0x5587, 0x5566, 0x5567, 0x4D67, 0x5567, 0x5587, 0x0200, 0x09E0, 0x09C0,
  0x09A0, 0x09C0, 0x09E0, 0x0A80, 0x2C05, 0x23E4, 0x2BE4, 0x23C4, 0x4D47, 0x4D67, 0x4D66, 0x4D86, 0x5D87,
  0x0A00, 0x09E0, 0x7E1C, 0x761E, 0x6DFE, 0x761E, 0x75FE, 0x761E, 0x75FE, 0x761E, 0x75FE, 0x6DFE, 0x761E,
  0x6DFE, 0x75FE, 0x761E, 0x8E59, 0x09A0, 0x0180, 0x4D47, 0x5567, 0x5587, 0x5566, 0x5567, 0x5566, 0x5567,
  0x5587, 0x5567, 0x4D67, 0x5567, 0x01E0, 0x5567, 0x4D87, 0x5567, 0x4D67, 0x5567, 0x01E0, 0x5567, 0x4D66,
  0x4D67, 0x5567, 0x4D66, 0x5567, 0x4D66, 0x5567, 0x4D66, 0x5567, 0x5566, 0x0240, 0x0220, 0x2C04, 0x0200,
  0x0220, 0x0260, 0x0A60, 0x0AE0, 0x2C04, 0x2BE4, 0x23C4, 0x4D47, 0x4D67, 0x4D66, 0x4D86, 0x55A7, 0x0AA0,
  0x6CF1, 0x6D13, 0x6558, 0x75FD, 0x6DFE, 0x761E, 0x75FE, 0x761E, 0x75FE, 0x761E, 0x75FE, 0x761E, 0x75FE,
  0x761E, 0x6E1E, 0x6DFE, 0x761E, 0x8E79, 0x09A0, 0x0180, 0x4D46, 0x4D66, 0x5567, 0x4D66, 0x4D67, 0x5567,
  0x01E0, 0x5567, 0x5587, 0x5567, 0x4D67, 0x5567, 0x5566, 0x5567, 0x5566, 0x5567, 0x01E0, 0x5567, 0x5566,
  0x5587, 0x5567, 0x5566, 0x5587, 0x23C3, 0x2BE4, 0x2C04, 0x2BE4, 0x2C05, 0x2BE5, 0x23C5, 0x23C4, 0x4D47,
  0x4D87, 0x4D66, 0x55A7, 0x5586, 0x5587, 0x4D87, 0x09E0, 0x09A0, 0x0A4A, 0x75FD, 0x761E, 0x75FE, 0x761E,
  0x75FE, 0x761E, 0x75FE, 0x761E, 0x75FE, 0x6DFE, 0x6E1E, 0x6DFE, 0x6E1E, 0x761E, 0x8E79, 0x09C0, 0x01A0,
  0x5547, 0x5567, 0x4D67, 0x5567, 0x5587, 0x5567, 0x23E4, 0x01E0, 0x5568, 0x5D68, 0x5528, 0x5548, 0x4D67,
  0x5567, 0x01E0, 0x0180, 0x01A0, 0x01C0, 0x5567, 0x5566, 0x4D87, 0x5567, 0x5587, 0x5567, 0x5587, 0x5567,
  0x4D67, 0x4D86, 0x5566, 0x23A3, 0x23C3, 0x2C04, 0x2C05, 0x2BE4, 0x23C3, 0x4D67, 0x5567, 0x4D86, 0x5587,
  0x4D87, 0x4D67, 0x0A00, 0x09A0, 0x0A4A, 0x75FD, 0x761E, 0x75FE, 0x761E, 0x75FE, 0x761E, 0x75FE, 0x761E,
  0x6DFE, 0x761E, 0x6DFD, 0x6DFE, 0x6DFD, 0x7E1C, 0x863C, 0x8E97, 0x01E0, 0x01C0, 0x5547, 0x5567, 0x5566,
  0x5567, 0x4D67, 0x5567, 0x23E4, 0x09E0, 0x09C0, 0x01A0, 0x0220, 0x4D47, 0x4D66, 0x5567, 0x4D67, 0x01E0,
  0x09C0, 0x33E5, 0x2C05, 0x2C45, 0x5587, 0x5567, 0x5587, 0x5567, 0x5587, 0x5567, 0x5587, 0x5567, 0x4D66,
  0x4D86, 0x2C04, 0x2C05, 0x2404, 0x5587, 0x4D46, 0x4D67, 0x5567, 0x5587, 0x4D66, 0x4D67, 0x0A21, 0x09C0,
  0x0A6A, 0x761D, 0x763E, 0x763F, 0x761E, 0x75FE, 0x761E, 0x75FE, 0x761E, 0x75FE, 0x761E, 0x75FE, 0x6DFE,
  0x6E1E, 0x761E, 0x6DFE, 0x75FC, 0x3B8C, 0x09E1, 0x0220, 0x55A7, 0x5587, 0x5567, 0x5566, 0x5567, 0x23E4,
  0x09E0, 0x09C0, 0x01A0, 0x0220, 0x5547, 0x5567, 0x5587, 0x01E0, 0x2BC5, 0x2C05, 0x2C24, 0x5587, 0x5567,
  0x5587, 0x5567, 0x5587, 0x5567, 0x5587, 0x5567, 0x4D67, 0x5566, 0x4D66, 0x2C04, 0x2404, 0x2424, 0x5586,
  0x5567, 0x5587, 0x5567, 0x5587, 0x5567, 0x4D67, 0x1220, 0x09C0, 0x0A6A, 0x761D, 0x763F, 0x761E, 0x75FE,
  0x761E, 0x75FE, 0x761E, 0x75FE, 0x761E, 0x75FE, 0x6DFE, 0x761E, 0x6DFE, 0x761E, 0x75DC, 0x3B6C, 0x09C1,
  0x0200, 0x55A6, 0x5587, 0x5567, 0x5566, 0x5567, 0x23E4, 0x01C0, 0x01A0, 0x01E0, 0x2BC4, 0x2404, 0x2C04,
  0x5587, 0x5567, 0x5587, 0x5567, 0x5587, 0x5567, 0x4D66, 0x5567, 0x5566, 0x4D66, 0x2C04, 0x23C3, 0x23E3,
  0x2402, 0x5587, 0x4D87, 0x5567, 0x5587, 0x5567, 0x4D67, 0x0200, 0x01C0, 0x12A7, 0x8E9A, 0x8E9B, 0x7E5E,
  0x761E, 0x75FE, 0x761E, 0x75FE, 0x761E, 0x75FE, 0x6DFE, 0x75FE, 0x6DFE, 0x6E1E, 0x761E, 0x75FD, 0x3B4C,
  0x09C0, 0x0220, 0x5587, 0x5567, 0x5587, 0x5567, 0x23E4, 0x23C4, 0x01E0, 0x0A00, 0x09E0, 0x09C0, 0x09A0,
  0x01C0, 0x2C05, 0x2C25, 0x2C04, 0x2C24, 0x2C25, 0x2C04, 0x4D87, 0x5567, 0x5587, 0x5567, 0x5587, 0x5567,
  0x4D67, 0x5566, 0x5586, 0x5566, 0x5567, 0x5566, 0x4D67, 0x5567, 0x5587, 0x5567, 0x4D87, 0x5567, 0x4D67,
  0x5587, 0x4407, 0x09E0, 0x3C12, 0x761E, 0x6E1E, 0x761E, 0x75FE, 0x6DFE, 0x75FE, 0x6E1E, 0x761F, 0x761D,
  0x3B6C, 0x09A0, 0x0200, 0x5587, 0x4D87, 0x5567, 0x23E4, 0x2BE5, 0x23E4, 0x2B65, 0x01E0, 0x0200, 0x0220,
  0x0200, 0x01E0, 0x01C0, 0x23E5, 0x2C04, 0x2C24, 0x2C04, 0x2404, 0x4D87, 0x4D67, 0x5567, 0x5587, 0x5567,
  0x4D67, 0x5567, 0x4D67, 0x5567, 0x5587, 0x5567, 0x4D87, 0x5567, 0x5587, 0x5566, 0x5567, 0x5587, 0x5567,
  0x5566, 0x5567, 0x5587, 0x4448, 0x01E0, 0x09E0, 0x4412, 0x761E, 0x75FE, 0x761E, 0x75FE, 0x761E, 0x75FE,
  0x6DFE, 0x75FE, 0x761D, 0x763D, 0x7DFB, 0x438B, 0x01A0, 0x0200, 0x5587, 0x5566, 0x5567, 0x23E4, 0x2BE4,
  0x2C04, 0x2C25, 0x2C05, 0x2C25, 0x2C05, 0x2BE5, 0x2BE4, 0x2404, 0x2C04, 0x2C24, 0x4D67, 0x4D87, 0x5567,
  0x5587, 0x5567, 0x5587, 0x5567, 0x4D67, 0x5567, 0x4D66, 0x4D67, 0x5567, 0x4D66, 0x5567, 0x5587, 0x5567,
  0x5587, 0x5567, 0x4D66, 0x5567, 0x5587, 0x4C48, 0x09E0, 0x09C0, 0x3C12, 0x761E, 0x6E1E, 0x761E, 0x75FE,
  0x761E, 0x75FE, 0x761E, 0x75FE, 0x761E, 0x75FE, 0x761E, 0x75FE, 0x6DFE, 0x761E, 0x5450, 0x01C2, 0x01A0,
  0x2383, 0x5547, 0x5587, 0x5567, 0x23E4, 0x2404, 0x2C04, 0x2C05, 0x2C24, 0x23E5, 0x23E4, 0x2BC5, 0x23E4,
  0x2C05, 0x23E5, 0x2BE5, 0x2BE4, 0x2404, 0x4D67, 0x4D87, 0x5566, 0x5587, 0x4D87, 0x5567, 0x4D66, 0x5567,
  0x4D66, 0x5567, 0x4D66, 0x5567, 0x5587, 0x4C48, 0x09C0, 0x09A0, 0x3C12, 0x761E, 0x75FE, 0x761E, 0x75FE,
  0x6E1E, 0x6DFE, 0x6DFD, 0x5C70, 0x09C0, 0x01E0, 0x2BC3, 0x5567, 0x5566, 0x5587, 0x5567, 0x4D46, 0x4D47,
  0x23E4, 0x2C04, 0x2404, 0x2C23, 0x4D66, 0x4D67, 0x4D47, 0x4D67, 0x4D47, 0x4D67, 0x5567, 0x4D67, 0x5567,
  0x5587, 0x5567, 0x4D66, 0x5567, 0x4D66, 0x5567, 0x5566, 0x5567, 0x4D87, 0x5587, 0x5567, 0x4C48, 0x09C0,
  0x09A0, 0x3C11, 0x761E, 0x75FE, 0x761E, 0x75FE, 0x761E, 0x75FE, 0x761E, 0x75FE, 0x761E, 0x6DFE, 0x6E1E,
  0x6DFE, 0x5C70, 0x01A0, 0x01E0, 0x2BC2, 0x5587, 0x5567, 0x4D66, 0x5567, 0x4D86, 0x4D66, 0x23E4, 0x2C04,
  0x2C24, 0x2C04, 0x2C43, 0x4D87, 0x4D86, 0x5566, 0x4D66, 0x4D67, 0x5566, 0x5567, 0x5566, 0x5587, 0x4D87,
  0x5567, 0x4D66, 0x5567, 0x4D66, 0x5567, 0x4D66, 0x5567, 0x5587, 0x5567, 0x5587, 0x4C68, 0x09E0, 0x09C0,
  0x4412, 0x761E, 0x75FE, 0x761E, 0x75FE, 0x761E, 0x75FE, 0x761E, 0x75FE, 0x761E, 0x75FE, 0x761E, 0x6DFE,
  0x6E1E, 0x5C70, 0x09C0, 0x01E0, 0x2BC3, 0x5587, 0x5567, 0x5587, 0x5567, 0x4D86, 0x4D66, 0x4D46, 0x2404,
  0x2C04, 0x2C24, 0x2C04, 0x2404, 0x2C43, 0x5586, 0x4D66, 0x5567, 0x4D67, 0x5567, 0x4D66, 0x5567, 0x4D47,
  0x5567, 0x5587, 0x5567, 0x4C49, 0x09E0, 0x09C0, 0x4412, 0x761E, 0x75FE, 0x761E, 0x75FE, 0x6DFE, 0x75FE,
  0x6DFE, 0x6E1E, 0x5C70, 0x01C0, 0x01E0, 0x2BC3, 0x5587, 0x4D67, 0x5567, 0x4D66, 0x4D86, 0x4D66, 0x5587,
  0x55A7, 0x5587, 0x5567, 0x5566, 0x5587, 0x5567, 0x4D67, 0x5567, 0x4D66, 0x5567, 0x4D66, 0x5567, 0x5566,
  0x4D66, 0x5567, 0x5566, 0x4D66, 0x5567, 0x4D67, 0x5587, 0x5567, 0x5566, 0x5567, 0x4C89, 0x09E0, 0x4412,
  0x761E, 0x6DFE, 0x761E, 0x75FE, 0x761E, 0x75FE, 0x761E, 0x75FE, 0x6DFE, 0x75FE, 0x6E1E, 0x6DFE, 0x761E,
  0x6E1E, 0x5CB1, 0x09C0, 0x01C1, 0x2383, 0x4D67, 0x4D47, 0x4D67, 0x5567, 0x4D66, 0x5567, 0x5566, 0x5567,
  0x5566, 0x4D67, 0x4D66, 0x4D86, 0x4D87, 0x5566, 0x5587, 0x4D87, 0x5566, 0x4D66, 0x5566, 0x4D67, 0x5567,
  0x4D66, 0x4D67, 0x5546, 0x4D46, 0x5567, 0x5587, 0x5567, 0x5566, 0x5567, 0x4D66, 0x5567, 0x4D67, 0x5567,
  0x4D67, 0x5567, 0x5587, 0x5567, 0x4C68, 0x09E0, 0x4412, 0x761E, 0x6DFE, 0x761E, 0x75FE, 0x761E, 0x75FE,
  0x761E, 0x75FE, 0x6DFE, 0x6E1E, 0x761E, 0x6DFE, 0x761E, 0x5CD1, 0x09E0, 0x01A0, 0x2383, 0x4D67, 0x5567,
  0x4D67, 0x5567, 0x4D67, 0x5567, 0x4D67, 0x5567, 0x5587, 0x5567, 0x5587, 0x5566, 0x5567, 0x5566, 0x4D67,
  0x5567, 0x4D66, 0x5567, 0x4D66, 0x5567, 0x4D66, 0x5567, 0x4D66, 0x5567, 0x5566, 0x5567, 0x5566, 0x5567,
  0x4D67, 0x4D47, 0x5567, 0x4D66, 0x5567, 0x4D67, 0x5567, 0x5587, 0x5567, 0x5587, 0x4D87, 0x5567, 0x4C68,
  0x0A00, 0x09E0, 0x4432, 0x761F, 0x6E1E, 0x6DFE, 0x75FE, 0x761E, 0x75FE, 0x761E, 0x75FE, 0x6DFE, 0x761E,
  0x6E1E, 0x5CD1, 0x09E0, 0x01A0, 0x2383, 0x4D67, 0x5567, 0x5587, 0x5567, 0x4D67, 0x5567, 0x4D46, 0x5567,
  0x4D66, 0x5567, 0x4D66, 0x5567, 0x5587, 0x5567, 0x4D66, 0x5567, 0x4D67, 0x5567, 0x4D66, 0x5567, 0x5587,
  0x5567, 0x4D66, 0x5567, 0x4D66, 0x5567, 0x4D67, 0x5567, 0x4D66, 0x4D67, 0x5567, 0x4D66, 0x5566, 0x5567,
  0x4D46, 0x5567, 0x4D66, 0x5567, 0x4C68, 0x0A00, 0x09E0, 0x4432, 0x761E, 0x75FE, 0x761E, 0x75FE, 0x761E,
  0x75FE, 0x761E, 0x6DFE, 0x6E1E, 0x761E, 0x5CD1, 0x09E0, 0x01A0, 0x2383, 0x5567, 0x5587, 0x5567, 0x5566,
  0x5567, 0x4D66, 0x5567, 0x4D66, 0x5567, 0x4D67, 0x5567, 0x5587, 0x5567, 0x4D67, 0x5567, 0x5566, 0x5567,
  0x4D67, 0x5567, 0x4D67, 0x5587, 0x5567, 0x4D86, 0x5567, 0x5566, 0x4D67, 0x5587, 0x5567, 0x4D67, 0x5567,
  0x4C48, 0x09E0, 0x4412, 0x6E1E, 0x761E, 0x75FE, 0x761E, 0x75FE, 0x6DFE, 0x761E, 0x6E1E, 0x5CB1, 0x01C0,
  0x01A0, 0x2B83, 0x5588, 0x55A8, 0x5587, 0x5567, 0x5587, 0x5567, 0x4D87, 0x5567, 0x4D66, 0x5567, 0x5566,
  0x5567, 0x4D66, 0x5567, 0x4D66, 0x4D67, 0x4D66, 0x2C04, 0x4D86, 0x5566, 0x5567, 0x5587, 0x5567, 0x4C28,
  0x09C0, 0x4412, 0x761E, 0x75FE, 0x6DFE, 0x75FE, 0x761E, 0x6E1E, 0x5C91, 0x01A0, 0x12C1, 0x2C04, 0x2C24,
  0x2C25, 0x2C04, 0x4D67, 0x5567, 0x4D67, 0x5567, 0x4D67, 0x5567, 0x5566, 0x5567, 0x4D66, 0x5567, 0x5547,
  0x5546, 0x4D66, 0x5567, 0x4D66, 0x5567, 0x4D66, 0x5567, 0x4D66, 0x4D47, 0x5567, 0x4D67, 0x5567, 0x4D67,
  0x4D66, 0x5547, 0x4D46, 0x5566, 0x4D87, 0x2C04, 0x5587, 0x5566, 0x4D66, 0x4D46, 0x5567, 0x5587, 0x5567,
  0x4C28, 0x09C0, 0x09A0, 0x4412, 0x761E, 0x75FE, 0x761E, 0x75FE, 0x6DFE, 0x75FE, 0x761E, 0x6DFE, 0x6E1E,
  0x5C91, 0x01C0, 0x01E0, 0x1302, 0x2C04, 0x2BE4, 0x4D47, 0x4D67, 0x5567, 0x4D67, 0x5567, 0x4D67, 0x5567,
  0x4D66, 0x5567, 0x4D67, 0x5567, 0x5566, 0x5567, 0x4D67, 0x5567, 0x4D87, 0x5567, 0x4D87, 0x5567, 0x5587,
  0x5567, 0x4D66, 0x5567, 0x4D66, 0x5567, 0x5547, 0x4D67, 0x4D66, 0x4D67, 0x5567, 0x5568, 0x4D68, 0x5587,
  0x4D66, 0x5566, 0x5D49, 0x5D29, 0x5D48, 0x5587, 0x4D66, 0x4D68, 0x2C04, 0x55A8, 0x5566, 0x4D66, 0x4D46,
  0x4D67, 0x5567, 0x4428, 0x09A0, 0x4412, 0x761E, 0x75FE, 0x6DFE, 0x761E, 0x6DFE, 0x6DFD, 0x5C70, 0x01C0,
  0x01E0, 0x1302, 0x2C05, 0x2C04, 0x2C05, 0x2404, 0x4D48, 0x5548, 0x4D47, 0x5567, 0x5587, 0x5567, 0x5566,
  0x5567, 0x4D67, 0x5567, 0x5566, 0x5567, 0x4D67, 0x5567, 0x5587, 0x5567, 0x4D66, 0x5567, 0x4D67, 0x5567,
  0x5587, 0x5567, 0x5587, 0x5567, 0x2C04, 0x5587, 0x4D67, 0x0180, 0x01A0, 0x0260, 0x4D86, 0x5587, 0x2C04,
  0x2C24, 0x5586, 0x4D66, 0x5566, 0x5587, 0x5567, 0x4C28, 0x09A0, 0x3C12, 0x761E, 0x75FE, 0x761E, 0x75FE,
  0x761E, 0x75FE, 0x761E, 0x6DFE, 0x761E, 0x6DFE, 0x6E1E, 0x5C90, 0x09E0, 0x01E0, 0x1302, 0x2C04, 0x2BE4,
  0x2BE5, 0x2BE4, 0x5567, 0x4D86, 0x5587, 0x5567, 0x4D67, 0x4D47, 0x5567, 0x4D67, 0x5546, 0x4D67, 0x5567,
  0x4D66, 0x5567, 0x4D66, 0x5567, 0x4D66, 0x5567, 0x4D66, 0x5566, 0x5567, 0x2C04, 0x5DA7, 0x5567, 0x01A0,
  0x0240, 0x4D86, 0x5588, 0x2C04, 0x55A6, 0x5586, 0x2C04, 0x5587, 0x5D88, 0x4C49, 0x09C2, 0x0182, 0x3BF2,
  0x761E, 0x75FE, 0x761E, 0x75FE, 0x6E1E, 0x6DFE, 0x761E, 0x5C71, 0x01C2, 0x01C1, 0x12E2, 0x3405, 0x2C05,
  0x2C04, 0x2404, 0x2424, 0x5587, 0x4D87, 0x5587, 0x5566, 0x5567, 0x4D67, 0x5567, 0x5566, 0x5567, 0x4D66,
  0x5567, 0x4D67, 0x5567, 0x4D67, 0x4D66, 0x5567, 0x4D67, 0x5567, 0x4D67, 0x5567, 0x4D66, 0x5567, 0x4D46,
  0x5567, 0x5566, 0x5567, 0x4D67, 0x5567, 0x4D67, 0x5587, 0x5566, 0x4D66, 0x4D47, 0x2C04, 0x0200, 0x01E0,
  0x33E5, 0x2BE5, 0x23C4, 0x23E4, 0x2404, 0x2C04, 0x55A6, 0x2C04, 0x23E4, 0x0A20, 0x0A00, 0x1ACB, 0x7E1D,
  0x75FD, 0x6DFE, 0x761E, 0x75FE, 0x761E, 0x75FE, 0x761E, 0x75FE, 0x761E, 0x75FE, 0x761E, 0x75FE, 0x6DFE,
  0x761E, 0x6DFE, 0x6E1E, 0x763E, 0x761D, 0x7E3B, 0x332A, 0x01A0, 0x01C0, 0x2404, 0x2C04, 0x2C24, 0x2C04,
  0x2404, 0x5567, 0x4D67, 0x5567, 0x4D66, 0x4D67, 0x5567, 0x4D67, 0x4D66, 0x4D86, 0x5566, 0x5567, 0x4D66,
  0x5567, 0x5587, 0x5567, 0x5587, 0x5567, 0x4D66, 0x5567, 0x5566, 0x4D86, 0x4D66, 0x4D46, 0x2C04, 0x09E0,
  0x3405, 0x2BE5, 0x2BE4, 0x2C04, 0x2C05, 0x2C04, 0x23E5, 0x2C04, 0x23E4, 0x01E0, 0x09E0, 0x12AB, 0x7E3E,
  0x761E, 0x6DFE, 0x75FE, 0x761E, 0x75FE, 0x761E, 0x75FE, 0x6DFE, 0x761E, 0x75FC, 0x3B4B, 0x0180, 0x01C0,
  0x2404, 0x2C24, 0x2C04, 0x2C24, 0x2404, 0x23E4, 0x4D67, 0x5567, 0x4D66, 0x5567, 0x4D67, 0x4D66, 0x4D67,
  0x4D66, 0x4D86, 0x4D66, 0x5567, 0x4D67, 0x5567, 0x5566, 0x4D66, 0x4D86, 0x4D67, 0x5567, 0x4D67, 0x4D46,
  0x4D67, 0x5567, 0x5587, 0x5566, 0x4D86, 0x2C04, 0x09E0, 0x09C0, 0x3405, 0x2C05, 0x2BE4, 0x2C05, 0x2C04,
  0x2C05, 0x2C04, 0x1A82, 0x1262, 0x1242, 0x5473, 0x54B5, 0x54F9, 0x763E, 0x761E, 0x75FE, 0x761E, 0x75FE,
  0x761E, 0x75FE, 0x761E, 0x75FE, 0x761E, 0x6DFE, 0x761E, 0x75FC, 0x3B2B, 0x09A0, 0x01C0, 0x23E4, 0x2C04,
  0x2C24, 0x2C04, 0x2C05, 0x2BE4, 0x4D67, 0x4D86, 0x4D87, 0x4D46, 0x5567, 0x4D67, 0x5567, 0x3464, 0x3445,
  0x3CE5, 0x4D66, 0x4D86, 0x4527, 0x3445, 0x2C44, 0x3465, 0x34A4, 0x4D66, 0x5567, 0x3CA5, 0x3464, 0x4D66,
  0x5567, 0x5587, 0x5566, 0x4D66, 0x5567, 0x4D47, 0x4D67, 0x4D66, 0x5567, 0x4D66, 0x5587, 0x5586, 0x5587,
  0x4D86, 0x2C04, 0x09E0, 0x3425, 0x2C05, 0x2BE4, 0x2C05, 0x2BE4, 0x23E4, 0x23E5, 0x2404, 0x2C05, 0x11E0,
  0x09C0, 0x11C0, 0x0980, 0x6D79, 0x6E1E, 0x761E, 0x75FE, 0x6DFE, 0x75DC, 0x3B2B, 0x01A0, 0x01C0, 0x2C04,
  0x2C24, 0x2C25, 0x2C04, 0x23E5, 0x2BE5, 0x23E4, 0x4D67, 0x4D86, 0x4D66, 0x5586, 0x5567, 0x4D66, 0x4D86,
  0x2C04, 0x2404, 0x3484, 0x4D66, 0x4D86, 0x4D66, 0x4D27, 0x2C05, 0x2C04, 0x2C05, 0x2C24, 0x2C43, 0x5566,
  0x5567, 0x4D66, 0x5567, 0x3465, 0x2BE4, 0x2403, 0x4D66, 0x4D86, 0x4D66, 0x5567, 0x5566, 0x5567, 0x5587,
  0x5567, 0x4D67, 0x5567, 0x55A7, 0x5587, 0x5567, 0x4D66, 0x5566, 0x4D67, 0x4D86, 0x4D66, 0x4D67, 0x4D87,
  0x5587, 0x4D87, 0x55A7, 0x2C04, 0x2C05, 0x2404, 0x23E4, 0x2C04, 0x09E0, 0x3426, 0x2C25, 0x2C05, 0x2C04,
  0x2BE4, 0x2C04, 0x2C05, 0x2C04, 0x2C05, 0x33C5, 0x2BC5, 0x33C6, 0x01C3, 0x09C3, 0x09A3, 0x657A, 0x6DFE,
  0x761E, 0x75FE, 0x761E, 0x75FE, 0x6DFE, 0x6E1E, 0x75DD, 0x3B2D, 0x0163, 0x01C0, 0x3426, 0x3425, 0x2C24,
  0x2BE4, 0x2BE5, 0x23E4, 0x2BE4, 0x23E5, 0x2404, 0x55A8, 0x5587, 0x55A7, 0x4D86, 0x5587, 0x5566, 0x5567,
  0x4D66, 0x5567, 0x4D66, 0x5567, 0x4D66, 0x5587, 0x5567, 0x5587, 0x5567, 0x4D66, 0x55A8, 0x2404, 0x3464,
  0x4D66, 0x4D67, 0x4D47, 0x4D28, 0x2C05, 0x2C25, 0x2C04, 0x2C24, 0x2C44, 0x5567, 0x5566, 0x5567, 0x5566,
  0x4D66, 0x4D46, 0x4D66, 0x5567, 0x4D66, 0x5567, 0x3465, 0x2C04, 0x2403, 0x4D67, 0x5567, 0x5566, 0x4D86,
  0x5567, 0x2403, 0x5587, 0x5566, 0x5567, 0x5587, 0x5567, 0x5587, 0x2C24, 0x2424, 0x2404, 0x5587, 0x4D66,
  0x4D67, 0x4D86, 0x4D66, 0x2C04, 0x2C25, 0x2C05, 0x2BE5, 0x2C04, 0x09C0, 0x09E0, 0x3425, 0x2C04, 0x2C05,
  0x2C04, 0x2C05, 0x01A0, 0x01C0, 0x01A0, 0x01A2, 0x75B9, 0x75DA, 0x75BA, 0x7599, 0x6DFD, 0x6DFE, 0x761E,
  0x6E1E, 0x75FE, 0x761E, 0x75FE, 0x761E, 0x75FE, 0x761E, 0x75FE, 0x761E, 0x6DFE, 0x6DDE, 0x6D9B, 0x6559,
  0x7DF6, 0x0A00, 0x0200, 0x2C24, 0x2C05, 0x2BE5, 0x2404, 0x23E4, 0x2404, 0x2C04, 0x2C24, 0x3CC4, 0x4D86,
  0x4D66, 0x5566, 0x4D66, 0x5567, 0x4D67, 0x5567, 0x5566, 0x5567, 0x4D66, 0x2C23, 0x2C24, 0x2C25, 0x2404,
  0x34A4, 0x4D86, 0x4D66, 0x1BA3, 0x23C4, 0x23E4, 0x2C04, 0x2C05, 0x2C25, 0x2C04, 0x23E4, 0x23E3, 0x5566,
  0x4D66, 0x5587, 0x5567, 0x4D66, 0x5567, 0x4D66, 0x3465, 0x2C04, 0x23E4, 0x2404, 0x2C04, 0x2404, 0x2403,
  0x4D66, 0x4D87, 0x5567, 0x2C04, 0x5587, 0x4D87, 0x5587, 0x5567, 0x4D66, 0x5567, 0x4D66, 0x5567, 0x4D87,
  0x5566, 0x4D67, 0x2C04, 0x2404, 0x2BE4, 0x5567, 0x4D66, 0x4D86, 0x4D67, 0x4D66, 0x2C04, 0x2C25, 0x2C05,
  0x2BE5, 0x2BE4, 0x22E4, 0x01A0, 0x09C0, 0x3405, 0x2C24, 0x2C05, 0x2C04, 0x2C05, 0x3405, 0x09C0, 0x01A0,
  0x0980, 0x0182, 0x761E, 0x75FE, 0x6DFE, 0x75FE, 0x761E, 0x75FE, 0x761E, 0x75FE, 0x761E, 0x75FE, 0x761E,
  0x75FE, 0x6DFE, 0x761E, 0x8659, 0x09E0, 0x01E0, 0x2C05, 0x2BE5, 0x23E4, 0x2404, 0x2C04, 0x2C24, 0x34A4,
  0x4D66, 0x4D67, 0x5566, 0x5567, 0x4D67, 0x5567, 0x4D66, 0x5567, 0x4D87, 0x5567, 0x5566, 0x5567, 0x2424,
  0x2C24, 0x34A4, 0x4D86, 0x4D66, 0x23C3, 0x23E4, 0x2C05, 0x2C24, 0x2C25, 0x2C05, 0x2C04, 0x23E5, 0x23E3,
  0x4D67, 0x5566, 0x4D67, 0x5567, 0x4D66, 0x5567, 0x4D66, 0x5567, 0x4D67, 0x5567, 0x4D66, 0x5567, 0x5566,
  0x5567, 0x4D67, 0x5567, 0x3485, 0x2C04, 0x2C05, 0x23E4, 0x23E3, 0x4D67, 0x4D66, 0x5567, 0x2C04, 0x4D68,
  0x4D48, 0x4D47, 0x4D66, 0x4D86, 0x5567, 0x4D67, 0x5567, 0x4D66, 0x5567, 0x5566, 0x4D67, 0x5567, 0x4D86,
  0x4D87, 0x4D67, 0x4D27, 0x4D48, 0x2C04, 0x2C05, 0x23E4, 0x5548, 0x4D28, 0x4D48, 0x4D68, 0x5568, 0x4D48,
  0x2C04, 0x2C05, 0x2C24, 0x2C25, 0x2C05, 0x33A6, 0x3386, 0x22E4, 0x01C0, 0x2C05, 0x2C04, 0x2C05, 0x2C04,
  0x2C05, 0x3426, 0x09E0, 0x09A0, 0x0165, 0x0145, 0x0167, 0x6E1E, 0x761E, 0x75FE, 0x761E, 0x75FE, 0x761E,
  0x75FE, 0x761E, 0x75FE, 0x6DFE, 0x761E, 0x7E3B, 0x01C6, 0x01A5, 0x33A6, 0x3385, 0x33A6, 0x33C5, 0x2C24,
  0x2C04, 0x3485, 0x4527, 0x4D27, 0x4D47, 0x4D66, 0x4D67, 0x4D66, 0x4D67, 0x4D48, 0x4D47, 0x4D48, 0x4D68,
  0x4D47, 0x4D48, 0x2C04, 0x2404, 0x2C04, 0x34A5, 0x4D68, 0x4527, 0x23E4, 0x2BE5, 0x2C04, 0x2C05, 0x2C04,
  0x2C05, 0x23E4, 0x4D48, 0x4D27, 0x4D67, 0x4D66, 0x4D67, 0x4D66, 0x5566, 0x5567, 0x4D47, 0x5567, 0x4D66,
  0x5546, 0x5567, 0x5546, 0x5566, 0x5567, 0x5548, 0x4D48, 0x3465, 0x2C05, 0x2C04, 0x2C05, 0x2C04, 0x23E4,
  0x4D47, 0x4D48, 0x5567, 0x2404, 0x2C04, 0x2C43, 0x4D66, 0x4D86, 0x4D66, 0x5567, 0x5566, 0x5567, 0x4D86,
  0x4D87, 0x5568, 0x2C04, 0x2C05, 0x2C04, 0x23E5, 0x2C05, 0x2C04, 0x2C25, 0x01C0, 0x0180, 0x0A81, 0x2BE5,
  0x23E4, 0x2404, 0x2C04, 0x2404, 0x2C05, 0x2404, 0x3425, 0x09E0, 0x09C2, 0x761D, 0x6DFE, 0x6E1E, 0x75FE,
  0x761E, 0x75FE, 0x761E, 0x75FE, 0x761E, 0x75FE, 0x761E, 0x75FE, 0x761E, 0x75FE, 0x6DFE, 0x6DFD, 0x6E1E,
  0x6DFE, 0x761E, 0x7DFC, 0x0180, 0x01C0, 0x01E0, 0x2C24, 0x2C04, 0x23E4, 0x2404, 0x4D66, 0x4D67, 0x4D86,
  0x4D87, 0x34A5, 0x2C04, 0x23E5, 0x2404, 0x2C04, 0x2C05, 0x2C04, 0x2424, 0x2C05, 0x2C25, 0x2C04, 0x2C05,
  0x2C04, 0x2C05, 0x2404, 0x2BE4, 0x4D67, 0x4D66, 0x4D67, 0x4D87, 0x5587, 0x5567, 0x4D67, 0x5567, 0x5586,
  0x5568, 0x2404, 0x23E5, 0x2C05, 0x2C04, 0x2C05, 0x2C04, 0x2C05, 0x23E4, 0x5567, 0x2C04, 0x2C05, 0x2C04,
  0x2C24, 0x4D67, 0x5567, 0x4D67, 0x5587, 0x5567, 0x4D66, 0x55A7, 0x5587, 0x5588, 0x2C04, 0x2C05, 0x2C04,
  0x2C05, 0x2C04, 0x2C05, 0x2C04, 0x2C05, 0x2C04, 0x2C05, 0x2C24, 0x01E0, 0x01A0, 0x0A81, 0x2BC4, 0x2C05,
  0x2404, 0x2C05, 0x2C04, 0x2404, 0x2C04, 0x23E5, 0x2404, 0x3425, 0x09E0, 0x09E2, 0x7E3D, 0x6DFE, 0x6E1E,
  0x6DFE, 0x761E, 0x75FE, 0x761E, 0x75FE, 0x761E, 0x75FE, 0x761E, 0x75FE, 0x6E1E, 0x6DFE, 0x6E1E, 0x761E,
  0x6DFE, 0x761E, 0x6DFE, 0x75FC, 0x0142, 0x0182, 0x01A2, 0x09C2, 0x01E1, 0x3425, 0x2C04, 0x2C05, 0x2BC4,
  0x2BE4, 0x2404, 0x4D87, 0x4D67, 0x55A7, 0x4D87, 0x3CA6, 0x2C04, 0x2404, 0x2C04, 0x23E4, 0x2BC4, 0x2BE4,
  0x2C24, 0x2C25, 0x2C04, 0x2C05, 0x2C04, 0x2C05, 0x2C24, 0x2C05, 0x2C04, 0x2C05, 0x2BE4, 0x4D47, 0x4D67,
  0x4D87, 0x5587, 0x5567, 0x5566, 0x5567, 0x4D87, 0x4D67, 0x4D66, 0x4D67, 0x5567, 0x5566, 0x5567, 0x5546,
  0x5567, 0x5587, 0x5589, 0x2404, 0x2C04, 0x2C05, 0x2C04, 0x2C05, 0x2C04, 0x2C05, 0x23E4, 0x5567, 0x2C04,
  0x2C05, 0x2C04, 0x2404, 0x23E4, 0x2404, 0x2BE4, 0x23E4, 0x2404, 0x5567, 0x5587, 0x5567, 0x5566, 0x5567,
  0x5566, 0x5567, 0x4D66, 0x4D67, 0x2C04, 0x2C24, 0x2C04, 0x2C05, 0x2C04, 0x2C24, 0x2C04, 0x2BE4, 0x2C05,
  0x2C04, 0x23E5, 0x2C25, 0x2C04, 0x2C25, 0x0200, 0x09C0, 0x0A81, 0x2BC4, 0x23E5, 0x2C04, 0x2C05, 0x2C04,
  0x2BE5, 0x3405, 0x09E0, 0x09E2, 0x7E3D, 0x761E, 0x6E1E, 0x6DFE, 0x75FE, 0x761E, 0x75FE, 0x761E, 0x75FE,
  0x761E, 0x75FE, 0x761E, 0x75FE, 0x6DFE, 0x75FE, 0x761E, 0x6E1E, 0x761E, 0x6DFE, 0x761E, 0x6E1E, 0x6DFE,
  0x75FD, 0x761D, 0x763E, 0x7E3E, 0x865C, 0x0A01, 0x0A00, 0x09E0, 0x01A0, 0x0AC1, 0x2C05, 0x2404, 0x2C05,
  0x2C04, 0x2404, 0x2C05, 0x2404, 0x2C04, 0x2C05, 0x2C04, 0x01A0, 0x3445, 0x2C24, 0x2C25, 0x2C05, 0x2404,
  0x2C05, 0x2C04, 0x2C05, 0x23E4, 0x2404, 0x2424, 0x2C24, 0x2424, 0x2C04, 0x4D67, 0x5566, 0x5567, 0x4D67,
  0x5567, 0x5566, 0x4D67, 0x5567, 0x5566, 0x5567, 0x5587, 0x2C64, 0x2C24, 0x2C04, 0x2404, 0x2C04, 0x2C05,
  0x2C04, 0x2C05, 0x23E4, 0x2C04, 0x2C05, 0x2404, 0x2C04, 0x2BE5, 0x23E4, 0x2C05, 0x2C24, 0x4D87, 0x5567,
  0x4D67, 0x5567, 0x5587, 0x5567, 0x5587, 0x5567, 0x5587, 0x4D67, 0x5567, 0x4D67, 0x2C05, 0x2C24, 0x2C04,
  0x2C05, 0x2BE4, 0x2C05, 0x2C25, 0x2C24, 0x2C04, 0x2C05, 0x2404, 0x2C05, 0x2BE5, 0x2C05, 0x2BE5, 0x2C05,
  0x2C25, 0x0200, 0x09C0, 0x0AC1, 0x2BE5, 0x2BE4, 0x23E4, 0x2BE4, 0x2C04, 0x2C05, 0x2C04, 0x2C05, 0x2404,
  0x2C05, 0x2BE5, 0x01C0, 0x09E2, 0x7E1D, 0x761E, 0x6DFE, 0x75FE, 0x6DFE, 0x75FE, 0x6DFE, 0x75FE, 0x6DFE,
  0x75FE, 0x6DFE, 0x75FE, 0x761E, 0x75FE, 0x6DFE, 0x6DFD, 0x761E, 0x7E3C, 0x09E1, 0x09A0, 0x01A0, 0x09A0,
  0x12C1, 0x2C04, 0x2404, 0x2C04, 0x2404, 0x2C04, 0x2C05, 0x2404, 0x2C04, 0x2C05, 0x01C0, 0x01A0, 0x3425,
  0x2C25, 0x2C24, 0x2C25, 0x2C05, 0x2BE4, 0x2404, 0x2C04, 0x2C24, 0x2C04, 0x2C24, 0x2C05, 0x4D67, 0x5547,
  0x5567, 0x4D67, 0x5567, 0x4D67, 0x5567, 0x4D67, 0x5567, 0x5587, 0x5567, 0x5587, 0x2C44, 0x2C24, 0x2C04,
  0x2C05, 0x2C04, 0x2C05, 0x23E4, 0x2C04, 0x2C05, 0x2BE4, 0x2C04, 0x2BE4, 0x23E4, 0x2C04, 0x2C05, 0x2C25,
  0x2404, 0x2403, 0x2404, 0x2C03, 0x2404, 0x2403, 0x2404, 0x2BE4, 0x2404, 0x23E4, 0x2404, 0x2C04, 0x2C05,
  0x2C04, 0x2C05, 0x2C04, 0x1A82, 0x01C0, 0x01E0, 0x0200, 0x01E0, 0x0200, 0x01E0, 0x01C0, 0x0200, 0x3406,
  0x3405, 0x2C04, 0x2404, 0x2BE5, 0x2BE4, 0x2404, 0x2C04, 0x2C05, 0x2BC5, 0x0180, 0x09E2, 0x7E3D, 0x761E,
  0x6E1E, 0x6DFE, 0x75FE, 0x6DFE, 0x75FE, 0x761E, 0x75FE, 0x761E, 0x75FE, 0x6DFE, 0x6E1E, 0x75FE, 0x761E,
  0x75FB, 0x7DFA, 0x0141, 0x09A0, 0x12C2, 0x2404, 0x2C04, 0x2404, 0x2C04, 0x2BE5, 0x2BE4, 0x2C04, 0x2C05,
  0x2C04, 0x2404, 0x2C24, 0x2BE5, 0x2BA4, 0x01C0, 0x01E0, 0x2C04, 0x2C05, 0x2C04, 0x2C05, 0x2C04, 0x23E4,
  0x2404, 0x2403, 0x2404, 0x23E3, 0x2404, 0x2403, 0x2404, 0x23E4, 0x2403, 0x2404, 0x2403, 0x2404, 0x2403,
  0x2404, 0x2403, 0x2404, 0x2C04, 0x2C05, 0x2C04, 0x2C05, 0x20E3, 0x23E4, 0x2C04, 0x2404, 0x2C04, 0x2404,
  0x2BE4, 0x2404, 0x2C04, 0x2C05, 0x2C04, 0x2C05, 0x2C04, 0x2C05, 0x2C04, 0x2404, 0x2C04, 0x2404, 0x2C24,
  0x2404, 0x2C04, 0x2404, 0x2C04, 0x2404, 0x2BE4, 0x2C04, 0x2404, 0x2C05, 0x2C04, 0x2C05, 0x2C04, 0x2BE4,
  0x1A83, 0x09A0, 0x01A0, 0x09A0, 0x01E0, 0x09E0, 0x09C0, 0x01A0, 0x09A0, 0x09C0, 0x09E0, 0x3405, 0x3425,
  0x2C24, 0x2C04, 0x2404, 0x2BE4, 0x2C05, 0x2BE4, 0x23E4, 0x2C04, 0x2BE5, 0x2BC5, 0x0180, 0x01C2, 0x7E3D,
  0x763E, 0x761E, 0x6DFE, 0x75FE, 0x6DFE, 0x75FE, 0x6DFE, 0x75FE, 0x6DFE, 0x761E, 0x6DFE, 0x761E, 0x6E1E,
  0x761D, 0x0141, 0x09A0, 0x12E2, 0x2C04, 0x2424, 0x2C04, 0x2404, 0x2C05, 0x2C04, 0x2C05, 0x2C04, 0x2BE4,
  0x01A0, 0x01C0, 0x01E0, 0x2C05, 0x2404, 0x2C04, 0x2404, 0x2C04, 0x2C05, 0x2C04, 0x2404, 0x2C04, 0x2404,
  0x2C04, 0x2404, 0x2C04, 0x2C05, 0x2C04, 0x2C25, 0x2C04, 0x2C05, 0x2C04, 0x2C05, 0x20E3, 0x23E4, 0x2404,
  0x2C04, 0x2404, 0x2C05, 0x3405, 0x2BE4, 0x2C04, 0x2404, 0x23E4, 0x2C04, 0x2C24, 0x2C04, 0x2C05, 0x2C04,
  0x2C05, 0x2C04, 0x2C05, 0x2404, 0x2C04, 0x2404, 0x2BE4, 0x2C04, 0x2C05, 0x2C04, 0x2C05, 0x2C25, 0x2C05,
  0x2C04, 0x2BC5, 0x33C5, 0x1A83, 0x01A0, 0x09A0, 0x01C0, 0x01E0, 0x0200, 0x01E0, 0x01C0, 0x01A0, 0x01C0,
  0x0200, 0x3405, 0x2C45, 0x3425, 0x2C05, 0x2BE5, 0x2BC5, 0x33C5, 0x2BC5, 0x2BE5, 0x3405, 0x2BC5, 0x33A5,
  0x0980, 0x0982, 0x861D, 0x7DFD, 0x7E1D, 0x75FD, 0x7DFD, 0x75FD, 0x7DFD, 0x75FD, 0x7DFD, 0x75DD, 0x75FD,
  0x75DD, 0x7DFD, 0x75DD, 0x7DFD, 0x75DD, 0x75FD, 0x75DD, 0x7DFD, 0x75FD, 0x7DFD, 0x75FD, 0x7DFD, 0x7E1D,
  0x7DFD, 0x75FD, 0x7DFD, 0x0141, 0x09A0, 0x1AE2, 0x2C05, 0x3425, 0x2C05, 0x2BE5, 0x2BC5, 0x2BE5, 0x2BC5,
  0x2BE5, 0x2C05, 0x2C04, 0x2C05, 0x0180, 0x01A0, 0x01C0, 0x2BE5, 0x2C05, 0x2C04, 0x2C05, 0x2C04, 0x2404,
  0x2C04, 0x2C05, 0x2C25, 0x2C04, 0x2404, 0x2C05, 0x2C04, 0x2404, 0x2C04, 0x2BE4, 0x2405, 0x2C05, 0x2C04,
  0x2C05, 0x2C04, 0x2C05, 0x20E3, 0x23E4, 0x2BE4, 0x2C04, 0x20E3, 0x2BE5, 0x2BE4, 0x2C04, 0x2C05, 0x2C04,
  0x2C05, 0x2C04, 0x2404, 0x2C04, 0x2BE4, 0x2C04, 0x2BE4, 0x2C04, 0x2404, 0x2BE4, 0x2C04, 0x2C05, 0x2C04,
  0x2C05, 0x2BE4, 0x2C05, 0x20E3, 0x1A42, 0x2BC5, 0x2BE5, 0x2C05, 0x2C25, 0x2C05, 0x2BE5, 0x2C05, 0x3425,
  0x32A6, 0x1903, 0x18E3, 0x18C3, 0x18E3, 0x18C3, 0x18E3, 0x18C3, 0x20C4, 0x18A4, 0x18C5, 0x18A5, 0x18A4,
  0x18A5, 0x18C5, 0x18A5, 0x18A4, 0x18A5, 0x18A4, 0x18C5, 0x18A5, 0x18A4, 0x18A5, 0x18A4, 0x18A5, 0x18A4,
  0x18A5, 0x18C4, 0x18C5, 0x18A5, 0x18A4, 0x1084, 0x10A4, 0x20E4, 0x2104, 0x2103, 0x20E3, 0x18C3, 0x18E3,
  0x20E3, 0x1903, 0x2BE5, 0x01A0, 0x0180, 0x2BE5, 0x2C05, 0x2BE4, 0x2C05, 0x2C24, 0x2C04, 0x2404, 0x2C24,
  0x2C04, 0x2C05, 0x2C04, 0x2C05, 0x2C04, 0x2C05, 0x20E3, 0x2BC5, 0x23E4, 0x2C04, 0x2BE4, 0x2C04, 0x23E4,
  0x2C04, 0x2C24, 0x20E3, 0x23C4, 0x2BE4, 0x2C04, 0x2404, 0x2C05, 0x2C04, 0x2C05, 0x2C04, 0x2C05, 0x2C04,
  0x2404, 0x2C04, 0x2404, 0x2C04, 0x2C05, 0x2C04, 0x2404, 0x2C04, 0x2BE4, 0x2BC4, 0x20E3, 0x1A42, 0x2BE4,
  0x23C4, 0x23E4, 0x2C05, 0x2C04, 0x2C05, 0x2C04, 0x2C05, 0x2BE5, 0x2BE4, 0x2BE5, 0x2C05, 0x3425, 0x3AA7,
  0x20E4, 0x28C5, 0x20C5, 0x20C4, 0x28C4, 0x20A4, 0x28C5, 0x20A4, 0x20A5, 0x28C5, 0x28A5, 0x28C5, 0x28A5,
  0x28C5, 0x28A5, 0x28C5, 0x28A5, 0x28A4, 0x28C5, 0x28A4, 0x28C4, 0x28A4, 0x28C5, 0x28A5, 0x28C5, 0x20A4,
  0x28A5, 0x28C5, 0x20A4, 0x28A5, 0x28A4, 0x28C5, 0x20E3, 0x33A5, 0x2BE4, 0x01A0, 0x01C0, 0x2C05, 0x2BE4,
  0x3B87, 0x20E3, 0x3406, 0x2C05, 0x2C04, 0x2404, 0x2C04, 0x2404, 0x2C04, 0x2BE4, 0x2C04, 0x2404, 0x2C05,
  0x20E3, 0x2404, 0x23C4, 0x23E4, 0x2324, 0x2304, 0x22E4, 0x3AC6, 0x3AA7, 0x20E3, 0x3405, 0x2C04, 0x2404,
  0x2C05, 0x2C04, 0x2404, 0x2C04, 0x2404, 0x2C04, 0x2404, 0x2BE4, 0x2404, 0x2C05, 0x2C04, 0x2C05, 0x2C04,
  0x2C05, 0x20E3, 0x2BE4, 0x2C04, 0x2C05, 0x2BE5, 0x2C04, 0x2BE4, 0x2C05, 0x2BE5, 0x2C05, 0x2BE5, 0x3B27,
  0x4308, 0x5A67, 0xA2C3, 0x3266, 0x32A6, 0x0240, 0x0A80, 0x2C05, 0x2344, 0x2B25, 0x2324, 0x2344, 0x2324,
  0x2B44, 0x2B25, 0x32E6, 0x3A86, 0x4267, 0x20E3, 0x42C7, 0x3AE7, 0x3405, 0x2C24, 0x2404, 0x2C05, 0x2404,
  0x2C05, 0x2C04, 0x2404, 0x2C04, 0x23E4, 0x2C04, 0x2404, 0x2C04, 0x2404, 0x2C04, 0x2C05, 0x20E3, 0x23E4,
  0x01C0, 0x09C0, 0x09A1, 0x20E3, 0x8B09, 0x20E3, 0x3C06, 0x2C04, 0x2404, 0x2C04, 0x2C24, 0x2C04, 0x2BE4,
  0x2C04, 0x2404, 0x2C04, 0x2C24, 0x3425, 0x20E3, 0x8B09, 0x20E3, 0x2BE4, 0x2C04, 0x2C05, 0x2BE4, 0x2C04,
  0x2C05, 0x2BE5, 0x18E3, 0x28A4, 0xA2C3, 0x20C4, 0x20E4, 0x3C26, 0x2C24, 0x33E5, 0x0180, 0x01A0, 0x09C0,
  0x01E0, 0x01C0, 0x01E0, 0x09C0, 0x01C0, 0x09A0, 0x1942, 0x20E3, 0x8B09, 0x20E3, 0x33C6, 0x2C05, 0x23E4,
  0x2404, 0x2C04, 0x2C24, 0x2C25, 0x2404, 0x2C05, 0x2C04, 0x2C05, 0x2C04, 0x2404, 0x23E4, 0x2404, 0x2C05,
  0x2C04, 0x2404, 0x2C04, 0x2404, 0x2BE4, 0x2C05, 0x20E3, 0x8B09, 0x20E3, 0x23E4, 0x01E0, 0x09C0, 0x20E3,
  0x8B09, 0x20E3, 0x4BE8, 0x3BC6, 0x3BA6, 0x3BC6, 0x2BE4, 0x2C05, 0x2404, 0x2C04, 0x2C05, 0x3BC7, 0x3BA7,
  0x3BC7, 0x3BA7, 0x3BA6, 0x3BA7, 0x3BA6, 0x3BC7, 0x3BE7, 0x43E7, 0x3C06, 0x2C05, 0x2BE4, 0x2C05, 0x2BE4,
  0x2C04, 0x20E3, 0x8B09, 0x20E3, 0x2C04, 0x2404, 0x2C04, 0x2404, 0x2C04, 0x2404, 0x2C04, 0x2C05, 0x2C04,
  0x2BE5, 0x2BE4, 0x18E3, 0x28C4, 0xA2C3, 0x5943, 0xA2C3, 0x5943, 0xA2C3, 0x28C4, 0x20C4, 0x3C26, 0x2C45,
  0x2C05, 0x01A0, 0x01C0, 0x01E0, 0x01C0, 0x01E0, 0x01C0, 0x0180, 0x1122, 0x20E3, 0x8B09, 0x20E3, 0x4BA8,
  0x3B87, 0x3BA6, 0x2C04, 0x2C25, 0x2C04, 0x2C25, 0x2C04, 0x33E5, 0x3BA6, 0x3BA7, 0x3BA6, 0x3BC7, 0x2C05,
  0x2C04, 0x2BE4, 0x2C05, 0x20E3, 0x8B09, 0x20E3, 0x23E4, 0x2404, 0x2BC4, 0x20E3, 0x8B09, 0x20E3, 0x2C04,
  0x2404, 0x2BE4, 0x2C04, 0x20E3, 0x2C04, 0x2BE4, 0x2C04, 0x2BE4, 0x20E3, 0x8B09, 0x20E3, 0x2C24, 0x2C04,
  0x2404, 0x2C04, 0x2404, 0x2C05, 0x2C04, 0x2C05, 0x2404, 0x2C05, 0x2C04, 0x2BE5, 0x1902, 0x28C4, 0xA2C3,
  0x5943, 0xA2C3, 0x5943, 0xA2C3, 0x28C4, 0x20E4, 0x3406, 0x2C05, 0x2C04, 0x2404, 0x2BE4, 0x2404, 0x2C04,
  0x2BE5, 0x2404, 0x2BE4, 0x2404, 0x2BE4, 0x33A5, 0x42E7, 0x20E3, 0x8B09, 0x20E3, 0x33C5, 0x2C04, 0x4347,
  0x20E3, 0x33E5, 0x2C24, 0x2C04, 0x2BE4, 0x20E3, 0x8B09, 0x20E3, 0x2BE5, 0x23E4, 0x2404, 0x2C04, 0x33C5,
  0x20E3, 0x8B09, 0x20E3, 0x2C04, 0x3405, 0x20E3, 0x2C04, 0x2BE4, 0x2404, 0x2BE4, 0x20E3, 0x8B09, 0x20E3,
  0x2C24, 0x2C04, 0x2404, 0x23E4, 0x2C04, 0x2BE4, 0x2C04, 0x2C05, 0x1902, 0x20C4, 0xA2C3, 0x5943, 0xA2C3,
  0x5943, 0xA2C3, 0x28C4, 0x20E4, 0x3426, 0x2C05, 0x2404, 0x2BE4, 0x2C04, 0x2404, 0x2BE4, 0x23E4, 0x2BC5,
  0x42E8, 0x20E3, 0x8B09, 0x20E3, 0x33C6, 0x2C04, 0x2BE4, 0x2C04, 0x4327, 0x20E3, 0x3C06, 0x2C05, 0x20E3,
  0x8B09, 0x20E3, 0x2BE5, 0x23E4, 0x2404, 0x33C5, 0x20E3, 0x8B09, 0x20E3, 0x43A7, 0x3BA7, 0x43A7, 0x43C7,
  0x43C8, 0x20E3, 0x8B09, 0x20E3, 0x2C04, 0x2BE4, 0x2BE5, 0x2BE4, 0x2C04, 0x2404, 0x2C04, 0x2C05, 0x2BE4,
  0x2C05, 0x2BE4, 0x2C04, 0x2C05, 0x18E2, 0x20A4, 0xA2C3, 0x28C4, 0x20C4, 0x3C06, 0x2C05, 0x2BE5, 0x23E5,
  0x2BE4, 0x23E5, 0x2C04, 0x23E5, 0x2BE4, 0x2404, 0x2BE4, 0x2404, 0x2BE4, 0x33E5, 0x4308, 0x20E3, 0x8B09,
  0x20E3, 0x4368, 0x43C8, 0x43C7, 0x5328, 0x20E3, 0x4BC9, 0x2C05, 0x20E3, 0x8B09, 0x20E3, 0x2C04, 0x23E4,
  0x2BE4, 0x2BC5, 0x20E3, 0x8B09, 0x20E3, 0x8B09, 0x20E3, 0x8B09, 0x20E3, 0x3BE6, 0x23E4, 0x2C04, 0x2404,
  0x2C04, 0x2BE4, 0x2C05, 0x2C04, 0x2C05, 0x2404, 0x2C04, 0x2C05, 0x2C04, 0x2BE5, 0x10E2, 0x20A4, 0xA2C3,
  0x28C4, 0x20E4, 0x3C06, 0x23E4, 0x2BE4, 0x2C04, 0x2BE5, 0x2404, 0x23E4, 0x2404, 0x2C05, 0x2404, 0x33E5,
  0x4308, 0x20E3, 0x8B09, 0x20E3, 0x8B09, 0x20E3, 0x8B09, 0x20E3, 0x2BE5, 0x23C4, 0x2C04, 0x23E4, 0x2C04,
  0x2BC5, 0x20E3, 0x8B09, 0x20E3, 0x8B09, 0x20E3, 0x8B09, 0x20E3, 0x3C06, 0x23E4, 0x2BE4, 0x23E4, 0x2404,
  0x2BE4, 0x2404, 0x2BE4, 0x2404, 0x2C04, 0x2404, 0x2C04, 0x2C05, 0x2BE5, 0x18E2, 0x20A4, 0xA2C3, 0x18C3,
  0x18E3, 0x33C5, 0x23C4, 0x2BE4, 0x2C04, 0x2404, 0x23E4, 0x2404, 0x2BE4, 0x2404, 0x2BE5, 0x4327, 0x20E3,
  0x8B09, 0x20E3, 0x8B09, 0x20E3, 0x8B09, 0x20E3, 0x2BE4, 0x2404, 0x23E4, 0x23C4, 0x23E4, 0x2BE5, 0x33C5,
  0x20E3, 0x8B09, 0x20E3, 0x22A3, 0x33E5, 0x3405, 0x2C24, 0x2BE4, 0x23E4, 0x2404, 0x23E4, 0x2C04, 0x2404,
  0x2C04, 0x2C24, 0x2C05, 0x2BE5, 0x18E3, 0x20A4, 0x28A4, 0x28C4, 0x28C5, 0x28A4, 0x28C4, 0x28A4, 0x20A4,
  0x28A4, 0x28C4, 0x28A4, 0x28C4, 0x28A4, 0x28C4, 0x28A4, 0x28C4, 0x28A4, 0x28C4, 0x28C5, 0x28C4, 0x28C5,
  0x28C4, 0x28A4, 0x18C3, 0x2BA5, 0x2BC5, 0x2BE4, 0x23E4, 0x2BE4, 0x2C04, 0x23E4, 0x2404, 0x23E4, 0x2404,
  0x2C04, 0x2C05, 0x33E5, 0x43A8, 0x20E3, 0x8B09, 0x20E3, 0x2BA5, 0x2BC4, 0x2C04, 0x23E4, 0x2404, 0x2C05,
  0x20E3, 0x8B09, 0x20E3, 0x22A3, 0x2C04, 0x2C24, 0x2BE4, 0x2404, 0x2C04, 0x2BE4, 0x2404, 0x2C04, 0x2404,
  0x2C24, 0x2BE4, 0x10E2, 0x20A4, 0x28C5, 0x28A4, 0x28C5, 0x28A4, 0x28C5, 0x28A5, 0x28C5, 0x28C4, 0x28A4,
  0x28C5, 0x28A5, 0x28A4, 0x28C5, 0x28A4, 0x28C5, 0x28A4, 0x28C5, 0x28A4, 0x28C5, 0x28A4, 0x28C5, 0x28A4,
  0x28C5, 0x28C4, 0x28A4, 0x28C5, 0x28A4, 0x28C5, 0x28A4, 0x28A5, 0x28A4, 0x28C5, 0x28A4, 0x20A4, 0x28A4,
  0x28C5, 0x28C4, 0x28C5, 0x20E3, 0x2BA5, 0x23C4, 0x23E4, 0x2404, 0x2C04, 0x2404, 0x23E4, 0x2404, 0x2C04,
  0x3BA7, 0x20E3, 0x8B09, 0x20E3, 0x23A4, 0x23C4, 0x2BE4, 0x2C04, 0x09C0, 0x23E4, 0x2BE4, 0x23E4, 0x2404,
  0x2424, 0x20E3, 0x8B09, 0x20E3, 0x4BE7, 0x4406, 0x22C3, 0x1261, 0x1282, 0x1262, 0x1261, 0x0A61, 0x1261,
  0x0A61, 0x1261, 0x0A41, 0x1241, 0x1222, 0x18C3, 0x20C4, 0xA2C3, 0x2184, 0x2183, 0x2BC5, 0x23E4, 0x2C04,
  0x2404, 0x23E4, 0x2404, 0x23E4, 0x2404, 0x23E4, 0x2BE4, 0x2C04, 0x2404, 0x2C04, 0x2BE4, 0x2BA5, 0x2B25,
  0x3305, 0x20E3, 0x8B09, 0x20E3, 0x4C26, 0x43E6, 0x09C1, 0x09E1, 0x09C0, 0x23E4, 0x2404, 0x2C04, 0x2424,
  0x2BE4, 0x20E3, 0x8B09, 0x20E3, 0x65A9, 0x5586, 0x2B24, 0x09A0, 0x01A0, 0x09C0, 0x09A0, 0x01A0, 0x09C0,
  0x01A0, 0x09C0, 0x01C0, 0x09C0, 0x09A0, 0x0181, 0x20A3, 0x20C4, 0xA2C3, 0x20A4, 0x18C3, 0x33C6, 0x2BE4,
  0x2C04, 0x2404, 0x23E4, 0x2404, 0x23E4, 0x2404, 0x2BE4, 0x23C4, 0x2BA5, 0x20E3, 0x8B09, 0x20E3, 0x5546,
  0x5547, 0x0960, 0x0980, 0x09C0, 0x23E4, 0x2404, 0x2C04, 0x2C05, 0x20E3, 0x8B09, 0x20E3, 0x65A9, 0x5586,
  0x2B04, 0x01A0, 0x09A0, 0x01C0, 0x09C0, 0x01C0, 0x09C0, 0x01A0, 0x0980, 0x18C3, 0x20C4, 0xA2C3, 0x5943,
  0xA2C3, 0x20A4, 0x20C3, 0x33E6, 0x2C04, 0x2C24, 0x2C04, 0x2C05, 0x2404, 0x23E4, 0x2404, 0x23E4, 0x2BE4,
  0x2BC4, 0x23C4, 0x2BA4, 0x2B85, 0x20E3, 0x8B09, 0x20E3, 0x5566, 0x5547, 0x0960, 0x0980, 0x09A0, 0x01A0,
  0x09C0, 0x01E0, 0x23E4, 0x2404, 0x2BE4, 0x2404, 0x23E4, 0x2BE4, 0x01A0, 0x01C0, 0x0240, 0x65A9, 0x6569,
  0x20E3, 0x8B09, 0x20E3, 0x6569, 0x65A9, 0x5587, 0x5586, 0x5D88, 0x5DA8, 0x5D88, 0x5DA9, 0x5DA8, 0x5DA9,
  0x5DC9, 0x5DA9, 0x5DA8, 0x5DA9, 0x5D89, 0x10C1, 0x28C4, 0xA2C3, 0x5943, 0xA2C3, 0x5943, 0xA2C3, 0x20A4,
  0x20C3, 0x01A0, 0x01E0, 0x0200, 0x01E0, 0x2C05, 0x2404, 0x23E4, 0x2C04, 0x23E4, 0x2404, 0x23E4, 0x23C4,
  0x33A5, 0x0180, 0x0160, 0x65AA, 0x65CA, 0x20E3, 0x8B09, 0x20E3, 0x4BE7, 0x6589, 0x5D88, 0x5566, 0x5D68,
  0x5D88, 0x5DA8, 0x5587, 0x01E0, 0x2BE4, 0x2C04, 0x2404, 0x2C04, 0x2404, 0x2BE4, 0x0180, 0x09A0, 0x0A80,
  0x5586, 0x5567, 0x20E3, 0x8B09, 0x20E3, 0x5587, 0x55A6, 0x5587, 0x5566, 0x5587, 0x5586, 0x5587, 0x4D87,
  0x5586, 0x4D86, 0x5586, 0x55A6, 0x5586, 0x4D86, 0x5566, 0x4D87, 0x5587, 0x18C2, 0x28A4, 0xA2C3, 0x5943,
  0xA2C3, 0x5943, 0xA2C3, 0x20C4, 0x20E4, 0x09C0, 0x09E0, 0x09C0, 0x3405, 0x2BE4, 0x23E4, 0x2404, 0x23E4,
  0x2BE4, 0x23E4, 0x2404, 0x2BE4, 0x23E4, 0x33C5, 0x09A0, 0x01A0, 0x5DE8, 0x20E3, 0x8B09, 0x20E3, 0x4426,
  0x55A6, 0x5586, 0x5587, 0x5566, 0x5586, 0x5566, 0x5586, 0x55A6, 0x5587, 0x01E0, 0x2B25, 0x2B64, 0x2B85,
  0x2B65, 0x2B45, 0x0200, 0x0240, 0x02C0, 0x4D87, 0x5567, 0x20E3, 0x8B09, 0x20E3, 0x5587, 0x5586, 0x5587,
  0x4D86, 0x4D87, 0x55A7, 0x5587, 0x5586, 0x5587, 0x5586, 0x4D87, 0x5587, 0x4D87, 0x5587, 0x4D87, 0x4D86,
  0x4D87, 0x4D86, 0x5587, 0x18E2, 0x28C4, 0xA2C3, 0x5943, 0xA2C3, 0x28C4, 0x20E4, 0x0A60, 0x0280, 0x0260,
  0x0240, 0x2B25, 0x2B45, 0x2B44, 0x2B45, 0x2344, 0x2B45, 0x2B44, 0x2344, 0x2B45, 0x2B85, 0x0AE0, 0x5DE8,
  0x55C7, 0x20E3, 0x8B09, 0x20E3, 0x4426, 0x55A6, 0x5586, 0x5587, 0x5586, 0x4D86, 0x5586, 0x5587, 0x01E0,
  0x09C0, 0x09E0, 0x09C0, 0x09A1, 0x5D68, 0x5566, 0x5567, 0x4D87, 0x4D67, 0x5567, 0x20E3, 0x8B09, 0x20E3,
  0x5587, 0x4D86, 0x4D87, 0x5587, 0x4D67, 0x4D87, 0x5587, 0x4D87, 0x5587, 0x4D87, 0x5587, 0x4D87, 0x4D86,
  0x5587, 0x18C2, 0x28C4, 0xA2C3, 0x28C4, 0x20E3, 0x65E9, 0x55C7, 0x5587, 0x5567, 0x0180, 0x09A1, 0x09A0,
  0x09C0, 0x09E0, 0x09C0, 0x01E0, 0x55A7, 0x55C7, 0x55A7, 0x55A6, 0x55A7, 0x5D68, 0x20E3, 0x8B09, 0x20E3,
  0x4426, 0x55A6, 0x5567, 0x5587, 0x5586, 0x5587, 0x01E0, 0x01A0, 0x01C0, 0x01E0, 0x01C0, 0x5588, 0x5587,
  0x5567, 0x4D87, 0x5587, 0x20E3, 0x8B09, 0x20E3, 0x5587, 0x4D86, 0x5586, 0x5587, 0x4D87, 0x5587, 0x4D86,
  0x4D87, 0x5587, 0x4D87, 0x5587, 0x4D87, 0x5587, 0x4D87, 0x5587, 0x4D87, 0x5586, 0x5587, 0x0900, 0x2102,
  0xA2C3, 0x1922, 0x1941, 0x65E9, 0x55C6, 0x55A6, 0x55A7, 0x4D67, 0x0180, 0x01A0, 0x01E0, 0x0200, 0x01E0,
  0x01C0, 0x01E0, 0x55A7, 0x5587, 0x55A7, 0x5548, 0x20E3, 0x8B09, 0x20E3, 0x4426, 0x5586, 0x5587, 0x55A8,
  0x55A7, 0x5587, 0x4D87, 0x5587, 0x55A7, 0x20E3, 0x8B09, 0x20E3, 0x5567, 0x5586, 0x5587, 0x5586, 0x4D86,
  0x4D87, 0x4D86, 0x4D87, 0x5587, 0x4D87, 0x5587, 0x4D87, 0x5587, 0x4D87, 0x4D66, 0x4D87, 0x55A7, 0x5DA7,
  0x5369, 0x20E4, 0x28C5, 0x20A4, 0x28A4, 0x28C5, 0x28E5, 0x28C5, 0x28E5, 0x28C5, 0x28E5, 0x28C5, 0x28A5,
  0x28C4, 0x28C5, 0x28A4, 0x28C5, 0x20C5, 0x28C5, 0x28C4, 0x28A4, 0x28C5, 0x28C4, 0x28C5, 0x28A5, 0x28C5,
  0x28A4, 0x28C4, 0x28C5, 0x28A4, 0x28C5, 0x28C4, 0x28C5, 0x28C4, 0x28C5, 0x28C4, 0x28A4, 0x28C5, 0x28A4,
  0x28A5, 0x28A4, 0x28C5, 0x28E4, 0x30C5, 0x28C5, 0x28A4, 0x20A5, 0x20A4, 0x20C4, 0x2103, 0x65C8, 0x5DE7,
  0x55C7, 0x55A6, 0x5587, 0x4D87, 0x4D86, 0x4D67, 0x5567, 0x55A7, 0x4D86, 0x4D87, 0x5587, 0x4D87, 0x5587,
  0x5586, 0x55A6, 0x5587, 0x55A7, 0x5548, 0x20E3, 0x8B09, 0x20E3, 0x4426, 0x5587, 0x4D87, 0x5587, 0x5567,
  0x4D87, 0x5587, 0x55A7, 0x20E3, 0x8B09, 0x20E3, 0x5567, 0x5586, 0x4D86, 0x5586, 0x5587, 0x4D86, 0x4D87,
  0x5587, 0x4D87, 0x5587, 0x4D87, 0x5587, 0x4D87, 0x5587, 0x55A6, 0x55C7, 0x55A7, 0x5369, 0x20E4, 0x28C5,
  0x28C4, 0x20A4, 0x28A4, 0x20C4, 0x28C5, 0x28C4, 0x28A4, 0x28C5, 0x28C4, 0x28C5, 0x28C4, 0x20C5, 0x28C5,
  0x28C4, 0x28C5, 0x28C4, 0x28C5, 0x28A5, 0x28A4, 0x28C5, 0x28C4, 0x28C5, 0x28A4, 0x28C5, 0x20C5, 0x28C5,
  0x28A4, 0x28C5, 0x28A5, 0x28C5, 0x28C4, 0x28C5, 0x28C4, 0x28A4, 0x28C4, 0x28C5, 0x20C5, 0x28C5, 0x28A4,
  0x28C4, 0x28C5, 0x28A4, 0x28C5, 0x28A5, 0x20C4, 0x28C4, 0x20C5, 0x28C5, 0x28C4, 0x28C5, 0x28E5, 0x28C5,
  0x28A4, 0x20A4, 0x28A4, 0x28E5, 0x2103, 0x5DC8, 0x55C7, 0x55A6, 0x5586, 0x4D87, 0x4D86, 0x4D87, 0x55A7,
  0x4D87, 0x4D86, 0x4D87, 0x5587, 0x4D86, 0x4D87, 0x5587, 0x4D87, 0x5587, 0x5D48, 0x20E3, 0x8B09, 0x20E3,
  0x4426, 0x5587, 0x20E3, 0x8B09, 0x20E3, 0x5567, 0x5586, 0x4D86, 0x5586, 0x5587, 0x4D86, 0x5587, 0x4D87,
  0x5587, 0x4D87, 0x5587, 0x4D86, 0x5587, 0x6588, 0x6569, 0x5B49, 0x28C3, 0x28C4, 0x28A4, 0x28A3, 0x20A4,
  0x28A3, 0x28C4, 0x28A4, 0x28A3, 0x28A4, 0x28C4, 0x28A4, 0x28C4, 0x28A4, 0x28C4, 0x28A4, 0x28C4, 0x28A4,
  0x28C4, 0x28A4, 0x28C4, 0x28A4, 0x28C4, 0x28A4, 0x28C4, 0x28A4, 0x28C4, 0x30C4, 0x28C4, 0x28A3, 0x20A4,
  0x28C4, 0x2903, 0x658A, 0x65A9, 0x55A7, 0x55A6, 0x5586, 0x4D87, 0x55A7, 0x5587, 0x4D87, 0x5587, 0x4D87,
  0x5587, 0x4D87, 0x5587, 0x4D87, 0x5587, 0x5567, 0x5D48, 0x20E3, 0x8B09, 0x20E3, 0x4426, 0x5587, 0x5586,
  0x5587, 0x20E3, 0x8B09, 0x20E3, 0x5567, 0x4D86, 0x5587, 0x4D87, 0x5587, 0x4D87, 0x5587, 0x4D87, 0x4D86,
  0x4D66, 0x5587, 0x4D87, 0x5587, 0x1902, 0x28C4, 0xA2C3, 0x28E4, 0x20E3, 0x65C9, 0x55A6, 0x5587, 0x5586,
  0x4D87, 0x5587, 0x4D87, 0x5587, 0x4D87, 0x55A7, 0x4D87, 0x5587, 0x4D87, 0x5587, 0x5568, 0x20E3, 0x8B09,
  0x20E3, 0x4426, 0x5587, 0x20E3, 0x8B09, 0x20E3, 0x5567, 0x5586, 0x4D86, 0x55A7, 0x5587, 0x4D86, 0x5587,
  0x4D87, 0x5587, 0x18E2, 0x28C5, 0xA2C3, 0x5943, 0xA2C3, 0x28C4, 0x20E4, 0x65A9, 0x5586, 0x4D87, 0x5587,
  0x55A7, 0x5587, 0x4D87, 0x5587, 0x4D87, 0x4D86, 0x4D87, 0x5587, 0x4D67, 0x5587, 0x5568, 0x20E3, 0x8B09,
  0x20E3, 0x4426, 0x5587, 0x5586, 0x20E3, 0x8B09, 0x20E3, 0x5567, 0x5586, 0x4D86, 0x4D87, 0x5587, 0x4D87,
  0x5587, 0x4D87, 0x5587, 0x4D87, 0x5587, 0x4D86, 0x5587, 0x4D87, 0x5567, 0x18C2, 0x28A4, 0xA2C3, 0x5943,
  0xA2C3, 0x28A4, 0x20E3, 0x6588, 0x5586, 0x4D86, 0x5587, 0x55A7, 0x5587, 0x4D87, 0x5586, 0x5587, 0x4D87,
  0x5587, 0x4D87, 0x5587, 0x5586, 0x5587, 0x5568, 0x20E3, 0x8B09, 0x20E3, 0x4425, 0x5587, 0x5567, 0x5587,
  0x20E3, 0x8B09, 0x20E3, 0x5567, 0x5586, 0x5587, 0x55A7, 0x5587, 0x4D87, 0x5587, 0x4D87, 0x5586, 0x5587,
  0x4D87, 0x5567, 0x10C1, 0x2084, 0xA2C3, 0x5943, 0xA2C3, 0x5943, 0xA2C3, 0x20A4, 0x20E3, 0x5D69, 0x5567,
  0x5587, 0x55A7, 0x5587, 0x4D87, 0x5587, 0x4D87, 0x5587, 0x4D87, 0x5587, 0x5586, 0x4D87, 0x5587, 0x4D87,
  0x5566, 0x5587, 0x5568, 0x20E3, 0x8B09, 0x20E3, 0x4425, 0x5586, 0x5587, 0x5567, 0x5587, 0x20E3, 0x8B09,
  0x20E3, 0x5547, 0x5586, 0x4D87, 0x5587, 0x4D87, 0x5587, 0x4D87, 0x5587, 0x5567, 0x10A1, 0x2084, 0xA2C3,
  0x5943, 0xA2C3, 0x28A4, 0x20C4, 0x5D69, 0x4D87, 0x5587, 0x55A6, 0x55A7, 0x5587, 0x55A7, 0x5587, 0x4D87,
  0x5587, 0x4D86, 0x4D87, 0x5587, 0x4D87, 0x5D68, 0x20E3, 0x8B09, 0x20E3, 0x4426, 0x5587, 0x20E3, 0x8B09,
  0x20E3, 0x5567, 0x5587, 0x4D86, 0x5586, 0x5587, 0x4D86, 0x5587, 0x4D87, 0x5587, 0x55A7, 0x5587, 0x5567,
  0x10C1, 0x20A3, 0xA2C3, 0x28C4, 0x20E3, 0x5D89, 0x4D67, 0x4D87, 0x55A7, 0x5587, 0x4D87, 0x5587, 0x4D87,
  0x5587, 0x4D86, 0x4D87, 0x5587, 0x4D86, 0x4D87, 0x5D68, 0x20E3, 0x8B09, 0x20E3, 0x4426, 0x55A7, 0x5586,
  0x5587, 0x20E3, 0x8B09, 0x20E3, 0x5567, 0x5587, 0x5586, 0x5587, 0x4D87, 0x5586, 0x5587, 0x55A7, 0x5587,
  0x55A7, 0x5586, 0x5567, 0x10A1, 0x20A4, 0xA2C3, 0x20A4, 0x20C3, 0x5D89, 0x5566, 0x5587, 0x55A7, 0x55A6,
  0x55A7, 0x5587, 0x4D87, 0x5587, 0x4D87, 0x5587, 0x4D87, 0x5D48, 0x20E3, 0x8B09, 0x20E3, 0x4426, 0x55A7,
  0x5586, 0x5587, 0x5567, 0x20E3, 0x8B09, 0x20E3, 0x5567, 0x5586, 0x4D86, 0x5587, 0x4D87, 0x5587, 0x5586,
  0x5587, 0x55A7, 0x4D87, 0x5587, 0x4D87, 0x5587, 0x4D87, 0x5587, 0x4D87, 0x5587, 0x55A6, 0x5586, 0x5567,
  0x10A1, 0x20A4, 0x2083, 0x28A3, 0x28A4, 0x30A4, 0x30C4, 0x30A4, 0x28C4, 0x28A4, 0x28A3, 0x28A4, 0x28A3,
  0x28A4, 0x28C4, 0x28A3, 0x28A4, 0x30A4, 0x28A4, 0x28C4, 0x28A4, 0x30A4, 0x28A4, 0x28C4, 0x28A4, 0x30A4,
  0x28A4, 0x30A4, 0x28A4, 0x28A3, 0x28A4, 0x2884, 0x28A3, 0x28A4, 0x30A4, 0x28A4, 0x28C4, 0x30C4, 0x28C4,
  0x28A4, 0x20A4, 0x20E3, 0x5D89, 0x4D86, 0x55A6, 0x55A7, 0x55A6, 0x5587, 0x5586, 0x5587, 0x5586, 0x5587,
  0x55A7, 0x5587, 0x4D87, 0x5567, 0x4D87, 0x4D86, 0x5D48, 0x20E3, 0x8B09, 0x20E3, 0x4425, 0x5586, 0x4D86,
  0x5587, 0x55A7, 0x5587, 0x20E3, 0x8B09, 0x20E3, 0x5567, 0x5586, 0x5587, 0x4D87, 0x5587, 0x4D87, 0x5587,
  0x5586, 0x55A6, 0x55A7, 0x10C1, 0x20A4, 0x28A4, 0x28A5, 0x28C4, 0x28C5, 0x28A5, 0x28C5, 0x28A5, 0x28C5,
  0x28C4, 0x28A5, 0x28A4, 0x28A5, 0x28C5, 0x28A5, 0x28C5, 0x20A5, 0x28C5, 0x28C4, 0x28C5, 0x28C4, 0x28A4,
  0x28C5, 0x20C5, 0x28A4, 0x20C5, 0x28C5, 0x20C4, 0x65A9, 0x55A6, 0x55C7, 0x5586, 0x5587, 0x4D87, 0x5D48,
  0x20E3, 0x8B09, 0x20E3, 0x4425, 0x5586, 0x5587, 0x20E3, 0x8B09, 0x20E3, 0x5567, 0x5587, 0x5586, 0x5587,
  0x5586, 0x5587, 0x5586, 0x5567, 0x5D49, 0x74CC, 0x74EC, 0x18C3, 0x28A4, 0x28C5, 0x28A4, 0x28C5, 0x20C5,
  0x28C5, 0x28C4, 0x28C5, 0x28A4, 0x28C5, 0x28A4, 0x20A5, 0x28A5, 0x28A4, 0x28A5, 0x20C5, 0x28C5, 0x28C4,
  0x20C5, 0x28C5, 0x28A5, 0x28C5, 0x28A4, 0x28C5, 0x20C4, 0x854E, 0x750C, 0x74EC, 0x74CC, 0x5568, 0x4D87,
  0x5587, 0x4D87, 0x5587, 0x4D87, 0x5587, 0x5567, 0x5587, 0x4D87, 0x5587, 0x5D48, 0x20E3, 0x8B09, 0x20E3,
  0x4426, 0x5587, 0x5586, 0x4D87, 0x5587, 0x20E3, 0x8B09, 0x20E3, 0x5567, 0x5587, 0x5586, 0x4D86, 0x5587,
  0x5586, 0x5587, 0x55A7, 0x4D87, 0x5587, 0x4D86, 0x5567, 0x6D2B, 0x20A4, 0x28A4, 0x28A5, 0x28C5, 0x28C4,
  0x28C5, 0x20A5, 0x28A4, 0x20A4, 0x28C5, 0x28C4, 0x28C5, 0x28A4, 0x28C5, 0x28A4, 0x28C5, 0x28A5, 0x28A4,
  0x28A5, 0x28C5, 0x28A5, 0x28C5, 0x20C5, 0x28C5, 0x28A4, 0x28C5, 0x28A4, 0x28C5, 0x28C4, 0x28A4, 0x28A5,
  0x28A4, 0x28C5, 0x28A4, 0x28C5, 0x20C4, 0x28C4, 0x20C4, 0x28C5, 0x28E5, 0x28C5, 0x28C4, 0x20C4, 0x20C3,
  0x6569, 0x4D86, 0x5567, 0x5587, 0x4D86, 0x5587, 0x5568, 0x20E3, 0x8B09, 0x20E3, 0x4425, 0x5586, 0x5587,
  0x55A7, 0x5587, 0x20E3, 0x8B09, 0x20E3, 0x5567, 0x5586, 0x5587, 0x4D86, 0x5587, 0x55A7, 0x4D87, 0x55A7,
  0x4D87, 0x5587, 0x5567, 0x5528, 0x5D28, 0x750C, 0x20A3, 0x20A4, 0x28C4, 0x20A4, 0x28A4, 0x28C4, 0x28A4,
  0x28C4, 0x28A4, 0x28C4, 0x28A4, 0x28C4, 0x28A4, 0x28C4, 0x28A4, 0x28C4, 0x28A4, 0x28C4, 0x28A4, 0x28C4,
  0x28A4, 0x28C4, 0x28A4, 0x28C4, 0x28A4, 0x28C4, 0x28A4, 0x28C4, 0x28A4, 0x28C4, 0x28A4, 0x28C4, 0x28A4,
  0x28C4, 0x28A4, 0x28C4, 0x28A4, 0x28C4, 0x28A4, 0x28C4, 0x28A4, 0x28C4, 0x28A4, 0x28C4, 0x20A4, 0x20A3,
  0x6D4A, 0x5548, 0x5567, 0x5587, 0x55A7, 0x5587, 0x5586, 0x4D87, 0x5587, 0x5D68, 0x20E3, 0x8B09, 0x20E3,
  0x4426, 0x55A6, 0x5587, 0x5586, 0x5587, 0x20E3, 0x8B09, 0x20E3, 0x5567, 0x5586, 0x4D86, 0x5587, 0x4D87,
  0x5587, 0x4D87, 0x55A6, 0x5587, 0x5D48, 0x18E3, 0x18C3, 0x2082, 0xA2C3, 0x1882, 0x18C3, 0x1AA1, 0x55A7,
  0x5587, 0x5586, 0x5587, 0x4D87, 0x5567, 0x5587, 0x5568, 0x20E3, 0x8B09, 0x20E3, 0x4426, 0x5586, 0x5587,
  0x5586, 0x5587, 0x55A7, 0x5587, 0x55A7, 0x20E3, 0x8B09, 0x20E3, 0x5567, 0x5586, 0x5587, 0x4D87, 0x4D86,
  0x5586, 0x4D87, 0x5586, 0x55A6, 0x5D68, 0x20E4, 0x20A4, 0x2082, 0xA2C3, 0x2063, 0x20C4, 0x22C2, 0x55C7,
  0x55A7, 0x5587, 0x5567, 0x5587, 0x4D86, 0x5587, 0x5D68, 0x20E3, 0x8B09, 0x20E3, 0x4C46, 0x55A7, 0x5587,
  0x20E3, 0x8B09, 0x20E3, 0x5567, 0x4D86, 0x5587, 0x4D86, 0x4D87, 0x5587, 0x4D87, 0x4D86, 0x4D87, 0x4D86,
  0x5586, 0x55A7, 0x55A6, 0x5D68, 0x20E4, 0x28C4, 0x2882, 0xA2C3, 0x2063, 0x20C4, 0x22E2, 0x55A7, 0x55A6,
  0x55A7, 0x5587, 0x55A7, 0x5587, 0x55A7, 0x5587, 0x4D86, 0x5587, 0x5568, 0x20E3, 0x8B09, 0x20E3, 0x4426,
  0x5587, 0x5586, 0x5587, 0x20E3, 0x8B09, 0x20E3, 0x5567, 0x4D86, 0x5586, 0x5587, 0x4D87, 0x5587, 0x4D87,
  0x5587, 0x4D86, 0x4D87, 0x5587, 0x5586, 0x55A7, 0x55A6, 0x5D88, 0x20E4, 0x28C4, 0x2882, 0xA2C3, 0x2083,
  0x20C4, 0x2302, 0x55A7, 0x5587, 0x5567, 0x5587, 0x5D68, 0x20E3, 0x8B09, 0x20E3, 0x4426, 0x5587, 0x20E3,
  0x8B09, 0x20E3, 0x5567, 0x5586, 0x5587, 0x4D87, 0x5587, 0x4D87, 0x5587, 0x5586, 0x55A7, 0x5DA8, 0x6D8A,
  0x28E4, 0x28C4, 0x28A3, 0xA2C3, 0x28A3, 0x28C4, 0x2B03, 0x5D87, 0x5DA8, 0x5587, 0x5586, 0x5587, 0x4D87,
  0x5587, 0x5D88, 0x20E3, 0x8B09, 0x20E3, 0x4446, 0x5586, 0x5587, 0x4D86, 0x5587, 0x5586, 0x5587, 0x5566,
  0x5587, 0x4D87, 0x5587, 0x20E3, 0x8B09, 0x20E3, 0x5567, 0x4D86, 0x5586, 0x4D87, 0x5587, 0x4D87, 0x5587,
  0x4D87, 0x5587, 0x6D6A, 0x18E3, 0x18C3, 0x28C5, 0x2084, 0x2083, 0x2884, 0x2083, 0x2883, 0x2083, 0x2883,
  0x2083, 0x2883, 0x2083, 0x2063, 0x2084, 0x2083, 0x2883, 0x2083, 0x2883, 0x2084, 0x2083, 0x2883, 0x2083,
  0x2883, 0x2083, 0x28A4, 0x2083, 0x2883, 0x2083, 0x2883, 0x28A3, 0x2883, 0x2083, 0x2883, 0x2063, 0x2884,
  0x2083, 0x2884, 0x2063, 0x2883, 0x2083, 0x2883, 0x2083, 0x2884, 0x2883, 0x2083, 0x28A3, 0x2883, 0x2083,
  0x2883, 0x2084, 0x2083, 0x2063, 0x2083, 0x28A4, 0x28C5, 0x20E4, 0x18E3, 0x1902, 0x5587, 0x5586, 0x5587,
  0x4D87, 0x5587, 0x5D68, 0x20E3, 0x8B09, 0x20E3, 0x4426, 0x5586, 0x5587, 0x4D86, 0x4D87, 0x5587, 0x4D87,
  0x5587, 0x20E3, 0x8B09, 0x20E3, 0x5567, 0x4D86, 0x5586, 0x4D87, 0x5587, 0x4D87, 0x5587, 0x5586, 0x6D4B,
  0x28C4, 0x28A4, 0x28C5, 0x28A4, 0x20C4, 0x28A4, 0x28C5, 0x28A4, 0x28C5, 0x28A4, 0x28C5, 0x28A4, 0x28A5,
  0x28A4, 0x28A5, 0x28A4, 0x28C4, 0x28A4, 0x20A4, 0x28C4, 0x20A4, 0x28A4, 0x28C5, 0x28A5, 0x28A4, 0x20A4,
  0x28A4, 0x28A5, 0x28A4, 0x28A5, 0x28A4, 0x28C4, 0x28A4, 0x28C5, 0x28A4, 0x28C5, 0x28A4, 0x28C5, 0x28C4,
  0x28C5, 0x28A4, 0x28C5, 0x28A4, 0x28A5, 0x28A4, 0x28C5, 0x28A4, 0x28C5, 0x20A4, 0x28A4, 0x28C5, 0x28A5,
  0x28C5, 0x28C4, 0x28C5, 0x28A4, 0x28C5, 0x28A5, 0x28A4, 0x20A4, 0x28C5, 0x20C4, 0x5587, 0x4D87, 0x5587,
  0x5568, 0x20E3, 0x8B09, 0x20E3, 0x4426, 0x5587, 0x4D86, 0x4D87, 0x4D86, 0x4D87, 0x5587, 0x20E3, 0x8B09,
  0x20E3, 0x5567, 0x4D86, 0x5586, 0x5587, 0x4D87, 0x5587, 0x6D4B, 0x28C4, 0xA2C3, 0x28C5, 0x20C4, 0x5587,
  0x4D86, 0x4D87, 0x5587, 0x4D87, 0x4D86, 0x5587, 0x5D88, 0x20E3, 0x8B09, 0x20E3, 0x4425, 0x5587, 0x5567,
  0x5587, 0x4D86, 0x4D87, 0x4D86, 0x4D87, 0x5587, 0x20E3, 0x8B09, 0x20E3, 0x5567, 0x4D86, 0x5586, 0x4D86,
  0x5587, 0x4D86, 0x5587, 0x5586, 0x5587, 0x5586, 0x5587, 0x6D2A, 0x28C4, 0x28A4, 0xA2C3, 0x20A4, 0x20E4,
  0x5587, 0x4D87, 0x4D86, 0x4D87, 0x5587, 0x4D87, 0x5587, 0x5D88, 0x20E3, 0x8B09, 0x20E3, 0x4426, 0x5586,
  0x5587, 0x4D86, 0x4D87, 0x5587, 0x20E3, 0x8B09, 0x20E3, 0x5567, 0x4D86, 0x5587, 0x5586, 0x5587, 0x4D87,
  0x5587, 0x4D87, 0x55A7, 0x5587, 0x5586, 0x5587, 0x6D2B, 0x20A4, 0x28A4, 0xA2C3, 0x20A4, 0x20E4, 0x5587,
  0x4D87, 0x5587, 0x20E3, 0x8B09, 0x20E3, 0x4426, 0x5587, 0x4D86, 0x4D87, 0x4D86, 0x4D87, 0x5587, 0x20E3,
  0x8B09, 0x20E3, 0x5567, 0x55A7, 0x5587, 0x5586, 0x5587, 0x4D86, 0x5586, 0x4D86, 0x5567, 0x5587, 0x4D87,
  0x6D2B, 0x20A4, 0x28A3, 0xA2C3, 0x20A4, 0x20C4, 0x5587, 0x20E3, 0x8B09, 0x20E3, 0x4406, 0x5587, 0x5586,
  0x5587, 0x5586, 0x4D86, 0x4D87, 0x5587, 0x20E3, 0x8B09, 0x20E3, 0x5567, 0x55A6, 0x5586, 0x5587, 0x4D87,
  0x5587, 0x4D86, 0x5567, 0x5587, 0x6D2B, 0x20A4, 0x28A3, 0xA2C3, 0x20A4, 0x20E4, 0x5587, 0x20E3, 0x8B09,
  0x20E3, 0x4426, 0x5586, 0x5587, 0x5586, 0x4D86, 0x4D87, 0x4D86, 0x4D87, 0x4D86, 0x4D67, 0x5587, 0x20E3,
  0x8B09, 0x20E3, 0x5566, 0x5587, 0x55A6, 0x4D86, 0x4D87, 0x5587, 0x4D87, 0x5587, 0x55A7, 0x5587, 0x6D2A,
  0x20A4, 0x28A4, 0xA2C3, 0x20A4, 0x20E4, 0x5587, 0x20E3, 0x8B09, 0x20E3, 0x4406, 0x5587, 0x5586, 0x55A7,
  0x5587, 0x55A7, 0x5587, 0x5586, 0x4D86, 0x5587, 0x4D86, 0x4D87, 0x5567, 0x4D67, 0x5567, 0x4D67, 0x4D66,
  0x20E3, 0x8B09, 0x20E3, 0x5587, 0x5586, 0x4D86, 0x5566, 0x4D87, 0x4D66, 0x4D86, 0x4D87, 0x5587, 0x4D87,
  0x5586, 0x6D2A, 0x20A4, 0x28A5, 0x28C5, 0x28A4, 0x20A5, 0x20A4, 0x28A4, 0x28C5, 0x28A4, 0x28A5, 0x28A4,
  0x20A4, 0x28A5, 0x28A4, 0x28C5, 0x28C4, 0x28C5, 0x28C4, 0x28C5, 0x28C4, 0x28C5, 0x28A4, 0x28C5, 0x20C5,
  0x28C5, 0x28A4, 0x28C5, 0x28C4, 0x28A4, 0x28C4, 0x28C5, 0x28A4, 0x20C5, 0x28C5, 0x28C4, 0x28A4, 0x28C5,
  0x28C4, 0x28C5, 0x28A5, 0x28C5, 0x28A5, 0x28C5, 0x28A4, 0x20A4, 0x28C5, 0x28C4, 0x28C5, 0x28A4, 0x28C5,
  0x28A5, 0x28C5, 0x28A5, 0x20A4, 0x28A4, 0x20A4, 0x28C5, 0x20E4, 0x5587, 0x20E3, 0x8B09, 0x20E3, 0x43E5,
  0x5587, 0x55A6, 0x55A7, 0x5587, 0x4D87, 0x55A7, 0x4D87, 0x4D67, 0x5567, 0x4D67, 0x20E3, 0x8B09, 0x20E3,
  0x5587, 0x55A7, 0x5567, 0x4D67, 0x4D87, 0x5587, 0x55A7, 0x5587, 0x4D87, 0x4D86, 0x6D6A, 0x20E3, 0x20E4,
  0x20C3, 0x20A3, 0x20C4, 0x18C4, 0x20A4, 0x20C5, 0x28C4, 0x28A4, 0x20A4, 0x28A5, 0x20C4, 0x20C3, 0x18C3,
  0x20C5, 0x28C5, 0x30C4, 0x28C5, 0x28C4, 0x28C5, 0x20C4, 0x20E4, 0x20E3, 0x20C4, 0x20E4, 0x20C4, 0x20E4,
  0x20C4, 0x20E4, 0x20E3, 0x20E4, 0x20C4, 0x20E3, 0x20E4, 0x20C3, 0x20E4, 0x20C4, 0x20C3, 0x20A4, 0x28A4,
  0x28C4, 0x28C5, 0x28E5, 0x20E4, 0x20C4, 0x20A4, 0x28A4, 0x28A5, 0x28C4, 0x20E4, 0x20E3, 0x18C3, 0x20C3,
  0x2103, 0x5587, 0x4D87, 0x4D67, 0x4D87, 0x5587, 0x20E3, 0x8B09, 0x20E3, 0x3BC5, 0x5567, 0x4D87, 0x5587,
  0x55A7, 0x5587, 0x2C85, 0x2C86, 0x2CA6, 0x2C86, 0x2CA6, 0x2C86, 0x2C66, 0x2C46, 0x2C66, 0x20E3, 0x8B09,
  0x20E3, 0x3486, 0x2CA6, 0x2C86, 0x2C65, 0x2C66, 0x2C86, 0x2C44, 0x4D86, 0x4D66, 0x4D86, 0x5587, 0x5D88,
  0x5587, 0x5DA8, 0x5DC8, 0x5DA9, 0x3447, 0x3427, 0x3C47, 0x3C27, 0x18C2, 0x28C4, 0xA2C3, 0x28A4, 0x10E2,
  0x3447, 0x4B09, 0x28C5, 0x30A4, 0xA2C3, 0x28C4, 0x20A4, 0x18E3, 0x3C47, 0x3447, 0x3C67, 0x3447, 0x3C67,
  0x3C47, 0x3C67, 0x3C47, 0x3447, 0x3C47, 0x3C67, 0x3C47, 0x3467, 0x3C67, 0x3C47, 0x3C67, 0x3467, 0x3C67,
  0x3C47, 0x3C67, 0x3447, 0x3C67, 0x3C47, 0x3C67, 0x3C47, 0x3447, 0x3C47, 0x3447, 0x3C67, 0x3447, 0x3C47,
  0x3467, 0x3447, 0x3C67, 0x3467, 0x3C47, 0x3C48, 0x1883, 0x20A4, 0xA2C3, 0x28A4, 0x28C5, 0x1A43, 0x3CA8,
  0x5C4C, 0x20A4, 0x28A4, 0xA2C3, 0x28C4, 0x20E4, 0x4488, 0x3CA7, 0x3466, 0x5568, 0x5567, 0x5587, 0x5568,
  0x5D68, 0x5587, 0x55A7, 0x4D87, 0x5588, 0x2C66, 0x2C45, 0x2C66, 0x3486, 0x34A6, 0x2C86, 0x3426, 0x20E3,
  0x8B09, 0x20E3, 0x2305, 0x2C46, 0x2C85, 0x2C86, 0x2CA6, 0x5587, 0x4D86, 0x2C65, 0x2C86, 0x2C66, 0x2C46,
  0x3466, 0x20E3, 0x8B09, 0x20E3, 0x3486, 0x2CA6, 0x2C66, 0x2C86, 0x2C44, 0x5567, 0x4D86, 0x55A7, 0x55A6,
  0x4DA6, 0x4D88, 0x2C66, 0x3466, 0x18E3, 0x28C5, 0xA2C3, 0x28A4, 0x10E2, 0x2C66, 0x42E8, 0x28A5, 0x30C4,
  0xA2C3, 0x28A4, 0x20A4, 0x18E3, 0x3447, 0x3466, 0x2C66, 0x3466, 0x2C66, 0x3487, 0x2C66, 0x2C86, 0x2C66,
  0x3466, 0x2C66, 0x3466, 0x2C66, 0x3466, 0x2C86, 0x2C66, 0x2C86, 0x2C66, 0x3466, 0x2C66, 0x3466, 0x2C66,
  0x3466, 0x3486, 0x2C86, 0x3466, 0x3447, 0x18A2, 0x20A4, 0xA2C3, 0x28A4, 0x28A5, 0x1242, 0x34C7, 0x542A,
  0x20A4, 0x28A4, 0xA2C3, 0x28C4, 0x20E4, 0x3CA7, 0x2CA6, 0x2C85, 0x4D87, 0x4D86, 0x55A7, 0x4D87, 0x4D86,
  0x55A7, 0x55A6, 0x4DA7, 0x2C66, 0x3466, 0x3486, 0x2C86, 0x34A6, 0x3466, 0x20E3, 0x8B09, 0x20E3, 0x2305,
  0x2C66, 0x2C86, 0x3466, 0x5587, 0x3466, 0x3486, 0x2C66, 0x2C86, 0x3486, 0x3466, 0x20E3, 0x8B09, 0x20E3,
  0x3C68, 0x2C66, 0x3466, 0x2C86, 0x3486, 0x2C86, 0x3466, 0x2C66, 0x5567, 0x4DA6, 0x5567, 0x4D88, 0x2C66,
  0x3466, 0x18E3, 0x20C4, 0xA2C3, 0x28C5, 0x10E2, 0x2C66, 0x2C86, 0x4308, 0x28C5, 0x30C4, 0xA2C3, 0x28A4,
  0x20C4, 0x18E3, 0x3447, 0x3466, 0x2C66, 0x3466, 0x3486, 0x2C66, 0x2C86, 0x2C66, 0x3466, 0x2C66, 0x3486,
  0x2C66, 0x3466, 0x3486, 0x3466, 0x2C66, 0x3486, 0x2C66, 0x2C86, 0x2C66, 0x3466, 0x3486, 0x2C66, 0x3466,
  0x2C66, 0x3466, 0x2C66, 0x3466, 0x3486, 0x2C66, 0x3486, 0x3447, 0x18A3, 0x28C4, 0xA2C3, 0x28A4, 0x28C5,
  0x1263, 0x34C7, 0x544B, 0x20A4, 0x28A4, 0xA2C3, 0x28C4, 0x20E4, 0x3CA8, 0x2C86, 0x2C85, 0x4D86, 0x4D87,
  0x4D86, 0x2C65, 0x3486, 0x34A6, 0x3486, 0x34A6, 0x2C86, 0x2C66, 0x2C86, 0x2C66, 0x3466, 0x3486, 0x20E3,
  0x8B09, 0x20E3, 0x3486, 0x2C86, 0x3466, 0x5587, 0x3466, 0x2C66, 0x2C86, 0x3486, 0x3466, 0x20E3, 0x9309,
  0x8B2A, 0x8B09, 0x20E3, 0x3C47, 0x2C66, 0x3466, 0x2C86, 0x3486, 0x34A6, 0x2C86, 0x3486, 0x2C66, 0x2C46,
  0x3466, 0x5567, 0x4D88, 0x2C66, 0x3486, 0x1903, 0x28C5, 0xA2C3, 0x28C5, 0x1102, 0x2C66, 0x3486, 0x42E8,
  0x28C5, 0x28C4, 0xA2C3, 0x28C4, 0x20C4, 0x18E3, 0x3446, 0x2C66, 0x3466, 0x2C66, 0x3466, 0x2C66, 0x3486,
  0x2C66, 0x3466, 0x2C66, 0x3466, 0x2C66, 0x3486, 0x2C66, 0x3486, 0x2C66, 0x3466, 0x2C66, 0x3466, 0x2C66,
  0x2C86, 0x3447, 0x18C3, 0x28C4, 0xA2C3, 0x2884, 0x28A5, 0x1242, 0x34C7, 0x544B, 0x28C5, 0x28C4, 0xA2C3,
  0x28C5, 0x20E4, 0x3C67, 0x2C66, 0x2C85, 0x3466, 0x2C86, 0x2C66, 0x2C46, 0x3466, 0x3446, 0x20E3, 0x8B09,
  0x20E3, 0x3486, 0x2C86, 0x3466, 0x2C46, 0x2C66, 0x2C86, 0x3486, 0x3C67, 0x20E3, 0x8B09, 0x9309, 0x8B2A,
  0x8B09, 0x20E3, 0x3486, 0x2C86, 0x2C66, 0x3466, 0x2C66, 0x3466, 0x5567, 0x3466, 0x2C66, 0x3486, 0x1903,
  0x28C4, 0xA2C3, 0x28C5, 0x1102, 0x2C86, 0x3486, 0x42C8, 0x28C5, 0x28A3, 0xA2C3, 0x28A4, 0x28C4, 0x1903,
  0x3467, 0x2C66, 0x3466, 0x2C66, 0x3466, 0x2C66, 0x3466, 0x2C66, 0x3486, 0x2C66, 0x3466, 0x2C66, 0x3466,
  0x2C66, 0x2C86, 0x3466, 0x2C66, 0x3466, 0x3467, 0x18C3, 0x28C4, 0xA2C3, 0x2083, 0x28A5, 0x1243, 0x34C7,
  0x546B, 0x28C5, 0x28C4, 0xA2C3, 0x28A4, 0x20C4, 0x3C68, 0x2C66, 0x2C86, 0x3466, 0x2C86, 0x2C66, 0x3486,
  0x2C86, 0x2C66, 0x3446, 0x3447, 0x3C26, 0x20E3, 0x8B09, 0x20E3, 0x3486, 0x3466, 0x2C86, 0x3466, 0x2C66,
  0x3466, 0x20E3, 0x8B09, 0x20E3, 0x8B09, 0x20E3, 0x8B09, 0x20E3, 0x3486, 0x2C86, 0x3466, 0x2C66, 0x3466,
  0x2C66, 0x2C86, 0x3486, 0x18E3, 0x20C4, 0xA2C3, 0x28C5, 0x1923, 0x2C86, 0x3486, 0x42E8, 0x28C5, 0x28A3,
  0xA2C3, 0x28C4, 0x28E4, 0x2103, 0x3466, 0x2C66, 0x3466, 0x2C66, 0x3466, 0x2C66, 0x2C86, 0x2C66, 0x2C86,
  0x3466, 0x2C66, 0x3466, 0x2C86, 0x3466, 0x2C66, 0x3466, 0x2C66, 0x3466, 0x2C66, 0x3466, 0x2C66, 0x3466,
  0x2C66, 0x3486, 0x2C86, 0x3466, 0x2C66, 0x3486, 0x18E3, 0x28C4, 0xA2C3, 0x2084, 0x28A5, 0x1243, 0x34C7,
  0x546B, 0x28A5, 0x28C4, 0xA2C3, 0x28A4, 0x20C4, 0x3C47, 0x2C46, 0x2C66, 0x3466, 0x2C66, 0x2C86, 0x3486,
  0x2C86, 0x2C66, 0x3466, 0x20E3, 0x8B09, 0x20E3, 0x8B09, 0x20E3, 0x8B09, 0x20E3, 0x3466, 0x2C86, 0x2C66,
  0x3466, 0x2C66, 0x2C46, 0x3466, 0x20E3, 0x8B09, 0x20E3, 0x8B09, 0x20E3, 0x8B09, 0x20E3, 0x3486, 0x2CA6,
  0x34A6, 0x3486, 0x2C66, 0x3466, 0x2C86, 0x3466, 0x18C3, 0x28C4, 0xA2C3, 0x28C4, 0x1923, 0x3486, 0x42E8,
  0x28C5, 0x28C4, 0xA2C3, 0x28C4, 0x28E5, 0x2103, 0x3466, 0x2C66, 0x3486, 0x2C66, 0x3486, 0x2C66, 0x3486,
  0x2C66, 0x3486, 0x2C66, 0x3486, 0x3466, 0x2C66, 0x3466, 0x2C66, 0x3486, 0x3466, 0x18C3, 0x28C5, 0xA2C3,
  0x2884, 0x28C5, 0x1243, 0x34A7, 0x544B, 0x28C5, 0x28C4, 0xA2C3, 0x28A4, 0x20C4, 0x3447, 0x2C66, 0x3466,
  0x2C66, 0x3486, 0x3466, 0x20E3, 0x8B09, 0x20E3, 0x8B09, 0x20E3, 0x8B09, 0x20E3, 0x3446, 0x2C66, 0x2C46,
  0x2C66, 0x3466, 0x3486, 0x3466, 0x2C46, 0x3426, 0x20E3, 0x8B09, 0x20E3, 0x8B09, 0x20E3, 0x8B09, 0x20E3,
  0x3467, 0x3466, 0x2C66, 0x3466, 0x3486, 0x3466, 0x2C66, 0x2C86, 0x3466, 0x18E3, 0x20A4, 0xA2C3, 0x28C4,
  0x1922, 0x2C86, 0x42E8, 0x28C5, 0x28C4, 0xA2C3, 0x28C4, 0x28C5, 0x2103, 0x3466, 0x2C66, 0x3486, 0x2C66,
  0x3486, 0x2C66, 0x3486, 0x2C66, 0x3466, 0x2C66, 0x3486, 0x2C66, 0x3466, 0x2C66, 0x3486, 0x2C66, 0x3486,
  0x2C66, 0x3486, 0x3467, 0x18C3, 0x28C4, 0xA2C3, 0x20A4, 0x28C5, 0x1243, 0x34A7, 0x544A, 0x28C5, 0x28C4,
  0xA2C3, 0x28C4, 0x20C4, 0x3C48, 0x2C46, 0x3466, 0x3486, 0x3466, 0x2C66, 0x3486, 0x2C66, 0x3466, 0x20E3,
  0x8B09, 0x20E3, 0x8B09, 0x20E3, 0x8B09, 0x20E3, 0x2C66, 0x2C86, 0x3486, 0x3466, 0x2C46, 0x3427, 0x20E3,
  0x8B09, 0x20E3, 0x8B09, 0x20E3, 0x8B09, 0x20E3, 0x4448, 0x2C46, 0x2C66, 0x3466, 0x3486, 0x3466, 0x2C66,
  0x3466, 0x3486, 0x3466, 0x18E3, 0x20A4, 0xA2C3, 0x28C5, 0x1122, 0x2CA6, 0x2C86, 0x42E8, 0x28C4, 0x20C4,
  0x28C4, 0x28C5, 0x28E4, 0x2124, 0x3466, 0x2C66, 0x3466, 0x2C66, 0x3486, 0x2C66, 0x3486, 0x2C66, 0x3486,
  0x2C66, 0x2C86, 0x2C66, 0x3466, 0x2C66, 0x3486, 0x2C66, 0x3486, 0x3467, 0x18E3, 0x28C4, 0x28A4, 0x20A4,
  0x28C4, 0x1243, 0x34A7, 0x546A, 0x28C4, 0x30C4, 0xA2C3, 0x20A4, 0x20E4, 0x3C47, 0x2C46, 0x3466, 0x3487,
  0x3486, 0x3466, 0x3486, 0x2C66, 0x2C86, 0x3C67, 0x20E3, 0x8B09, 0x20E3, 0x8B09, 0x20E3, 0x8B09, 0x20E3,
  0x2C66, 0x2CA6, 0x2C86, 0x3486, 0x3466, 0x2C65, 0x3426, 0x3C06, 0x3BE7, 0x20E3, 0x8B09, 0x20E3, 0x8B09,
  0x20E3, 0x8B09, 0x20E3, 0x4C09, 0x3C07, 0x3446, 0x2C66, 0x3486, 0x3466, 0x3486, 0x2C66, 0x2C86, 0x3467,
  0x18C2, 0x20A4, 0xA2C3, 0x28C5, 0x1922, 0x2CA6, 0x3AE7, 0x2103, 0x18E3, 0x2103, 0x1903, 0x2124, 0x2103,
  0x1122, 0x3466, 0x2C66, 0x3486, 0x2C66, 0x3486, 0x2C66, 0x3486, 0x2C66, 0x3486, 0x2C66, 0x3486, 0x2C66,
  0x3466, 0x2C66, 0x3486, 0x2C66, 0x3486, 0x2C66, 0x3486, 0x2C66, 0x3466, 0x1102, 0x2103, 0x2104, 0x1903,
  0x18E3, 0x1263, 0x34A7, 0x546A, 0x28C5, 0x30C4, 0xA2C3, 0x28A4, 0x20E3, 0x3C67, 0x2C66, 0x3466, 0x3486,
  0x2C66, 0x3486, 0x2C66, 0x2C86, 0x2C66, 0x3466, 0x3446, 0x3C27, 0x4428, 0x20E3, 0x8B09, 0x20E3, 0x8B09,
  0x20E3, 0x8B09, 0x20E3, 0x34A6, 0x3486, 0x3466, 0x20E3, 0x8B09, 0x830A, 0x8AE9, 0x8B09, 0x9309, 0x8B09,
  0x20E3, 0x8B09, 0x20E3, 0x8B09, 0x20E3, 0x3486, 0x34A6, 0x3486, 0x3466, 0x3486, 0x2C86, 0x3467, 0x18C2,
  0x20A4, 0xA2C3, 0x28C5, 0x1922, 0x2C86, 0x3467, 0x3446, 0x2C46, 0x3466, 0x3486, 0x2C46, 0x2C66, 0x3486,
  0x2C66, 0x3466, 0x2C66, 0x3486, 0x2C66, 0x3486, 0x2C66, 0x3486, 0x2C66, 0x3466, 0x2C66, 0x3486, 0x3466,
  0x2C66, 0x3486, 0x2C66, 0x3486, 0x2C66, 0x3486, 0x2C66, 0x3466, 0x2C66, 0x3466, 0x3486, 0x2CA7, 0x3486,
  0x2C46, 0x3447, 0x2C46, 0x2C86, 0x542A, 0x28C4, 0x30C4, 0xA2C3, 0x28C4, 0x20C4, 0x3C67, 0x2C66, 0x3466,
  0x3486, 0x2C66, 0x3486, 0x2C66, 0x3486, 0x3466, 0x2C66, 0x3466, 0x20E3, 0x8B09, 0x20E3, 0x8B09, 0x20E3,
  0x8B09, 0x20E3, 0x3CA6, 0x3486, 0x3466, 0x20E3, 0x8B09, 0x20E3, 0x8B09, 0x20E3, 0x8B09, 0x20E3, 0x3486,
  0x3466, 0x2C66, 0x3486, 0x2C66, 0x3486, 0x3466, 0x2C86, 0x3467, 0x10C2, 0x20A3, 0xA2C3, 0x28C5, 0x1102,
  0x2C66, 0x2C86, 0x3466, 0x2C86, 0x3487, 0x3486, 0x3487, 0x3486, 0x2C66, 0x3486, 0x2C66, 0x3486, 0x2C66,
  0x3486, 0x2C66, 0x3466, 0x3486, 0x3466, 0x3486, 0x3466, 0x3486, 0x2C66, 0x3466, 0x2C66, 0x2C86, 0x3466,
  0x2C66, 0x3486, 0x2C86, 0x3466, 0x2C66, 0x2C86, 0x2C66, 0x4C0A, 0x28A4, 0xA2C3, 0x28C4, 0x28E4, 0x3C67,
  0x2C66, 0x3466, 0x2C66, 0x3466, 0x2C66, 0x3466, 0x20E3, 0x8B09, 0x20E3, 0x8B09, 0x20E3, 0x8B09, 0x20E3,
  0x3CA7, 0x3486, 0x3466, 0x20E3, 0x8B09, 0x20E3, 0x8B09, 0x20E3, 0x8B09, 0x20E3, 0x2C86, 0x3486, 0x3466,
  0x2C86, 0x2C66, 0x3466, 0x3486, 0x3466, 0x2C66, 0x3467, 0x10C2, 0x20A4, 0xA2C3, 0x28C5, 0x1102, 0x3466,
  0x3486, 0x3466, 0x3486, 0x2C66, 0x3486, 0x2C66, 0x3486, 0x2C66, 0x3486, 0x3466, 0x2C66, 0x3466, 0x3486,
  0x3466, 0x2C66, 0x3486, 0x3466, 0x2C66, 0x3486, 0x3466, 0x2C66, 0x2C86, 0x2C66, 0x2C86, 0x2C66, 0x4C0A,
  0x28A4, 0xA2C3, 0x28C4, 0x28E4, 0x3C67, 0x2C86, 0x3466, 0x2C66, 0x3466, 0x2C66, 0x2C46, 0x20E3, 0x8B09,
  0x20E3, 0x8B09, 0x20E3, 0x8B09, 0x20E3, 0x3CA7, 0x34A6, 0x3466, 0x20E3, 0x8B09, 0x8AE9, 0x8B09, 0x20E3,
  0x8B09, 0x20E3, 0x2C86, 0x3486, 0x3466, 0x2C86, 0x2C66, 0x2C86, 0x2C66, 0x3467, 0x10C2, 0x20A4, 0xA2C3,
  0x20C4, 0x1102, 0x2C66, 0x2C46, 0x2C66, 0x3466, 0x2C66, 0x3466, 0x3486, 0x3466, 0x2C66, 0x3486, 0x2C66,
  0x3486, 0x2C66, 0x3486, 0x2C66, 0x3486, 0x2C66, 0x3466, 0x3486, 0x2C86, 0x3486, 0x3466, 0x2C66, 0x3466,
  0x2C86, 0x2C66, 0x3486, 0x2C66, 0x3486, 0x2C66, 0x3486, 0x2C66, 0x2C86, 0x2C66, 0x3466, 0x2C66, 0x3486,
  0x2C86, 0x3467, 0x4BEA, 0x28A4, 0x28A3, 0xA2C3, 0x28C4, 0x20E4, 0x3C67, 0x2C66, 0x3466, 0x3486, 0x3466,
  0x20E3, 0x8B09, 0x20E3, 0x8B09, 0x20E3, 0x3C87, 0x3C86, 0x3466, 0x20E3, 0x8B09, 0x8AE9, 0x8B09, 0x20E3,
  0x8B09, 0x8AE9, 0x8B09, 0x20E3, 0x3486, 0x2C86, 0x3466, 0x2C66, 0x3466, 0x2C86, 0x2C66, 0x3466, 0x3447,
  0x18C2, 0x20A4, 0xA2C3, 0x28C4, 0x1102, 0x2C46, 0x2C66, 0x3466, 0x2C66, 0x3466, 0x2C66, 0x3466, 0x2C86,
  0x2C66, 0x3486, 0x2C66, 0x3486, 0x2C66, 0x3486, 0x2C66, 0x3486, 0x2C66, 0x3466, 0x2C66, 0x3486, 0x3466,
  0x2C66, 0x3486, 0x2C66, 0x3466, 0x3486, 0x2C66, 0x3466, 0x2C66, 0x3466, 0x2C66, 0x3486, 0x2C66, 0x3486,
  0x3467, 0x4BE9, 0x28A4, 0xA2C3, 0x28C4, 0x20E4, 0x3C88, 0x2C66, 0x3466, 0x2C66, 0x3466, 0x20E3, 0x8B09,
  0x8B29, 0x8B0A, 0x8B09, 0x20E3, 0x8B09, 0x8B0A, 0x8B09, 0x20E3, 0x3C86, 0x3466, 0x3C67, 0x3C87, 0x3C67,
  0x3C47, 0x3C27, 0x3427, 0x3C27, 0x3C47, 0x3427, 0x3C47, 0x20E3, 0x8B09, 0x20E3, 0x4C89, 0x3C87, 0x644B,
  0x20E3, 0x8B09, 0x20E3, 0x4467, 0x3C67, 0x3C48, 0x3C27, 0x3C47, 0x3C67, 0x3487, 0x2C66, 0x3486, 0x2C66,
  0x3466, 0x2C66, 0x3486, 0x2C66, 0x3466, 0x18C2, 0x28A4, 0xA2C3, 0x28C4, 0x1102, 0x3466, 0x2C66, 0x3466,
  0x2C66, 0x3466, 0x2C66, 0x2C86, 0x2C66, 0x3486, 0x3466, 0x2C66, 0x3466, 0x2C66, 0x3466, 0x3486, 0x3466,
  0x2C86, 0x2C66, 0x3486, 0x3466, 0x2C66, 0x2C86, 0x2C66, 0x3486, 0x3466, 0x2C66, 0x3466, 0x2C66, 0x3486,
  0x2C66, 0x3486, 0x2C66, 0x3466, 0x2C66, 0x3466, 0x3486, 0x2C66, 0x4C09, 0x28A4, 0xA2C3, 0x28E5, 0x2104,
  0x3C88, 0x2C86, 0x2C66, 0x3466, 0x2C66, 0x2C86, 0x3486, 0x3446, 0x3C27, 0x3C47, 0x3C67, 0x3C88, 0x3C67,
  0x3C47, 0x4408, 0x20E3, 0x8B09, 0x20E3, 0x3C87, 0x4448, 0x20E3, 0x8B09, 0x20E3, 0x3367, 0x3C27, 0x3427,
  0x3C47, 0x3C67, 0x3C87, 0x3C67, 0x3C87, 0x3466, 0x2C86, 0x2C46, 0x2C66, 0x3446, 0x20E3, 0x8B09, 0x20E3,
  0x3C87, 0x2CA6, 0x2C86, 0x3486, 0x542A, 0x20E3, 0x8B09, 0x20E3, 0x3446, 0x2C66, 0x3466, 0x2C66, 0x3466,
  0x2C66, 0x3466, 0x2C66, 0x3466, 0x3467, 0x18E3, 0x28C4, 0xA2C3, 0x28E5, 0x1102, 0x3446, 0x2C66, 0x3466,
  0x2C66, 0x3466, 0x2C66, 0x2C86, 0x2C66, 0x3466, 0x3486, 0x2C66, 0x3466, 0x2C66, 0x3466, 0x3486, 0x2C66,
  0x3466, 0x3486, 0x3466, 0x2C66, 0x3466, 0x2C66, 0x3466, 0x2C66, 0x3486, 0x2C66, 0x3486, 0x2C86, 0x3466,
  0x2C66, 0x3466, 0x4C0A, 0x28C5, 0x30C4, 0xA2C3, 0x28E4, 0x2104, 0x3C88, 0x2C86, 0x3486, 0x3466, 0x2C86,
  0x2C66, 0x2C46, 0x2C66, 0x2C86, 0x2C66, 0x3486, 0x3466, 0x3427, 0x20E3, 0x8B09, 0x20E3, 0x34A6, 0x3486,
  0x3447, 0x20E3, 0x8B09, 0x20E3, 0x2B46, 0x2C66, 0x2C46, 0x2C66, 0x2C86, 0x3466, 0x2C66, 0x2C86, 0x2C66,
  0x2C46, 0x20E3, 0x8B09, 0x20E3, 0x22C4, 0x1AA3, 0x1AA4, 0x1AC3, 0x34A6, 0x3486, 0x2C65, 0x2C66, 0x3C47,
  0x22C4, 0x22A4, 0x3246, 0x8B09, 0x20E3, 0x3446, 0x2C46, 0x2C66, 0x2C86, 0x2C66, 0x2C86, 0x2C66, 0x2C46,
  0x2C66, 0x3466, 0x2C66, 0x3466, 0x2C66, 0x3486, 0x18E3, 0x28C4, 0xA2C3, 0x28C4, 0x1102, 0x2C46, 0x2C66,
  0x3486, 0x2C66, 0x3467, 0x2C66, 0x3466, 0x2C66, 0x3486, 0x2C66, 0x3466, 0x2C66, 0x3466, 0x3486, 0x2C86,
  0x3486, 0x2C66, 0x3486, 0x3466, 0x3486, 0x2C66, 0x3466, 0x2C66, 0x3466, 0x2C66, 0x3466, 0x2C66, 0x3466,
  0x2C66, 0x3466, 0x2C66, 0x3486, 0x2C66, 0x3486, 0x3466, 0x3486, 0x3466, 0x2C66, 0x4C0A, 0x28C5, 0x30C5,
  0xA2C3, 0x28C4, 0x2104, 0x3CA8, 0x2CA6, 0x2C86, 0x3486, 0x3466, 0x2C66, 0x2C46, 0x2C66, 0x2C46, 0x3447,
  0x20E3, 0x8B09, 0x20E3, 0x22C4, 0x1AA3, 0x1AC4, 0x1AE3, 0x2C66, 0x3466, 0x2C86, 0x3446, 0x1263, 0x1A83,
  0x1AC3, 0x22E4, 0x8B09, 0x20E3, 0x2B66, 0x2C66, 0x2C46, 0x3466, 0x2C46, 0x2C66, 0x2C46, 0x20E3, 0x3C67,
  0x2C66, 0x2C86, 0x3486, 0x2C66, 0x2C46, 0x2C66, 0x3466, 0x53CA, 0x20E3, 0x2C26, 0x2C66, 0x3466, 0x2C66,
  0x2C46, 0x2C66, 0x2C46, 0x2C66, 0x2C46, 0x3466, 0x2C66, 0x3486, 0x18E3, 0x28C4, 0x28C5, 0x28C4, 0x28E5,
  0x28C5, 0x10E2, 0x2C46, 0x2C66, 0x3466, 0x2C66, 0x3466, 0x2C66, 0x3466, 0x2C66, 0x2C86, 0x3466, 0x3486,
  0x2C86, 0x3486, 0x2C66, 0x3466, 0x2C66, 0x3486, 0x2C66, 0x3466, 0x2C66, 0x3466, 0x2C66, 0x3486, 0x3466,
  0x2C66, 0x3466, 0x4C2A, 0x28C5, 0x30C5, 0x28C5, 0x28C4, 0x2104, 0x3C88, 0x2CA6, 0x2C86, 0x3466, 0x2C66,
  0x3446, 0x2C46, 0x3426, 0x20E3, 0x2CA6, 0x3466, 0x3446, 0x2C46, 0x2C66, 0x3466, 0x2C66, 0x3466, 0x3486,
  0x34A6, 0x3487, 0x20E3, 0x2B65, 0x2C65, 0x3466, 0x5587, 0x3466, 0x2C66, 0x2C46, 0x20E3, 0x3C87, 0x3466,
  0x2C66, 0x2C86, 0x3486, 0x2C86, 0x2C66, 0x3466, 0x2C66, 0x3466, 0x4C09, 0x20E3, 0x3426, 0x2C66, 0x3466,
  0x2C66, 0x2C86, 0x2C66, 0x2C46, 0x2C66, 0x2C46, 0x2C45, 0x4506, 0x4D86, 0x3466, 0x2C66, 0x0120, 0x1102,
  0x1103, 0x1102, 0x10E2, 0x1102, 0x10E2, 0x1102, 0x0100, 0x2C66, 0x3466, 0x2C66, 0x3466, 0x2C66, 0x3466,
  0x2C66, 0x2C86, 0x2C66, 0x3486, 0x2C66, 0x3466, 0x2C66, 0x3466, 0x2C66, 0x3466, 0x3486, 0x2C86, 0x3466,
  0x3486, 0x3466, 0x2C66, 0x3486, 0x3466, 0x2C66, 0x3486, 0x2C66, 0x3466, 0x2C66, 0x3466, 0x2C66, 0x3466,
  0x2C66, 0x3466, 0x2C66, 0x3486, 0x2C66, 0x3466, 0x2C66, 0x4469, 0x1122, 0x1102, 0x1122, 0x1922, 0x1102,
  0x10E2, 0x10E1, 0x1102, 0x1122, 0x3CA8, 0x2C86, 0x2CA6, 0x2C85, 0x55A7, 0x3466, 0x2C86, 0x2C66, 0x2C46,
  0x2C66, 0x3466, 0x20E3, 0x3486, 0x2C66, 0x2C46, 0x2C66, 0x3466, 0x2C66, 0x3466, 0x3486, 0x2C86, 0x3486,
  0x20E3, 0x3466, 0x5587, 0x3466, 0x2C66, 0x2C46, 0x3426, 0x3C27, 0x3C07, 0x3C27, 0x3C48, 0x4468, 0x3C68,
  0x3C88, 0x3486, 0x2C66, 0x3466, 0x2C66, 0x2C46, 0x3466, 0x2C66, 0x2C46, 0x2C66, 0x3467, 0x4468, 0x3C67,
  0x4468, 0x3C68, 0x3C48, 0x2C46, 0x2C66, 0x2C46, 0x2C45, 0x4D67, 0x4D68, 0x4D67, 0x5587, 0x55A7, 0x5587,
  0x4D87, 0x4D88, 0x2C46, 0x2C66, 0x2C86, 0x3C88, 0x4468, 0x3C28, 0x3C27, 0x3C28, 0x3C47, 0x2C66, 0x3467,
  0x2C66, 0x3466, 0x3486, 0x2C66, 0x3487, 0x2C86, 0x3466, 0x2C66, 0x3466, 0x2C66, 0x3466, 0x2C66, 0x3466,
  0x3486, 0x2C66, 0x3486, 0x2C66, 0x3486, 0x2C66, 0x3466, 0x2C66, 0x3466, 0x2C66, 0x3466, 0x2C66, 0x3466,
  0x2C66, 0x3466, 0x2C86, 0x2C66, 0x3466, 0x2C66, 0x3486, 0x3466, 0x2C66, 0x3466, 0x3467, 0x4468, 0x4428,
  0x3C28, 0x3C27, 0x3C47, 0x34A6, 0x2C86, 0x2CA6, 0x4D87, 0x5587, 0x5586, 0x3466, 0x2C66, 0x2C86, 0x3466,
  0x2C66, 0x2C46, 0x2C66, 0x3446, 0x2C46, 0x2C66, 0x2C46, 0x3486, 0x3C88, 0x3C68, 0x3C47, 0x3C27, 0x3C28,
  0x3C48, 0x3C68, 0x3C87, 0x2C86, 0x2C66, 0x3466, 0x2C86, 0x3486, 0x4468, 0x3C48, 0x3466, 0x5587, 0x5567,
  0x3466, 0x2C46, 0x2C66, 0x2C46, 0x2C66, 0x2C46, 0x2C66, 0x2C46, 0x2C66, 0x3486, 0x2C86, 0x2C66, 0x2C46,
  0x3466, 0x2C46, 0x3466, 0x2C66, 0x3466, 0x3486, 0x2C66, 0x3486, 0x2C86, 0x2C66, 0x3466, 0x2C66, 0x2C46,
  0x2C44, 0x4D87, 0x4D67, 0x4D87, 0x5587, 0x55A7, 0x5587, 0x4D88, 0x2C46, 0x2C66, 0x2C86, 0x3486, 0x3466,
  0x2C66, 0x2C46, 0x2C66, 0x2C46, 0x2C66, 0x2C46, 0x2C66, 0x3466, 0x2C66, 0x3466, 0x2C66, 0x3466, 0x2C66,
  0x3466, 0x2C66, 0x2C86, 0x2C66, 0x2C86, 0x3486, 0x3466, 0x2C66, 0x3466, 0x2C66, 0x3466, 0x2C66, 0x3466,
  0x2C66, 0x3466, 0x2C66, 0x3466, 0x2C66, 0x3466, 0x2C66, 0x3466, 0x3486, 0x34A6, 0x2C86, 0x3486, 0x2C66,
  0x2C46, 0x2C66, 0x2C85, 0x2C86, 0x55A7, 0x55A6, 0x5586, 0x5587, 0x5586, 0x5587, 0x4D86, 0x4528, 0x2C46,
  0x2C66, 0x2C86, 0x2C66, 0x2C46, 0x2C66, 0x3466, 0x2C66, 0x3486, 0x2C86, 0x3486, 0x2C66, 0x3466, 0x2C46,
  0x2C66, 0x3486, 0x2C86, 0x2C66, 0x3466, 0x2C66, 0x3466, 0x3486, 0x2C86, 0x3466, 0x5587, 0x5567, 0x5587,
  0x5586, 0x5587, 0x5586, 0x5587, 0x4D87, 0x4D67, 0x2C65, 0x2C44, 0x2C64, 0x2C85, 0x2C66, 0x2C46, 0x2C66,
  0x2C46, 0x3466, 0x2C66, 0x3486, 0x3466, 0x2C66, 0x3466, 0x2C66, 0x3466, 0x3486, 0x3466, 0x2C66, 0x2C65,
  0x2C84, 0x2C64, 0x2C65, 0x2C64, 0x2443, 0x4D87, 0x5587, 0x4D87, 0x55A7, 0x5587, 0x55A7, 0x5587, 0x2C64,
  0x2C85, 0x2C86, 0x2C66, 0x3466, 0x2C66, 0x3466, 0x2C66, 0x3446, 0x2C46, 0x3466, 0x2C66, 0x3486, 0x2C66,
  0x3466, 0x2C66, 0x3486, 0x2C86, 0x2C66, 0x3466, 0x3486, 0x2C66, 0x3486, 0x2C66, 0x3467, 0x3466, 0x3486,
  0x2C66, 0x3466, 0x2C86, 0x3466, 0x2C66, 0x3486, 0x2C66, 0x3466, 0x2C66, 0x3466, 0x3486, 0x2C86, 0x3466,
  0x2C66, 0x2C64, 0x2C84, 0x55A7, 0x5587, 0x55A7, 0x5587, 0x4D86, 0x4507, 0x2C44, 0x2C64, 0x2C65, 0x2C44,
  0x2C65, 0x2C64, 0x2C85, 0x2C65, 0x2C86, 0x2C66, 0x2C86, 0x2C66, 0x3486, 0x3466, 0x2C66, 0x3466, 0x2C66,
  0x3466, 0x3486, 0x2C86, 0x3466, 0x5587, 0x5567, 0x5587, 0x4D87, 0x5587, 0x4D86, 0x55A7, 0x55A8, 0x2C66,
  0x2C46, 0x2C66, 0x3466, 0x2C66, 0x3486, 0x3466, 0x2C66, 0x2C64, 0x5586, 0x5587, 0x55A7, 0x4D87, 0x4D86,
  0x5587, 0x4D87, 0x5587, 0x55A7, 0x4D86, 0x4D87, 0x55A7, 0x4D87, 0x5587, 0x55A7, 0x5587, 0x5586, 0x55A7,
  0x2C85, 0x2C86, 0x3466, 0x2C46, 0x2C66, 0x2C46, 0x2C66, 0x3466, 0x2C66, 0x3466, 0x3446, 0x3466, 0x3486,
  0x2C66, 0x3466, 0x2C66, 0x3466, 0x2C66, 0x3466, 0x2C66, 0x2C86, 0x3466, 0x2C66, 0x3466, 0x2C66, 0x3466,
  0x2C66, 0x3486, 0x2C66, 0x3466, 0x2C66, 0x3486, 0x2C66, 0x3466, 0x3486, 0x2C66, 0x3466, 0x2C66, 0x3466,
  0x2C66, 0x55A7, 0x5586, 0x55A7, 0x4DA7, 0x4D87, 0x55A7, 0x4D87, 0x55A7, 0x5587, 0x4D87, 0x4DA6, 0x5586,
  0x55A7, 0x5586, 0x5587, 0x4D87, 0x5587, 0x5567, 0x4D86, 0x4D87, 0x55A7, 0x2C85, 0x3486, 0x2C86, 0x2C66,
  0x2C46, 0x2C66, 0x2C47, 0x2C66, 0x2C46, 0x2C66, 0x2C46, 0x2C66, 0x3466, 0x2C86, 0x3486, 0x2C86, 0x3466,
  0x5587, 0x5567, 0x5587, 0x55A7, 0x55A8, 0x2C65, 0x2C66, 0x2C65, 0x2C66, 0x2C65, 0x2C66, 0x3466, 0x2C66,
  0x3466, 0x2C65, 0x2C66, 0x3466, 0x2C66, 0x3486, 0x3466, 0x2C85, 0x3466, 0x2C66, 0x3486, 0x2C64, 0x55A7,
  0x5587, 0x5586, 0x5587, 0x4D87, 0x4D86, 0x5587, 0x4D87, 0x5587, 0x4D87, 0x5587, 0x55A7, 0x4D87, 0x5587,
  0x4D87, 0x5587, 0x5586, 0x5587, 0x3485, 0x2C66, 0x2C46, 0x2C66, 0x2C65, 0x3466, 0x2C85, 0x3485, 0x2C65,
  0x2C66, 0x3466, 0x3485, 0x3466, 0x2C66, 0x3466, 0x2C86, 0x3466, 0x3486, 0x3466, 0x2C66, 0x3486, 0x2C86,
  0x3466, 0x3486, 0x3466, 0x3485, 0x3486, 0x3466, 0x3485, 0x3466, 0x2C85, 0x3486, 0x3466, 0x2C86, 0x2C85,
  0x3466, 0x2C66, 0x3466, 0x3486, 0x2C85, 0x3486, 0x2C86, 0x3485, 0x3466, 0x2C66, 0x3466, 0x2C86, 0x3486,
  0x2C86, 0x3466, 0x2C65, 0x2C66, 0x2C65, 0x5587, 0x4D87, 0x4D86, 0x55A7, 0x4D87, 0x5587, 0x4D87, 0x5587,
  0x4D87, 0x5587, 0x4D87, 0x55A7, 0x3485, 0x2C66, 0x3466, 0x2C66, 0x2C65, 0x2C66, 0x2C65, 0x2C66, 0x3466,
  0x2C66, 0x2C65, 0x2C85, 0x3486, 0x2C86, 0x3486, 0x3466, 0x55A7, 0x5587, 0x5567, 0x5587, 0x5586, 0x5587,
  0x4D86, 0x4D87, 0x4D66, 0x4D87, 0x4D66, 0x4D87, 0x4D86, 0x4D67, 0x4D87, 0x5587, 0x4D87, 0x5587, 0x4D87,
  0x5587, 0x4D87, 0x5587, 0x4D87, 0x5587, 0x4D87, 0x55A7, 0x5587, 0x55A7, 0x5587, 0x55A7, 0x5587, 0x4D87,
  0x4D67, 0x4D87, 0x4D67, 0x4D66, 0x4D86, 0x4D67, 0x5587, 0x4D87, 0x4D86, 0x4D87, 0x5586, 0x5587, 0x4D87,
  0x5587, 0x4D87, 0x5587, 0x4D87, 0x5587, 0x4D87, 0x55A7, 0x5587, 0x4D87, 0x5587, 0x4D87, 0x5587, 0x4D87,
  0x4D86, 0x4D87, 0x4D86, 0x4D87, 0x5587, 0x4D87, 0x5587, 0x55A7, 0x4D87, 0x55A7, 0x5587, 0x4D87, 0x5587,
  0x4D87, 0x55A7, 0x4D87, 0x4D86, 0x4D87, 0x5587, 0x4D87, 0x5587, 0x4D87, 0x55A7, 0x4D87, 0x55A7, 0x5587,
  0x4D87, 0x5587, 0x4D87, 0x55A7, 0x5587, 0x4D87, 0x5587, 0x55A7, 0x5587, 0x55A7, 0x4D87, 0x5587, 0x4D87,
  0x5587, 0x4D87, 0x5587, 0x55A7, 0x4D87, 0x55A7, 0x5587, 0x55A7, 0x4D86, 0x4D87, 0x3466, 0x5587, 0x55A7,
  0x5587, 0x5567, 0x5587, 0x4D87, 0x5587, 0x55A7, 0x5587, 0x55A7, 0x5587, 0x55A7, 0x5587, 0x4D87, 0x5587,
  0x4D87, 0x5587, 0x4D87, 0x5587, 0x4D87, 0x5587, 0x4D87, 0x5587, 0x5586, 0x5587, 0x5586, 0x5587, 0x55A7,
  0x4D87, 0x5587, 0x4D87, 0x5587, 0x4D87, 0x5587, 0x4D87, 0x4DA7, 0x4D86, 0x4D87, 0x5587, 0x4D86, 0x5587,
  0x4D87, 0x5587, 0x55A7, 0x5587, 0x5586, 0x5587, 0x4D86, 0x4D87, 0x5587, 0x5586, 0x5587, 0x4D87, 0x5587,
  0x5586, 0x4D87, 0x5587, 0x4D87, 0x55A7, 0x4D87, 0x55A7, 0x4D87, 0x5587, 0x4D87, 0x5587, 0x4D87, 0x5587,
  0x4D87, 0x4D86, 0x4D87, 0x55A7, 0x4D87, 0x55A7, 0x4D87, 0x5587, 0x4D87, 0x55A7, 0x5587, 0x4D87, 0x4D86,
  0x4D87, 0x5587, 0x4D87, 0x5587, 0x4D87, 0x5587, 0x4D87, 0x5587, 0x55A7, 0x5587, 0x4D87, 0x5587, 0x4D87,
  0x5587, 0x4D87, 0x5587, 0x4D87, 0x55A7, 0x5587, 0x55A7, 0x5587, 0x5586, 0x5587, 0x55A7, 0x5587, 0x55A7,
  0x5587, 0x5D67, 0x5587, 0x55A7, 0x5587, 0x55A7, 0x5587, 0x55A7, 0x5587, 0x55A7, 0x5587, 0x55A7, 0x5587,
  0x55A7, 0x5587, 0x55A7, 0x4D87, 0x5587, 0x4D87, 0x5587, 0x4D87, 0x5587, 0x4D87, 0x5587, 0x4D87, 0x5587,
  0x4D86, 0x5587, 0x55A7, 0x5587, 0x4D87, 0x5587, 0x55A7, 0x4D87, 0x5587, 0x4D87, 0x5587, 0x4D87, 0x55A7,
  0x5587, 0x4D87, 0x5587, 0x4D87, 0x5587, 0x4D86, 0x5587, 0x5586, 0x5587, 0x4D87, 0x5587, 0x4D87, 0x5587,
  0x4D87, 0x5587, 0x55A7, 0x5587, 0x4D87, 0x5587, 0x4D87, 0x5587, 0x4D87, 0x5587, 0x55A7, 0x5587, 0x4D87,
  0x5587, 0x4D87, 0x5587, 0x4D87, 0x5587, 0x55A7, 0x5587, 0x55A7, 0x5587, 0x55A7, 0x5587, 0x55A7, 0x5587,
  0x5567, 0x5587, 0x55A7, 0x5587, 0x55A7, 0x5587, 0x4D87, 0x5587, 0x55A7, 0x4D87, 0x5587, 0x4D87, 0x5587,
  0x4D87, 0x5587, 0x55A7, 0x5587, 0x4D87, 0x5587, 0x4D87, 0x5587, 0x4D87, 0x5587, 0x4D87, 0x5587, 0x4D87,
  0x5587, 0x4D87, 0x5587, 0x4D87, 0x5587, 0x4D87, 0x55A7, 0x4D87, 0x5587, 0x5586, 0x5587, 0x4D87, 0x5587,
  0x4D87, 0x5587, 0x4D87, 0x5587, 0x4D87, 0x5587, 0x4D87, 0x5587, 0x5586, 0x5587, 0x4D87, 0x55A7, 0x5587,
  0x55A7, 0x5587, 0x55A7, 0x5587, 0x55A7, 0x5587, 0x5567, 0x5587, 0x5586, 0x4D87, 0x5587, 0x5586, 0x5587,
  0x4D86, 0x5587, 0x4DA7, 0x5587, 0x55A7, 0x5587, 0x4D87, 0x5587, 0x55A7, 0x5587, 0x55A7, 0x5587, 0x4D87,
  0x5586, 0x5587, 0x4D87, 0x5587, 0x4D86, 0x5587, 0x4D87, 0x5587, 0x4D87, 0x5587, 0x4D87, 0x5587, 0x4D87,
  0x5587, 0x4D86, 0x5587, 0x55A7, 0x4D87, 0x5587, 0x4D87, 0x5587, 0x4D87, 0x5587, 0x5D67, 0x55A7, 0x5587,
  0x55A7, 0x5587, 0x5586, 0x55A7, 0x5587, 0x55A7, 0x5587, 0x4D87, 0x5587, 0x55A7, 0x5587, 0x55A7, 0x5587,
  0x55A7, 0x5587, 0x4D87, 0x5587, 0x4D86, 0x55A7, 0x5587, 0x55A7, 0x5587, 0x5D67, 0x5587, 0x55A7, 0x5587,
  0x55A7, 0x5587, 0x55A7, 0x5587, 0x55A6, 0x5587, 0x5586, 0x5587, 0x55A7, 0x5587, 0x55A7, 0x5587, 0x55A7,
  0x5587, 0x5D87, 0x5587, 0x55A7, 0x5587, 0x55A7, 0x5587, 0x5586, 0x5587, 0x55A7, 0x5587, 0x55A7, 0x5587,
  0x55A7, 0x5587, 0x5D87, 0x5587, 0x4D87, 0x55A7, 0x4DA7, 0x5587, 0x4D87, 0x5587, 0x55A7, 0x5587, 0x55A7,
  0x5587, 0x55A7, 0x5587, 0x4D87, 0x5587, 0x5D67, 0x5587, 0x55A7, 0x5587, 0x55A7, 0x5587, 0x55A7, 0x5587,
  0x55A7, 0x5587, 0x55A7, 0x5587, 0x4D87, 0x5587, 0x4D87, 0x55A7, 0x5587, 0x4D87, 0x55A7, 0x5587, 0x55A7,
  0x5587, 0x55A7, 0x5587, 0x55A7, 0x5587, 0x4D87, 0x5587, 0x55A7, 0x5587, 0x55A7, 0x5587, 0x55A7, 0x5587,
  0x55A7, 0x5587, 0x55A7, 0x5587, 0x55A7, 0x5587, 0x55A7, 0x5587, 0x55A7, 0x5587, 0x55A7, 0x5587, 0x5567,
  0x5587, 0x55A7, 0x5587, 0x4D87, 0x5587, 0x55A7, 0x5587, 0x55A7, 0x5587, 0x55A7, 0x5587, 0x4D87, 0x5587,
  0x55A7, 0x5587, 0x55A7, 0x5587, 0x55A7, 0x5587, 0x55A7, 0x5587, 0x5D67, 0x5587, 0x55A7, 0x5587, 0x55A7,
  0x5587, 0x55A7, 0x5587, 0x5586, 0x5587, 0x55A7, 0x5587, 0x55A7, 0x5587, 0x55A7, 0x5587, 0x55A7, 0x5587,
  0x55A7, 0x5587, 0x55A7, 0x5587, 0x5D67, 0x5587, 0x55A7, 0x5587, 0x55A7, 0x5587, 0x5567, 0x5587, 0x4D87,
  0x5587, 0x55A7, 0x5587, 0x55A7, 0x5587, 0x55A7, 0x5587, 0x55A7, 0x5587, 0x55A7, 0x5587, 0x55A7, 0x5587,
  0x4D87, 0x5587, 0x4D87, 0x5587, 0x55A7, 0x5587, 0x55A7, 0x5587, 0x55A7, 0x5587, 0x55A7, 0x5587, 0x4D87,
  0x5587, 0x4D87, 0x5587, 0x55A7, 0x5587, 0xFFF8, 0x5587, 0xFFF8, 0x5587, 0xFFF8, 0x5587, 0xFFF8, 0x5587,
  0xFFF8, 0x5587, 0xFFF8, 0x5587, 0xFFF8, 0x5587, 0xFFF8, 0x5586, 0x5587, 0xFFF8, 0x5587, 0xFFF8, 0x5587,
  0xFFF8, 0x5587, 0xFFF8, 0x5587, 0xFFF8, 0x5587, 0xFFF8, 0x5587, 0xFFF8, 0x5587, 0xFFF8, 0x5587, 0xFFF8,
  0x5587, 0xFFF8, 0x5587, 0xFFF8, 0x5587, 0xFFF8, 0x5587, 0xFFF8, 0x5587, 0xFFF8, 0x5587, 0xFFF8, 0x5587,
  0xFFF8, 0x5587, 0xFFF8, 0x5587, 0xFFF8, 0x5587, 0xFFF8, 0x5587, 0xFFF8, 0x5587, 0xFFF8, 0x5587,
};

const uint16_t FONDO_PARQUE_CONTEO[FONDO_PARQUE_RUNS] PROGMEM = {
  52, 188, 52, 188, 51, 189, 51, 166, 1, 3, 1, 18, 51, 189, 50, 190, 48, 113, 3, 1, 7, 2, 4, 2, 60, 30, 7, 9,
  112, 3, 1, 3, 1, 12, 1, 10, 3, 15, 33, 24, 66, 1, 1, 2, 1, 1, 62, 2, 1, 4, 1, 3, 8, 1, 2, 2, 1, 4, 1, 1, 3,
  13, 1, 1, 5, 1, 6, 3, 18, 22, 131, 1, 1, 5, 1, 1, 20, 1, 9, 1, 9, 1, 1, 8, 1, 1, 6, 1, 19, 20, 95, 2, 1, 11,
  1, 2, 1, 1, 2, 1, 2, 1, 1, 3, 1, 10, 1, 1, 2, 23, 1, 18, 1, 1, 5, 1, 3, 1, 1, 26, 18, 27, 1, 1, 59, 1, 1, 2,
  1, 2, 2, 1, 1, 1, 1, 7, 1, 3, 1, 1, 7, 2, 4, 1, 2, 1, 2, 1, 4, 1, 27, 1, 1, 6, 1, 9, 1, 2, 1, 4, 1, 2, 1, 8,
  1, 17, 17, 24, 1, 1, 2, 54, 1, 3, 1, 5, 1, 2, 1, 2, 18, 3, 5, 3, 1, 1, 1, 2, 3, 1, 1, 1, 31, 2, 1, 4, 6, 1,
  1, 1, 7, 1, 5, 5, 1, 10, 1, 8, 15, 26, 1, 57, 1, 1, 11, 2, 1, 2, 1, 4, 1, 5, 1, 3, 1, 1, 7, 1, 4, 1, 4, 1, 1,
  33, 1, 4, 2, 2, 1, 5, 1, 1, 1, 1, 1, 1, 3, 3, 1, 2, 39, 1, 20, 1, 62, 2, 3, 3, 1, 1, 9, 1, 3, 1, 3, 1, 4, 5,
  1, 3, 1, 1, 1, 4, 5, 36, 1, 2, 1, 1, 3, 1, 2, 3, 1, 2, 1, 8, 1, 1, 36, 4, 84, 1, 1, 3, 1, 5, 12, 1, 1, 1, 1,
  1, 2, 2, 1, 7, 1, 1, 2, 5, 40, 3, 1, 3, 1, 2, 1, 1, 1, 1, 1, 1, 8, 1, 1, 1, 8, 2, 24, 5, 85, 11, 6, 12, 2, 1,
  1, 6, 2, 1, 1, 1, 3, 44, 2, 1, 2, 2, 1, 1, 1, 3, 2, 1, 1, 2, 3, 1, 1, 2, 4, 3, 1, 24, 1, 4, 86, 9, 4, 1, 18,
  9, 5, 47, 2, 3, 6, 2, 4, 1, 8, 2, 1, 2, 26, 4, 47, 3, 16, 1, 1, 1, 1, 1, 2, 14, 6, 3, 1, 26, 5, 62, 14, 1, 1,
  2, 3, 1, 71, 2, 3, 11, 1, 3, 6, 1, 1, 1, 2, 12, 7, 2, 1, 95, 1, 1, 11, 1, 74, 2, 2, 2, 1, 1, 9, 1, 1, 1, 1,
  3, 3, 1, 7, 12, 6, 2, 98, 83, 2, 1, 2, 1, 12, 1, 1, 1, 2, 1, 2, 1, 3, 2, 4, 1, 2, 12, 7, 100, 23, 1, 56, 1,
  3, 1, 15, 1, 3, 1, 1, 1, 3, 8, 1, 2, 12, 6, 1, 100, 20, 1, 1, 1, 1, 18, 1, 6, 3, 28, 2, 19, 1, 1, 1, 3, 2,
  12, 12, 2, 1, 1, 3, 101, 1, 1, 14, 1, 3, 1, 1, 1, 17, 1, 7, 3, 2, 6, 14, 1, 4, 23, 1, 2, 1, 3, 24, 2, 1, 1,
  104, 1, 1, 14, 1, 2, 1, 27, 13, 12, 3, 1, 26, 32, 1, 1, 104, 3, 2, 13, 1, 25, 17, 5, 2, 4, 1, 30, 34, 104,
  12, 2, 4, 3, 2, 1, 1, 14, 1, 21, 2, 8, 32, 34, 103, 15, 1, 6, 2, 1, 12, 26, 5, 36, 35, 101, 12, 3, 4, 2, 3,
  1, 11, 28, 1, 39, 37, 99, 1, 1, 9, 1, 5, 1, 4, 1, 12, 71, 38, 96, 1, 1, 6, 2, 1, 1, 5, 1, 16, 81, 10, 1, 10,
  1, 8, 2, 2, 91, 3, 1, 7, 1, 21, 83, 30, 1, 2, 1, 5, 46, 3, 1, 35, 1, 4, 1, 8, 1, 8, 1, 9, 84, 6, 1, 13, 1, 1,
  1, 7, 1, 1, 6, 1, 8, 1, 33, 4, 1, 1, 2, 1, 1, 2, 29, 4, 1, 5, 1, 4, 3, 1, 1, 13, 86, 15, 1, 2, 1, 10, 1, 1,
  1, 2, 2, 3, 1, 2, 1, 3, 1, 3, 29, 9, 1, 2, 3, 25, 2, 1, 1, 2, 2, 1, 2, 6, 2, 1, 2, 1, 1, 11, 87, 1, 1, 10, 1,
  6, 1, 11, 1, 3, 1, 2, 1, 10, 1, 3, 23, 13, 1, 1, 5, 20, 1, 1, 1, 1, 1, 3, 1, 8, 2, 2, 1, 6, 1, 2, 1, 5, 87,
  1, 15, 1, 2, 1, 1, 9, 1, 2, 1, 3, 1, 3, 1, 3, 1, 3, 1, 4, 21, 15, 1, 1, 9, 12, 1, 1, 1, 2, 1, 1, 1, 1, 1, 6,
  1, 1, 1, 9, 1, 2, 1, 7, 89, 1, 18, 1, 1, 1, 13, 1, 12, 1, 5, 2, 1, 16, 13, 1, 3, 1, 7, 1, 1, 2, 1, 3, 1, 1,
  1, 5, 1, 2, 4, 1, 1, 1, 2, 2, 1, 2, 1, 3, 1, 1, 1, 13, 89, 32, 1, 4, 1, 7, 1, 8, 5, 1, 1, 10, 20, 6, 1, 4, 1,
  11, 1, 2, 2, 3, 1, 4, 1, 6, 2, 2, 1, 1, 1, 3, 1, 6, 91, 18, 1, 17, 1, 1, 14, 37, 5, 1, 1, 1, 6, 1, 1, 1, 11,
  1, 5, 1, 4, 1, 6, 1, 2, 1, 1, 1, 8, 91, 19, 1, 2, 1, 1, 17, 1, 10, 37, 7, 1, 1, 2, 2, 1, 11, 3, 1, 11, 2, 5,
  1, 2, 1, 3, 1, 5, 91, 3, 1, 4, 1, 1, 1, 41, 2, 1, 34, 7, 1, 6, 1, 3, 1, 2, 1, 3, 1, 6, 1, 1, 1, 17, 1, 7, 91,
  24, 1, 17, 1, 9, 37, 6, 1, 1, 1, 3, 1, 8, 1, 5, 1, 4, 1, 15, 2, 1, 9, 91, 40, 1, 3, 1, 7, 14, 1, 20, 1, 1,
  14, 1, 3, 2, 7, 2, 2, 2, 5, 1, 21, 91, 23, 1, 21, 1, 6, 37, 13, 1, 16, 1, 2, 1, 3, 1, 22, 91, 24, 1, 27, 4,
  1, 31, 9, 1, 6, 1, 7, 1, 1, 1, 2, 1, 3, 1, 19, 1, 1, 1, 5, 60, 3, 1, 4, 3, 16, 42, 1, 13, 18, 1, 17, 7, 1, 2,
  1, 4, 1, 10, 1, 1, 1, 1, 3, 18, 1, 1, 1, 7, 59, 1, 2, 1, 7, 1, 12, 1, 59, 1, 1, 1, 1, 30, 1, 1, 7, 1, 1, 2,
  5, 1, 3, 1, 5, 1, 4, 1, 6, 2, 4, 3, 1, 2, 11, 58, 12, 1, 12, 1, 1, 1, 13, 1, 33, 1, 1, 8, 1, 1, 33, 1, 9, 1,
  1, 1, 2, 1, 4, 1, 25, 1, 1, 3, 7, 60, 9, 1, 17, 2, 41, 1, 7, 1, 9, 1, 33, 11, 1, 1, 1, 4, 1, 2, 1, 36, 16, 2,
  1, 1, 39, 1, 1, 1, 1, 4, 2, 5, 1, 5, 1, 1, 1, 13, 1, 26, 1, 4, 1, 2, 1, 16, 1, 1, 1, 1, 5, 1, 22, 1, 1, 10,
  1, 4, 1, 14, 2, 6, 1, 4, 1, 8, 1, 4, 15, 5, 2, 36, 1, 1, 3, 1, 4, 2, 5, 1, 1, 1, 1, 4, 1, 23, 1, 16, 1, 6, 1,
  1, 1, 1, 6, 1, 9, 1, 1, 27, 1, 1, 11, 1, 15, 1, 1, 1, 1, 3, 1, 21, 16, 8, 1, 2, 32, 7, 1, 1, 1, 1, 2, 9, 1,
  1, 2, 17, 1, 2, 1, 2, 3, 22, 1, 18, 1, 1, 1, 27, 1, 21, 1, 1, 1, 4, 1, 1, 1, 10, 4, 1, 2, 1, 8, 14, 1, 5, 1,
  8, 27, 1, 3, 1, 2, 1, 6, 2, 7, 1, 1, 1, 17, 1, 10, 1, 41, 1, 1, 1, 27, 9, 1, 10, 2, 12, 1, 1, 1, 1, 8, 11,
  14, 20, 21, 3, 1, 5, 1, 3, 5, 8, 2, 1, 1, 2, 1, 37, 1, 29, 1, 1, 24, 1, 22, 1, 13, 34, 18, 1, 6, 12, 1, 4, 1,
  9, 2, 2, 3, 1, 1, 10, 1, 23, 1, 26, 1, 1, 21, 1, 2, 1, 3, 1, 14, 1, 14, 1, 4, 1, 1, 1, 11, 1, 1, 1, 2, 30,
  22, 2, 10, 6, 2, 1, 1, 2, 5, 1, 2, 1, 1, 4, 2, 1, 1, 1, 9, 2, 16, 2, 12, 1, 43, 1, 1, 19, 33, 36, 17, 1, 5,
  1, 13, 1, 1, 3, 1, 1, 1, 1, 7, 4, 2, 1, 3, 3, 27, 1, 8, 1, 3, 1, 10, 1, 33, 2, 1, 1, 4, 1, 8, 1, 2, 14, 1, 1,
  7, 1, 2, 1, 5, 37, 16, 1, 5, 1, 2, 1, 6, 2, 3, 1, 5, 1, 6, 1, 1, 1, 3, 1, 1, 1, 3, 5, 60, 1, 26, 1, 13, 1, 1,
  1, 12, 1, 3, 1, 5, 1, 8, 1, 37, 20, 2, 1, 1, 10, 1, 1, 1, 1, 1, 3, 1, 1, 1, 14, 1, 1, 3, 5, 33, 1, 1, 1, 51,
  1, 4, 1, 1, 1, 1, 1, 2, 1, 1, 1, 14, 1, 1, 1, 6, 1, 8, 37, 17, 2, 1, 1, 3, 1, 5, 1, 2, 1, 1, 1, 2, 1, 1, 1,
  2, 1, 7, 2, 1, 1, 1, 1, 1, 1, 5, 1, 5, 1, 54, 2, 60, 3, 3, 1, 9, 37, 13, 1, 20, 2, 1, 3, 1, 1, 6, 4, 3, 3, 8,
  1, 3, 2, 1, 53, 1, 60, 1, 1, 2, 9, 1, 1, 1, 37, 14, 1, 4, 1, 9, 1, 7, 1, 1, 1, 1, 1, 1, 1, 1, 1, 2, 1, 15, 1,
  59, 1, 1, 1, 61, 1, 14, 37, 18, 3, 9, 7, 13, 1, 1, 3, 10, 1, 2, 2, 2, 1, 113, 1, 1, 1, 14, 37, 15, 2, 2, 1,
  3, 1, 1, 1, 1, 9, 2, 1, 1, 1, 3, 1, 4, 1, 1, 1, 3, 1, 1, 1, 3, 1, 2, 3, 12, 1, 43, 1, 1, 1, 57, 1, 3, 1, 1,
  1, 9, 1, 2, 1, 37, 17, 1, 4, 1, 6, 7, 1, 10, 2, 3, 1, 2, 1, 6, 1, 6, 1, 5, 2, 47, 1, 2, 1, 31, 1, 24, 2, 1,
  1, 9, 1, 1, 1, 2, 1, 37, 20, 4, 1, 1, 4, 7, 4, 2, 1, 1, 1, 1, 2, 2, 13, 1, 1, 1, 16, 2, 35, 1, 28, 1, 34, 1,
  9, 1, 3, 1, 1, 1, 2, 1, 1, 35, 20, 6, 3, 3, 1, 1, 1, 1, 1, 1, 7, 1, 1, 16, 2, 2, 1, 6, 1, 5, 1, 1, 1, 98, 1,
  2, 1, 7, 1, 1, 1, 7, 1, 1, 1, 1, 1, 2, 1, 30, 17, 1, 1, 2, 1, 1, 1, 2, 2, 1, 1, 1, 1, 1, 2, 1, 2, 2, 2, 1, 2,
  1, 5, 2, 3, 1, 1, 2, 13, 1, 8, 1, 2, 1, 3, 1, 31, 1, 1, 2, 2, 1, 11, 1, 41, 1, 7, 1, 2, 1, 3, 1, 1, 1, 3, 1,
  1, 2, 2, 1, 3, 5, 1, 1, 21, 17, 1, 4, 2, 1, 3, 1, 1, 1, 6, 2, 2, 2, 1, 1, 1, 1, 2, 4, 2, 6, 1, 4, 1, 1, 3, 1,
  1, 1, 1, 1, 10, 4, 36, 1, 10, 1, 35, 1, 2, 1, 11, 2, 3, 1, 2, 1, 1, 3, 1, 1, 1, 4, 1, 1, 1, 1, 1, 2, 1, 2, 1,
  21, 17, 2, 4, 1, 1, 1, 2, 1, 1, 1, 2, 2, 2, 1, 6, 1, 1, 1, 1, 1, 2, 1, 4, 1, 2, 1, 1, 1, 8, 1, 1, 1, 12, 1,
  3, 1, 6, 1, 40, 1, 33, 1, 14, 1, 4, 1, 1, 1, 3, 1, 1, 1, 1, 1, 1, 1, 1, 1, 1, 1, 7, 1, 1, 1, 1, 1, 1, 1, 18,
  16, 1, 1, 1, 4, 1, 1, 1, 1, 2, 1, 4, 1, 1, 1, 1, 1, 1, 1, 1, 3, 1, 1, 1, 1, 3, 1, 8, 1, 2, 1, 9, 1, 12, 1, 1,
  1, 11, 1, 20, 1, 16, 1, 33, 1, 10, 1, 1, 2, 1, 1, 1, 5, 1, 1, 1, 3, 1, 1, 4, 1, 2, 1, 3, 3, 1, 1, 1, 1, 18,
  19, 1, 3, 1, 1, 1, 3, 1, 2, 1, 1, 1, 1, 1, 1, 1, 1, 1, 1, 2, 1, 1, 1, 1, 1, 1, 1, 2, 16, 1, 1, 1, 7, 1, 14,
  1, 8, 1, 1, 1, 3, 1, 14, 1, 63, 1, 7, 1, 1, 1, 3, 1, 2, 1, 1, 1, 1, 1, 1, 5, 1, 1, 1, 1, 1, 1, 18, 13, 2, 3,
  1, 4, 1, 1, 1, 3, 1, 3, 3, 9, 1, 2, 1, 3, 1, 1, 9, 1, 7, 3, 2, 1, 1, 1, 8, 1, 5, 1, 9, 1, 3, 1, 4, 1, 37, 1,
  38, 1, 3, 1, 1, 2, 1, 2, 1, 1, 1, 1, 1, 2, 11, 1, 1, 2, 1, 1, 16, 20, 1, 1, 1, 1, 1, 1, 3, 1, 1, 1, 1, 12, 1,
  3, 1, 1, 1, 1, 1, 1, 3, 13, 2, 1, 1, 1, 1, 1, 1, 32, 1, 2, 1, 6, 1, 67, 1, 2, 1, 2, 1, 1, 1, 2, 1, 1, 1, 15,
  1, 1, 4, 16, 13, 1, 1, 1, 2, 1, 1, 1, 1, 1, 1, 1, 1, 1, 2, 4, 1, 8, 3, 1, 1, 2, 1, 1, 1, 1, 1, 3, 1, 1, 12,
  3, 1, 2, 24, 1, 9, 4, 37, 1, 36, 1, 2, 3, 1, 1, 1, 2, 1, 1, 1, 1, 6, 1, 2, 1, 5, 2, 1, 1, 1, 1, 2, 2, 1, 1,
  1, 8, 19, 2, 1, 1, 1, 1, 1, 1, 4, 1, 12, 2, 1, 3, 1, 1, 1, 1, 1, 2, 1, 1, 12, 6, 34, 1, 1, 1, 40, 1, 33, 2,
  4, 1, 1, 1, 1, 1, 1, 4, 1, 3, 1, 11, 1, 1, 1, 1, 1, 2, 1, 2, 1, 1, 8, 13, 1, 3, 2, 1, 1, 1, 1, 1, 1, 1, 1, 8,
  1, 3, 1, 3, 1, 9, 2, 1, 1, 1, 1, 1, 1, 11, 6, 14, 1, 2, 1, 3, 1, 8, 1, 14, 5, 9, 1, 17, 1, 3, 1, 24, 1, 1, 2,
  1, 3, 1, 1, 1, 1, 1, 1, 2, 8, 1, 1, 2, 1, 11, 1, 3, 1, 1, 1, 1, 8, 11, 1, 6, 1, 1, 1, 1, 1, 3, 10, 1, 1, 1,
  3, 1, 3, 1, 3, 3, 1, 2, 1, 1, 1, 1, 1, 11, 2, 1, 3, 1, 1, 7, 1, 35, 1, 3, 1, 7, 1, 2, 1, 1, 15, 2, 18, 1, 7,
  1, 1, 2, 1, 1, 2, 1, 1, 1, 1, 1, 2, 1, 1, 1, 1, 5, 1, 4, 1, 1, 1, 6, 1, 2, 2, 1, 1, 1, 1, 1, 1, 1, 1, 6, 13,
  1, 2, 1, 1, 1, 1, 1, 1, 1, 1, 1, 10, 2, 2, 1, 5, 1, 1, 1, 7, 1, 1, 1, 2, 1, 1, 1, 11, 1, 1, 2, 18, 2, 3, 1,
  32, 1, 18, 1, 12, 1, 3, 1, 2, 1, 9, 1, 2, 1, 3, 1, 1, 1, 1, 1, 1, 1, 1, 1, 1, 1, 22, 1, 2, 1, 1, 1, 1, 1, 1,
  1, 1, 6, 17, 1, 1, 1, 1, 1, 21, 1, 8, 1, 1, 1, 3, 1, 1, 1, 1, 1, 7, 1, 3, 3, 9, 3, 12, 1, 16, 2, 3, 1, 3, 6,
  2, 2, 1, 2, 2, 2, 8, 1, 1, 4, 1, 1, 1, 8, 1, 3, 1, 2, 1, 5, 1, 4, 1, 2, 1, 1, 1, 1, 1, 3, 1, 11, 1, 1, 1, 1,
  12, 1, 2, 3, 1, 1, 1, 1, 4, 7, 1, 8, 1, 1, 1, 1, 1, 18, 1, 8, 1, 1, 1, 9, 1, 1, 1, 1, 6, 1, 2, 3, 1, 2, 4, 1,
  1, 4, 7, 1, 4, 1, 10, 1, 6, 2, 6, 9, 5, 1, 12, 1, 3, 1, 3, 1, 1, 1, 1, 1, 1, 1, 1, 1, 1, 1, 2, 2, 10, 1, 1,
  1, 1, 1, 1, 1, 1, 1, 19, 1, 3, 1, 10, 1, 3, 1, 1, 4, 8, 1, 2, 1, 1, 3, 1, 1, 1, 1, 1, 1, 7, 1, 19, 1, 2, 8,
  1, 1, 1, 1, 6, 1, 1, 3, 1, 1, 4, 1, 1, 1, 2, 3, 12, 1, 1, 15, 1, 5, 1, 1, 1, 1, 5, 1, 2, 1, 2, 1, 1, 13, 1,
  8, 1, 1, 1, 1, 1, 1, 1, 3, 3, 1, 1, 2, 1, 7, 1, 1, 1, 1, 1, 1, 1, 39, 1, 1, 4, 8, 3, 2, 3, 1, 1, 1, 1, 1, 1,
  29, 1, 2, 1, 1, 4, 1, 1, 1, 1, 6, 1, 2, 1, 1, 1, 2, 3, 1, 3, 4, 1, 12, 2, 13, 1, 1, 3, 1, 1, 1, 1, 1, 1, 10,
  15, 1, 1, 2, 1, 2, 3, 1, 2, 1, 1, 2, 1, 4, 1, 1, 3, 1, 1, 1, 1, 1, 3, 1, 1, 1, 1, 1, 1, 14, 1, 16, 1, 8, 6,
  8, 1, 1, 2, 1, 1, 1, 3, 1, 1, 1, 4, 1, 1, 6, 1, 11, 1, 7, 1, 6, 1, 1, 1, 2, 1, 3, 1, 9, 1, 1, 1, 1, 1, 1, 1,
  1, 2, 11, 4, 15, 13, 7, 1, 2, 11, 2, 1, 2, 5, 1, 2, 1, 1, 1, 1, 1, 2, 1, 1, 1, 2, 1, 1, 1, 3, 4, 1, 1, 1, 2,
  1, 38, 1, 1, 6, 4, 6, 1, 1, 2, 4, 1, 15, 1, 4, 2, 21, 1, 1, 1, 1, 6, 1, 1, 14, 1, 7, 1, 20, 1, 19, 15, 8, 1,
  1, 1, 2, 1, 1, 1, 1, 2, 1, 6, 1, 1, 2, 1, 1, 1, 1, 1, 1, 1, 1, 1, 1, 1, 1, 19, 1, 6, 1, 16, 3, 6, 6, 1, 3, 1,
  1, 1, 13, 1, 6, 1, 1, 1, 9, 2, 1, 1, 5, 1, 1, 1, 1, 1, 1, 1, 3, 2, 2, 2, 1, 2, 1, 1, 4, 1, 1, 2, 9, 1, 1, 1,
  1, 16, 23, 4, 1, 2, 15, 1, 1, 1, 1, 1, 3, 1, 1, 1, 2, 1, 1, 1, 1, 2, 1, 1, 3, 1, 1, 1, 1, 1, 55, 1, 8, 1, 1,
  14, 2, 17, 1, 9, 1, 1, 2, 1, 1, 2, 1, 1, 1, 7, 1, 2, 1, 5, 1, 2, 3, 3, 1, 3, 1, 14, 48, 1, 1, 1, 1, 1, 1, 1,
  7, 1, 3, 1, 1, 1, 2, 1, 1, 1, 1, 26, 1, 29, 1, 7, 1, 1, 1, 18, 3, 9, 3, 11, 1, 1, 1, 1, 2, 1, 1, 9, 2, 2, 1,
  3, 2, 2, 1, 1, 1, 3, 1, 1, 2, 1, 13, 49, 1, 1, 1, 1, 1, 1, 3, 1, 1, 1, 3, 1, 1, 1, 1, 1, 1, 2, 1, 1, 1, 1, 1,
  55, 2, 1, 1, 1, 2, 1, 1, 1, 17, 1, 2, 1, 12, 2, 2, 1, 7, 1, 1, 1, 1, 1, 1, 2, 5, 1, 1, 2, 1, 1, 1, 8, 3, 1,
  1, 1, 1, 2, 1, 2, 8, 1, 1, 51, 1, 1, 1, 1, 1, 1, 2, 2, 1, 7, 1, 1, 1, 3, 1, 1, 1, 2, 1, 54, 1, 1, 1, 1, 1, 2,
  1, 1, 1, 18, 1, 2, 1, 5, 1, 1, 1, 2, 4, 2, 7, 1, 2, 1, 1, 1, 2, 3, 1, 1, 1, 1, 9, 1, 2, 2, 1, 1, 1, 1, 1, 1,
  1, 1, 1, 1, 8, 1, 2, 51, 1, 1, 1, 2, 3, 10, 1, 2, 1, 1, 1, 1, 1, 2, 1, 1, 9, 1, 14, 1, 5, 1, 4, 1, 18, 2, 2,
  1, 2, 1, 19, 1, 1, 2, 18, 1, 1, 1, 3, 1, 2, 1, 1, 1, 1, 2, 1, 1, 1, 1, 2, 1, 1, 1, 5, 1, 2, 1, 1, 1, 3, 1, 3,
  3, 1, 1, 1, 2, 1, 1, 1, 3, 51, 1, 1, 1, 2, 1, 2, 12, 1, 1, 1, 1, 1, 1, 1, 2, 1, 33, 1, 1, 19, 2, 5, 1, 20, 1,
  1, 5, 1, 19, 1, 2, 1, 4, 1, 2, 1, 1, 1, 2, 1, 4, 1, 1, 3, 6, 1, 3, 1, 1, 3, 1, 2, 3, 1, 1, 48, 1, 1, 1, 1, 1,
  2, 4, 11, 1, 5, 1, 1, 9, 1, 8, 1, 45, 1, 20, 1, 14, 1, 7, 1, 4, 1, 2, 1, 1, 1, 1, 3, 1, 1, 3, 5, 1, 2, 3, 1,
  1, 1, 3, 1, 1, 3, 2, 1, 6, 3, 48, 1, 1, 1, 2, 5, 1, 31, 1, 25, 1, 22, 1, 1, 40, 1, 1, 2, 6, 1, 1, 1, 1, 2, 2,
  4, 3, 1, 1, 1, 2, 1, 1, 1, 1, 1, 1, 1, 1, 1, 8, 9, 1, 50, 1, 1, 1, 1, 1, 1, 6, 1, 16, 1, 97, 1, 2, 3, 10, 1,
  1, 1, 1, 1, 1, 1, 1, 1, 1, 5, 1, 1, 1, 1, 1, 1, 2, 1, 2, 1, 1, 9, 8, 1, 1, 50, 1, 1, 1, 1, 4, 1, 44, 1, 73,
  1, 1, 1, 1, 2, 1, 1, 1, 1, 6, 1, 1, 1, 3, 4, 3, 1, 1, 2, 1, 1, 1, 1, 1, 2, 2, 1, 1, 9, 9, 51, 1, 1, 1, 1, 9,
  1, 2, 1, 1, 1, 107, 2, 2, 3, 8, 1, 1, 1, 1, 5, 8, 2, 1, 1, 1, 3, 1, 1, 1, 11, 8, 52, 1, 2, 53, 2, 65, 1, 4,
  3, 19, 2, 1, 1, 4, 1, 1, 1, 1, 1, 2, 1, 1, 1, 1, 1, 1, 1, 3, 2, 2, 9, 51, 1, 1, 1, 16, 1, 103, 1, 6, 1, 5, 1,
  16, 1, 7, 1, 2, 3, 1, 1, 2, 2, 1, 4, 1, 1, 9, 51, 1, 1, 1, 15, 1, 7, 1, 3, 1, 99, 1, 1, 1, 18, 2, 1, 1, 1, 1,
  3, 1, 1, 3, 2, 1, 1, 2, 1, 8, 7, 1, 1, 50, 1, 1, 7, 1, 11, 1, 10, 2, 121, 1, 1, 1, 1, 1, 1, 1, 4, 3, 1, 2, 1,
  9, 6, 2, 47, 1, 1, 1, 1, 1, 136, 1, 1, 1, 22, 1, 4, 2, 1, 1, 1, 1, 1, 1, 7, 4, 3, 47, 1, 1, 1, 2, 1, 17, 1,
  117, 1, 1, 1, 15, 2, 13, 1, 1, 1, 1, 2, 5, 5, 3, 47, 1, 1, 1, 1, 138, 1, 30, 2, 1, 1, 1, 1, 1, 5, 5, 3, 20,
  2, 1, 1, 1, 1, 1, 1, 1, 18, 1, 1, 1, 3, 1, 23, 1, 65, 1, 59, 1, 1, 1, 16, 1, 1, 1, 1, 1, 1, 4, 5, 4, 18, 1,
  1, 1, 1, 1, 3, 4, 16, 1, 1, 1, 26, 1, 145, 2, 1, 1, 1, 1, 5, 4, 5, 15, 2, 1, 1, 1, 1, 1, 1, 1, 1, 6, 14, 1,
  1, 1, 1, 1, 1, 169, 1, 1, 1, 1, 1, 1, 5, 4, 7, 11, 6, 14, 12, 1, 1, 1, 166, 1, 7, 1, 1, 1, 1, 5, 1, 1, 2, 4,
  3, 9, 2, 4, 18, 10, 1, 1, 1, 3, 1, 1, 1, 125, 1, 20, 1, 1, 19, 1, 1, 1, 1, 1, 5, 1, 1, 2, 4, 3, 4, 1, 4, 1,
  1, 4, 22, 1, 1, 4, 1, 1, 1, 1, 7, 1, 122, 1, 24, 1, 8, 1, 7, 1, 1, 1, 1, 1, 5, 4, 5, 2, 4, 1, 4, 1, 5, 21, 7,
  1, 1, 1, 1, 1, 1, 148, 2, 2, 1, 17, 1, 1, 1, 1, 7, 3, 5, 2, 4, 1, 10, 8, 1, 13, 6, 1, 1, 1, 1, 1, 135, 1, 14,
  1, 1, 2, 18, 1, 1, 1, 7, 2, 6, 2, 4, 1, 5, 1, 4, 22, 5, 1, 1, 1, 1, 1, 136, 1, 12, 1, 17, 1, 4, 1, 1, 1, 1,
  1, 6, 1, 8, 1, 4, 1, 5, 1, 4, 21, 7, 1, 1, 1, 1, 1, 132, 1, 17, 1, 17, 1, 2, 1, 1, 1, 1, 1, 7, 1, 1, 6, 1, 4,
  2, 4, 1, 4, 20, 8, 1, 1, 1, 1, 133, 1, 1, 1, 33, 2, 1, 1, 1, 1, 1, 1, 7, 3, 5, 1, 4, 2, 9, 6, 1, 7, 1, 2, 1,
  10, 1, 1, 1, 5, 1, 130, 1, 27, 1, 3, 1, 5, 1, 1, 1, 1, 8, 2, 1, 9, 2, 9, 8, 1, 2, 2, 1, 9, 1, 1, 1, 1, 1, 1,
  1, 1, 1, 1, 1, 143, 1, 20, 1, 3, 2, 1, 1, 1, 1, 1, 5, 1, 2, 1, 1, 10, 2, 9, 7, 4, 1, 9, 2, 1, 4, 1, 1, 1, 1,
  1, 1, 1, 91, 1, 71, 2, 4, 1, 1, 1, 1, 1, 8, 1, 1, 1, 10, 1, 8, 8, 1, 1, 2, 2, 2, 1, 1, 1, 2, 1, 3, 1, 1, 1,
  1, 1, 1, 1, 1, 1, 1, 1, 122, 2, 6, 1, 1, 28, 2, 2, 1, 1, 1, 1, 2, 1, 1, 1, 1, 3, 2, 4, 1, 1, 1, 18, 7, 1, 1,
  1, 2, 1, 2, 5, 1, 1, 2, 1, 1, 2, 1, 1, 1, 1, 1, 1, 1, 1, 63, 1, 23, 1, 1, 1, 68, 2, 6, 3, 1, 1, 1, 1, 1, 5,
  2, 1, 1, 1, 1, 18, 8, 1, 1, 1, 2, 1, 2, 1, 1, 4, 1, 1, 2, 1, 1, 2, 1, 1, 1, 2, 1, 87, 1, 3, 1, 32, 1, 28, 1,
  6, 1, 6, 3, 1, 1, 1, 1, 1, 6, 1, 1, 1, 19, 10, 1, 2, 4, 1, 1, 4, 1, 1, 1, 1, 1, 3, 1, 3, 1, 1, 1, 1, 85, 1,
  1, 34, 1, 1, 1, 35, 1, 1, 1, 1, 1, 3, 1, 1, 1, 1, 1, 1, 1, 2, 2, 4, 1, 1, 1, 15, 2, 1, 6, 4, 1, 2, 1, 1, 1,
  1, 1, 1, 1, 1, 1, 1, 1, 3, 2, 2, 1, 2, 1, 1, 1, 85, 1, 1, 1, 33, 1, 32, 1, 5, 1, 1, 4, 1, 1, 1, 1, 5, 1, 2,
  2, 19, 12, 2, 1, 1, 1, 1, 1, 1, 1, 1, 1, 1, 1, 1, 1, 1, 1, 1, 1, 1, 4, 1, 1, 1, 2, 1, 84, 1, 43, 1, 24, 1, 2,
  1, 7, 1, 1, 1, 1, 1, 1, 2, 1, 1, 1, 1, 1, 1, 1, 1, 3, 1, 7, 3, 4, 12, 1, 1, 3, 2, 1, 1, 1, 2, 1, 1, 1, 1, 7,
  1, 1, 1, 1, 2, 1, 1, 1, 1, 81, 1, 32, 1, 35, 1, 2, 1, 1, 6, 1, 1, 1, 1, 1, 1, 1, 5, 14, 4, 4, 3, 1, 6, 1, 1,
  1, 3, 1, 3, 1, 1, 1, 3, 1, 1, 6, 1, 1, 1, 1, 1, 2, 2, 1, 1, 1, 84, 1, 2, 1, 61, 1, 2, 1, 1, 6, 1, 1, 1, 1, 1,
  1, 1, 1, 1, 6, 3, 2, 6, 4, 4, 10, 1, 1, 1, 2, 3, 2, 1, 1, 2, 1, 1, 1, 1, 8, 1, 1, 1, 1, 1, 1, 1, 1, 1, 1,
  124, 1, 19, 1, 3, 1, 1, 1, 1, 1, 6, 3, 1, 1, 1, 1, 2, 1, 1, 1, 1, 1, 2, 11, 4, 4, 9, 2, 1, 5, 1, 1, 1, 1, 1,
  2, 1, 1, 8, 1, 3, 1, 1, 1, 1, 1, 2, 1, 141, 1, 6, 2, 1, 2, 1, 1, 1, 1, 1, 4, 1, 2, 1, 1, 1, 1, 1, 1, 1, 1, 1,
  2, 1, 9, 18, 1, 1, 1, 4, 1, 1, 1, 1, 1, 1, 3, 1, 12, 1, 1, 1, 1, 1, 1, 1, 107, 1, 35, 2, 2, 1, 1, 1, 1, 1, 1,
  2, 2, 1, 2, 2, 1, 1, 1, 6, 1, 1, 4, 1, 4, 4, 18, 1, 1, 1, 1, 3, 1, 1, 1, 1, 1, 1, 1, 1, 12, 1, 1, 1, 1, 1, 1,
  2, 1, 1, 1, 1, 2, 1, 15, 1, 86, 1, 1, 27, 1, 1, 1, 1, 1, 1, 1, 1, 1, 2, 1, 1, 1, 4, 4, 3, 1, 1, 1, 1, 1, 4,
  1, 1, 1, 1, 3, 2, 6, 20, 2, 2, 1, 2, 1, 1, 2, 15, 1, 1, 1, 1, 1, 2, 1, 1, 1, 1, 1, 1, 1, 70, 5, 1, 1, 1, 17,
  2, 1, 1, 1, 1, 33, 1, 8, 1, 1, 3, 1, 3, 2, 2, 1, 1, 1, 1, 1, 1, 1, 1, 1, 1, 1, 1, 1, 1, 1, 9, 3, 1, 6, 1, 8,
  1, 1, 1, 1, 1, 1, 1, 1, 1, 1, 1, 1, 15, 1, 1, 1, 11, 1, 69, 7, 1, 2, 14, 1, 1, 5, 1, 1, 1, 29, 1, 1, 1, 3, 1,
  3, 1, 1, 1, 4, 1, 2, 2, 1, 1, 1, 1, 2, 1, 1, 1, 1, 1, 2, 1, 1, 1, 1, 1, 2, 2, 1, 4, 1, 8, 2, 2, 4, 1, 1, 3,
  1, 1, 1, 1, 1, 28, 2, 1, 70, 8, 1, 1, 1, 1, 1, 1, 9, 1, 1, 6, 1, 1, 1, 38, 1, 1, 1, 1, 10, 1, 1, 1, 1, 1, 1,
  1, 1, 1, 1, 1, 1, 1, 1, 1, 1, 4, 1, 1, 6, 1, 8, 1, 3, 2, 1, 1, 1, 2, 1, 1, 1, 1, 3, 2, 6, 1, 89, 2, 7, 1, 1,
  1, 1, 1, 11, 4, 1, 1, 1, 1, 1, 1, 20, 1, 2, 1, 12, 2, 1, 1, 1, 3, 9, 2, 1, 1, 1, 1, 1, 2, 1, 1, 1, 1, 1, 1,
  4, 7, 1, 1, 1, 10, 1, 1, 1, 1, 1, 1, 1, 1, 1, 1, 1, 1, 1, 1, 1, 1, 97, 8, 1, 1, 2, 1, 1, 1, 8, 1, 4, 1, 1, 1,
  1, 4, 18, 1, 1, 2, 1, 1, 15, 4, 1, 8, 1, 1, 1, 1, 1, 3, 1, 1, 1, 1, 1, 1, 1, 1, 1, 2, 1, 1, 3, 1, 10, 1, 3,
  1, 1, 1, 2, 1, 1, 1, 1, 1, 1, 9, 1, 92, 8, 1, 1, 2, 1, 2, 2, 1, 11, 1, 1, 1, 1, 1, 2, 18, 3, 2, 1, 14, 2, 3,
  1, 8, 1, 1, 1, 1, 1, 2, 1, 2, 1, 1, 1, 1, 1, 2, 2, 1, 2, 6, 1, 7, 1, 2, 1, 2, 1, 1, 1, 1, 1, 1, 1, 2, 31, 1,
  69, 8, 2, 2, 17, 1, 1, 1, 1, 2, 1, 34, 1, 5, 1, 1, 1, 1, 5, 1, 3, 1, 1, 1, 1, 2, 2, 2, 1, 1, 1, 1, 1, 1, 3,
  9, 1, 1, 1, 7, 1, 1, 1, 1, 1, 1, 1, 1, 1, 3, 50, 1, 50, 10, 2, 7, 1, 2, 1, 1, 1, 1, 1, 1, 1, 1, 2, 1, 3, 1,
  16, 1, 26, 1, 2, 1, 2, 1, 1, 1, 1, 2, 2, 1, 2, 2, 2, 1, 2, 1, 1, 1, 1, 18, 3, 1, 1, 1, 1, 1, 1, 1, 2, 1, 102,
  9, 1, 1, 1, 1, 3, 1, 3, 1, 3, 1, 2, 1, 2, 1, 1, 1, 1, 1, 17, 1, 21, 1, 7, 1, 1, 1, 1, 1, 1, 1, 1, 5, 1, 1, 3,
  1, 1, 1, 1, 3, 6, 1, 4, 1, 6, 3, 1, 1, 1, 1, 1, 1, 1, 2, 1, 103, 8, 1, 1, 1, 1, 4, 2, 5, 1, 1, 1, 1, 1, 3, 6,
  1, 14, 2, 11, 1, 6, 1, 1, 5, 1, 1, 2, 1, 2, 3, 1, 6, 3, 1, 1, 1, 1, 2, 1, 1, 6, 1, 1, 1, 1, 1, 1, 1, 4, 3, 1,
  1, 1, 1, 1, 1, 4, 105, 6, 1, 3, 1, 2, 1, 1, 1, 2, 1, 2, 2, 1, 1, 1, 1, 1, 2, 1, 52, 1, 5, 1, 1, 1, 3, 2, 1,
  1, 1, 1, 3, 9, 1, 7, 1, 3, 1, 1, 1, 1, 1, 2, 1, 1, 107, 2, 1, 2, 6, 1, 1, 1, 2, 3, 1, 4, 1, 1, 1, 5, 1, 22,
  1, 7, 1, 27, 1, 1, 1, 1, 1, 1, 1, 1, 1, 4, 1, 1, 1, 1, 3, 1, 8, 1, 2, 1, 1, 1, 1, 1, 1, 2, 35, 1, 73, 1, 2,
  1, 3, 4, 1, 1, 1, 1, 2, 2, 1, 1, 4, 2, 1, 1, 20, 1, 20, 2, 17, 1, 1, 2, 1, 2, 1, 1, 1, 1, 3, 4, 2, 1, 1, 1,
  1, 2, 1, 6, 1, 1, 1, 1, 1, 1, 1, 2, 52, 2, 54, 1, 2, 1, 1, 1, 5, 1, 1, 1, 1, 2, 13, 1, 24, 1, 30, 1, 8, 1, 1,
  1, 1, 1, 1, 3, 7, 3, 7, 1, 1, 2, 1, 1, 1, 1, 1, 2, 1, 107, 1, 1, 2, 1, 3, 6, 2, 1, 1, 1, 1, 38, 1, 18, 2, 1,
  1, 1, 3, 1, 1, 1, 1, 1, 5, 1, 1, 1, 2, 1, 2, 1, 1, 4, 1, 1, 1, 7, 1, 1, 2, 1, 1, 1, 1, 1, 1, 1, 1, 1, 1, 17,
  1, 18, 1, 70, 1, 1, 1, 1, 1, 1, 1, 1, 1, 1, 3, 1, 3, 1, 1, 1, 1, 18, 1, 19, 1, 11, 2, 11, 2, 1, 1, 4, 1, 4,
  1, 2, 1, 1, 1, 1, 2, 1, 6, 1, 6, 1, 1, 1, 1, 2, 1, 1, 1, 1, 2, 20, 1, 1, 1, 30, 1, 57, 1, 1, 3, 3, 1, 1, 1,
  6, 1, 1, 1, 22, 1, 8, 1, 3, 1, 4, 1, 5, 1, 1, 9, 2, 3, 1, 3, 2, 1, 1, 1, 3, 1, 1, 1, 1, 1, 1, 1, 2, 3, 5, 1,
  5, 4, 1, 1, 1, 1, 1, 1, 2, 1, 1, 7, 1, 4, 1, 5, 3, 23, 1, 64, 2, 4, 1, 5, 1, 6, 1, 16, 1, 3, 1, 26, 1, 2, 1,
  4, 1, 1, 1, 1, 3, 1, 1, 7, 1, 2, 1, 1, 1, 1, 2, 4, 1, 10, 1, 2, 1, 1, 1, 2, 1, 1, 1, 1, 2, 2, 19, 1, 26, 1,
  76, 3, 25, 1, 14, 1, 11, 1, 2, 2, 1, 1, 2, 2, 1, 2, 1, 2, 1, 1, 1, 1, 1, 3, 1, 2, 1, 1, 1, 6, 1, 11, 1, 3, 1,
  1, 1, 1, 1, 2, 1, 1, 4, 1, 115, 1, 32, 1, 17, 1, 1, 1, 5, 1, 7, 1, 4, 1, 1, 5, 2, 2, 1, 2, 1, 2, 18, 1, 1, 2,
  1, 1, 2, 1, 1, 1, 1, 1, 1, 1, 2, 4, 1, 26, 1, 85, 1, 30, 1, 1, 1, 7, 1, 3, 1, 3, 2, 1, 3, 1, 3, 1, 1, 2, 1,
  2, 1, 5, 1, 1, 1, 1, 2, 1, 3, 1, 1, 1, 1, 2, 14, 1, 3, 1, 1, 1, 1, 1, 1, 1, 1, 1, 3, 1, 1, 2, 1, 1, 7, 2, 17,
  1, 1, 1, 3, 2, 9, 1, 68, 1, 2, 1, 18, 1, 13, 1, 9, 1, 5, 1, 1, 1, 1, 4, 1, 1, 1, 1, 1, 1, 1, 1, 1, 1, 1, 5,
  1, 1, 1, 1, 1, 5, 1, 2, 1, 2, 18, 1, 2, 1, 1, 1, 1, 1, 1, 1, 1, 1, 1, 1, 1, 1, 1, 1, 1, 1, 6, 1, 2, 1, 15, 1,
  83, 1, 7, 2, 12, 1, 34, 1, 1, 1, 1, 3, 1, 1, 1, 1, 1, 1, 1, 6, 1, 1, 4, 1, 2, 1, 1, 2, 1, 2, 1, 1, 12, 1, 3,
  1, 1, 1, 1, 1, 1, 1, 1, 1, 3, 1, 1, 1, 1, 1, 2, 6, 1, 1, 17, 2, 1, 1, 10, 2, 36, 1, 41, 1, 44, 2, 1, 2, 5, 1,
  1, 2, 1, 1, 1, 7, 1, 2, 3, 1, 2, 1, 1, 1, 1, 2, 16, 1, 2, 1, 2, 1, 1, 1, 1, 1, 1, 1, 2, 1, 1, 1, 2, 2, 1, 5,
  1, 13, 1, 2, 1, 3, 2, 1, 1, 1, 1, 1, 1, 1, 5, 2, 32, 1, 76, 1, 3, 1, 5, 1, 1, 2, 1, 1, 5, 1, 1, 1, 1, 1, 2,
  1, 6, 2, 4, 1, 1, 1, 1, 1, 1, 1, 1, 2, 1, 1, 1, 4, 1, 3, 1, 3, 4, 1, 1, 1, 1, 1, 1, 1, 1, 1, 2, 1, 3, 2, 1,
  6, 1, 17, 1, 4, 1, 3, 1, 1, 1, 2, 1, 37, 1, 31, 1, 10, 1, 43, 1, 1, 2, 1, 5, 2, 1, 1, 2, 2, 1, 2, 1, 8, 1, 1,
  1, 1, 1, 2, 1, 11, 1, 1, 1, 5, 5, 2, 1, 1, 1, 1, 2, 2, 1, 1, 1, 2, 1, 19, 1, 3, 2, 1, 1, 3, 1, 5, 18, 1, 21,
  1, 3, 1, 1, 72, 2, 1, 1, 2, 1, 2, 1, 8, 1, 1, 1, 2, 1, 1, 3, 2, 6, 1, 1, 1, 1, 1, 1, 1, 2, 2, 2, 8, 1, 3, 1,
  3, 1, 3, 3, 1, 1, 1, 1, 1, 1, 1, 2, 1, 3, 1, 1, 1, 1, 18, 1, 1, 1, 1, 1, 3, 1, 1, 2, 1, 1, 1, 1, 39, 1, 2, 3,
  66, 1, 1, 1, 4, 1, 1, 1, 1, 1, 1, 1, 1, 1, 8, 2, 1, 2, 1, 5, 2, 1, 1, 1, 1, 1, 1, 1, 1, 1, 1, 4, 22, 5, 1, 1,
  1, 1, 1, 2, 1, 1, 1, 1, 2, 1, 1, 1, 1, 18, 1, 1, 1, 1, 1, 1, 1, 2, 1, 1, 1, 1, 1, 1, 1, 5, 1, 33, 1, 1, 1, 2,
  2, 1, 1, 1, 21, 1, 3, 1, 34, 2, 1, 1, 1, 1, 1, 1, 1, 3, 1, 2, 2, 1, 2, 1, 1, 1, 3, 2, 1, 1, 1, 1, 2, 1, 1, 1,
  1, 1, 3, 1, 2, 1, 1, 1, 1, 2, 1, 1, 23, 3, 1, 1, 1, 1, 1, 1, 1, 1, 1, 1, 1, 1, 1, 1, 1, 1, 1, 1, 1, 1, 1, 1,
  5, 1, 1, 1, 1, 2, 1, 1, 1, 2, 2, 1, 2, 1, 1, 1, 1, 1, 1, 1, 1, 2, 1, 2, 1, 1, 1, 3, 14, 1, 14, 1, 1, 1, 3, 2,
  1, 1, 17, 1, 1, 1, 6, 1, 28, 2, 4, 2, 1, 1, 1, 1, 2, 2, 9, 1, 1, 1, 3, 1, 1, 1, 1, 4, 1, 3, 1, 1, 2, 1, 1, 1,
  1, 1, 1, 1, 2, 1, 2, 1, 11, 1, 1, 1, 6, 2, 3, 1, 1, 1, 1, 1, 1, 1, 1, 2, 1, 1, 1, 1, 1, 1, 1, 1, 1, 1, 9, 1,
  2, 1, 1, 1, 1, 1, 1, 1, 1, 1, 1, 1, 1, 1, 1, 1, 1, 2, 1, 1, 1, 1, 1, 24, 1, 9, 1, 1, 1, 1, 1, 1, 1, 2, 1, 1,
  15, 3, 1, 1, 1, 1, 1, 24, 1, 5, 1, 1, 2, 5, 1, 1, 1, 2, 2, 1, 1, 9, 1, 2, 1, 1, 1, 1, 1, 1, 1, 3, 1, 3, 1, 1,
  2, 1, 1, 4, 1, 2, 1, 1, 1, 1, 10, 1, 1, 1, 9, 6, 1, 1, 1, 1, 1, 1, 2, 2, 1, 2, 1, 2, 1, 1, 1, 1, 2, 1, 3, 1,
  4, 1, 1, 1, 3, 1, 1, 1, 1, 2, 1, 1, 1, 1, 1, 1, 1, 1, 2, 1, 2, 1, 6, 1, 4, 1, 4, 1, 2, 1, 9, 1, 1, 1, 1, 4,
  1, 1, 1, 1, 13, 5, 1, 1, 1, 1, 1, 1, 1, 2, 1, 21, 1, 1, 1, 1, 1, 1, 1, 1, 5, 1, 1, 1, 1, 1, 1, 1, 2, 5, 1, 2,
  3, 1, 1, 1, 1, 2, 1, 3, 1, 1, 3, 1, 1, 1, 1, 1, 1, 1, 4, 13, 1, 2, 1, 3, 1, 8, 5, 1, 1, 1, 1, 1, 2, 1, 1, 1,
  3, 1, 1, 1, 1, 1, 2, 2, 2, 1, 1, 2, 1, 2, 2, 2, 1, 1, 1, 1, 1, 1, 1, 2, 1, 2, 2, 1, 1, 1, 1, 1, 1, 1, 1, 9,
  1, 4, 1, 1, 10, 1, 1, 1, 1, 1, 1, 1, 2, 1, 2, 1, 1, 1, 12, 1, 7, 1, 1, 1, 2, 13, 1, 11, 3, 1, 1, 4, 1, 3, 1,
  1, 12, 6, 1, 1, 1, 1, 1, 1, 3, 1, 3, 1, 1, 1, 1, 1, 2, 1, 1, 7, 8, 1, 2, 1, 1, 1, 6, 1, 3, 2, 1, 1, 2, 3, 1,
  2, 2, 1, 1, 3, 1, 2, 2, 1, 2, 2, 1, 1, 1, 4, 2, 2, 1, 1, 2, 2, 1, 3, 2, 4, 1, 1, 1, 1, 1, 2, 1, 1, 1, 24, 1,
  1, 1, 1, 1, 1, 1, 4, 2, 7, 6, 5, 2, 1, 1, 6, 1, 1, 1, 20, 2, 1, 1, 1, 4, 1, 2, 2, 12, 1, 1, 2, 1, 1, 1, 1, 1,
  1, 1, 1, 1, 1, 1, 1, 3, 1, 1, 1, 1, 1, 1, 2, 1, 1, 4, 15, 1, 2, 2, 3, 1, 2, 1, 1, 1, 3, 1, 2, 1, 1, 1, 1, 1,
  1, 1, 1, 1, 1, 1, 1, 2, 1, 2, 1, 3, 1, 1, 1, 1, 1, 1, 1, 2, 1, 1, 1, 2, 3, 1, 3, 2, 5, 1, 1, 1, 2, 1, 2, 1,
  1, 1, 1, 1, 1, 3, 2, 2, 1, 9, 3, 1, 1, 1, 2, 2, 1, 1, 3, 7, 6, 3, 3, 1, 2, 1, 1, 2, 2, 1, 1, 2, 7, 1, 9, 1,
  1, 1, 1, 1, 2, 12, 1, 3, 1, 3, 1, 1, 1, 1, 1, 1, 2, 1, 1, 1, 1, 2, 1, 2, 4, 1, 1, 1, 1, 1, 1, 2, 1, 1, 1, 2,
  2, 11, 1, 1, 1, 2, 1, 8, 1, 2, 1, 1, 2, 1, 2, 1, 1, 1, 1, 1, 1, 1, 1, 1, 1, 1, 2, 1, 2, 2, 1, 1, 1, 2, 1, 2,
  1, 1, 1, 3, 1, 8, 1, 6, 1, 1, 2, 1, 1, 1, 1, 1, 1, 1, 1, 1, 1, 8, 1, 5, 3, 1, 2, 1, 1, 1, 5, 1, 3, 13, 3, 5,
  1, 2, 1, 1, 1, 1, 1, 1, 1, 7, 1, 2, 1, 3, 1, 3, 1, 2, 1, 1, 11, 2, 2, 1, 1, 2, 1, 1, 1, 2, 1, 1, 1, 1, 1, 1,
  1, 1, 1, 1, 1, 1, 1, 2, 1, 1, 1, 1, 1, 1, 1, 1, 2, 3, 3, 1, 4, 1, 5, 1, 17, 1, 1, 2, 2, 2, 1, 3, 1, 1, 1, 1,
  1, 1, 1, 1, 1, 1, 3, 1, 2, 3, 1, 1, 1, 1, 1, 1, 1, 17, 1, 1, 2, 1, 1, 1, 1, 2, 1, 1, 1, 9, 1, 3, 1, 2, 1, 1,
  1, 1, 2, 2, 5, 3, 2, 14, 6, 1, 1, 1, 1, 1, 1, 1, 1, 1, 1, 1, 1, 7, 1, 7, 1, 1, 1, 2, 1, 1, 9, 2, 1, 1, 3, 1,
  2, 1, 1, 1, 6, 1, 1, 1, 2, 1, 1, 2, 1, 4, 1, 1, 1, 1, 1, 2, 1, 1, 1, 2, 11, 1, 3, 1, 20, 2, 1, 1, 3, 1, 1, 1,
  1, 1, 1, 2, 2, 1, 1, 1, 1, 2, 1, 1, 1, 1, 1, 2, 1, 1, 22, 1, 1, 1, 1, 2, 1, 2, 1, 1, 1, 1, 1, 1, 3, 1, 2, 2,
  2, 1, 1, 5, 4, 3, 3, 2, 12, 1, 1, 5, 2, 1, 1, 2, 1, 2, 1, 1, 1, 2, 1, 2, 2, 1, 1, 1, 2, 1, 1, 1, 1, 1, 5, 5,
  3, 2, 1, 1, 1, 2, 1, 2, 3, 2, 1, 2, 1, 1, 1, 1, 1, 1, 1, 1, 1, 1, 1, 4, 1, 1, 1, 1, 1, 1, 1, 3, 1, 1, 12, 1,
  24, 1, 1, 1, 3, 1, 1, 1, 1, 1, 1, 1, 2, 1, 3, 1, 1, 5, 1, 1, 1, 1, 29, 1, 3, 1, 1, 1, 6, 1, 1, 1, 2, 2, 1, 1,
  1, 1, 2, 4, 4, 2, 2, 12, 1, 2, 1, 1, 1, 1, 1, 1, 1, 1, 1, 1, 2, 6, 1, 2, 1, 1, 4, 3, 2, 1, 3, 1, 1, 2, 6, 1,
  1, 1, 1, 1, 1, 2, 1, 2, 3, 3, 1, 1, 1, 1, 1, 2, 1, 1, 1, 1, 1, 2, 2, 1, 1, 1, 1, 1, 1, 2, 6, 1, 1, 1, 4, 1,
  2, 5, 3, 2, 1, 1, 1, 3, 1, 1, 1, 1, 5, 3, 1, 1, 2, 1, 1, 1, 1, 2, 1, 1, 1, 1, 1, 1, 2, 4, 1, 1, 1, 1, 1, 1,
  3, 2, 25, 1, 1, 2, 1, 1, 1, 1, 1, 5, 2, 2, 1, 1, 1, 3, 4, 2, 4, 2, 13, 1, 2, 3, 1, 1, 4, 1, 2, 1, 6, 1, 1, 1,
  1, 2, 1, 2, 2, 3, 1, 2, 7, 2, 1, 2, 1, 1, 3, 2, 1, 4, 4, 1, 2, 1, 1, 1, 5, 1, 1, 1, 2, 2, 1, 4, 1, 1, 2, 1,
  2, 2, 1, 3, 2, 5, 3, 3, 1, 1, 11, 2, 1, 1, 1, 1, 1, 2, 2, 1, 2, 1, 6, 2, 2, 1, 2, 2, 1, 1, 13, 1, 16, 1, 11,
  3, 1, 2, 2, 2, 6, 2, 2, 2, 2, 10, 1, 1, 1, 1, 1, 1, 3, 1, 1, 3, 1, 2, 1, 2, 1, 2, 9, 1, 1, 1, 3, 2, 3, 1, 4,
  3, 1, 2, 1, 1, 1, 1, 1, 2, 2, 1, 3, 1, 1, 1, 1, 2, 1, 1, 1, 1, 1, 1, 2, 5, 1, 2, 5, 1, 7, 1, 12, 1, 2, 1, 3,
  2, 1, 1, 1, 2, 1, 7, 3, 1, 6, 5, 1, 1, 3, 1, 1, 1, 1, 1, 15, 2, 1, 2, 1, 11, 1, 2, 4, 5, 8, 1, 1, 1, 9, 2, 1,
  1, 10, 1, 2, 1, 1, 1, 5, 1, 3, 2, 2, 4, 1, 3, 1, 1, 1, 1, 2, 1, 8, 1, 3, 1, 10, 1, 3, 1, 1, 2, 1, 1, 1, 2, 1,
  1, 1, 1, 84, 1, 1, 1, 1, 5, 1, 1, 1, 1, 1, 3, 2, 1, 1, 1, 2, 1, 1, 1, 1, 1, 8, 1, 1, 3, 1, 2, 1, 1, 1, 5, 1,
  5, 9, 4, 10, 1, 2, 1, 2, 3, 2, 1, 4, 1, 18, 3, 2, 1, 1, 1, 2, 1, 1, 5, 2, 3, 1, 4, 4, 1, 2, 1, 1, 1, 1, 85,
  1, 1, 1, 1, 1, 1, 1, 2, 3, 1, 1, 1, 2, 2, 1, 2, 2, 2, 1, 1, 2, 2, 1, 2, 1, 1, 1, 1, 2, 4, 1, 1, 2, 1, 4, 1,
  3, 1, 1, 3, 5, 2, 2, 10, 3, 1, 2, 3, 2, 1, 2, 1, 1, 1, 1, 1, 3, 1, 1, 2, 1, 1, 1, 2, 1, 3, 1, 1, 1, 1, 1, 1,
  1, 2, 8, 2, 3, 1, 1, 2, 1, 1, 2, 2, 1, 1, 1, 1, 1, 1, 10, 2, 61, 2, 10, 1, 1, 1, 1, 1, 1, 2, 5, 1, 2, 2, 1,
  1, 2, 2, 2, 1, 2, 2, 2, 1, 1, 1, 2, 1, 1, 6, 2, 5, 2, 3, 2, 3, 5, 2, 2, 11, 2, 1, 2, 5, 5, 2, 1, 1, 3, 15, 1,
  3, 1, 1, 3, 5, 3, 1, 1, 1, 2, 1, 2, 1, 1, 1, 1, 3, 1, 1, 1, 10, 2, 61, 2, 10, 1, 1, 1, 1, 1, 2, 1, 1, 1, 1,
  1, 3, 1, 2, 1, 1, 2, 4, 5, 1, 6, 1, 14, 1, 2, 2, 2, 3, 5, 2, 1, 12, 1, 1, 1, 2, 5, 5, 6, 1, 15, 2, 1, 1, 2,
  3, 5, 3, 1, 2, 3, 1, 1, 1, 6, 1, 1, 1, 10, 2, 61, 2, 10, 1, 1, 1, 1, 3, 2, 1, 6, 1, 1, 1, 1, 2, 4, 5, 1, 4,
  1, 1, 1, 14, 1, 6, 3, 5, 2, 1, 12, 2, 1, 2, 5, 5, 2, 1, 2, 1, 1, 24, 5, 3, 2, 1, 1, 1, 1, 1, 1, 1, 1, 1, 2,
  2, 1, 1, 1, 85, 1, 1, 1, 1, 1, 1, 1, 1, 1, 1, 1, 2, 1, 3, 1, 1, 1, 2, 4, 5, 1, 1, 5, 1, 14, 1, 6, 3, 5, 2, 1,
  12, 2, 1, 2, 10, 7, 15, 7, 4, 3, 1, 1, 1, 1, 1, 1, 1, 2, 3, 1, 2, 1, 2, 1, 1, 1, 85, 1, 1, 1, 1, 2, 1, 1, 2,
  1, 1, 1, 5, 1, 1, 2, 9, 8, 14, 7, 5, 3, 1, 1, 1, 13, 1, 1, 2, 10, 7, 15, 7, 4, 3, 1, 1, 1, 1, 1, 1, 4, 1, 1,
  2, 2, 1, 1, 1, 1, 1, 85, 1, 1, 1, 1, 1, 1, 4, 2, 3, 1, 2, 1, 1, 2, 9, 8, 14, 7, 5, 3, 1, 2, 13, 1, 1, 1, 1,
  3, 38, 2, 1, 1, 1, 1, 5, 1, 3, 2, 2, 1, 1, 1, 1, 1, 1, 3, 4, 1, 2, 1, 1, 2, 1, 16, 1, 16, 2, 12, 1, 2, 1, 12,
  1, 1, 1, 1, 2, 1, 1, 1, 1, 1, 1, 2, 2, 1, 1, 1, 7, 1, 1, 1, 1, 2, 39, 2, 1, 2, 4, 14, 1, 1, 3, 38, 2, 1, 1,
  2, 6, 3, 1, 1, 2, 2, 1, 1, 1, 1, 3, 1, 1, 7, 2, 2, 1, 1, 1, 1, 2, 1, 3, 3, 1, 1, 4, 2, 2, 1, 4, 1, 1, 1, 1,
  1, 1, 6, 1, 5, 2, 5, 1, 2, 2, 2, 5, 1, 3, 1, 1, 1, 2, 1, 2, 4, 1, 6, 3, 1, 2, 39, 2, 1, 1, 1, 2, 6, 8, 1, 1,
  1, 1, 5, 34, 2, 1, 1, 1, 2, 1, 1, 4, 6, 1, 1, 2, 1, 1, 1, 1, 1, 85, 1, 1, 1, 1, 2, 1, 4, 1, 1, 1, 2, 1, 1, 1,
  1, 1, 1, 1, 1, 2, 34, 3, 1, 1, 1, 1, 9, 10, 1, 1, 1, 1, 3, 34, 2, 1, 1, 1, 1, 1, 4, 1, 1, 2, 1, 1, 1, 6, 1,
  1, 1, 1, 85, 1, 1, 1, 1, 3, 5, 1, 2, 1, 2, 3, 2, 1, 2, 34, 3, 1, 1, 1, 1, 9, 10, 1, 1, 2, 3, 34, 2, 1, 1, 1,
  1, 1, 1, 4, 7, 5, 1, 1, 1, 1, 9, 2, 74, 1, 1, 1, 1, 1, 1, 2, 2, 3, 5, 1, 1, 1, 1, 1, 1, 2, 34, 3, 1, 1, 1, 1,
  1, 1, 7, 3, 4, 1, 1, 1, 1, 1, 1, 1, 1, 1, 1, 3, 29, 2, 1, 1, 1, 1, 2, 1, 1, 7, 2, 2, 1, 1, 1, 3, 1, 1, 1, 9,
  2, 63, 2, 9, 1, 1, 1, 1, 2, 1, 1, 2, 2, 1, 1, 4, 2, 1, 1, 1, 1, 1, 1, 3, 29, 2, 1, 1, 1, 2, 1, 2, 2, 6, 5, 1,
  1, 1, 1, 2, 1, 1, 1, 1, 1, 1, 3, 29, 2, 1, 1, 3, 1, 1, 2, 1, 1, 1, 1, 3, 1, 5, 1, 1, 1, 1, 1, 1, 9, 2, 63, 2,
  9, 1, 1, 1, 3, 1, 1, 3, 1, 1, 2, 1, 2, 1, 1, 1, 1, 1, 1, 2, 3, 29, 2, 1, 1, 1, 1, 1, 1, 1, 2, 1, 6, 5, 1, 3,
  1, 1, 1, 1, 1, 1, 1, 1, 5, 27, 2, 1, 1, 2, 1, 2, 1, 4, 2, 1, 2, 1, 1, 1, 1, 1, 1, 1, 1, 1, 1, 1, 74, 2, 9, 1,
  1, 1, 2, 1, 1, 2, 2, 4, 1, 1, 1, 1, 1, 1, 1, 2, 1, 1, 3, 29, 2, 1, 1, 2, 1, 2, 1, 1, 7, 6, 3, 1, 1, 1, 1, 1,
  1, 2, 1, 1, 3, 27, 2, 1, 3, 1, 2, 1, 2, 1, 1, 1, 2, 1, 7, 2, 1, 1, 1, 85, 1, 1, 1, 2, 1, 1, 1, 1, 1, 1, 3, 7,
  1, 1, 1, 1, 1, 2, 1, 2, 27, 2, 1, 1, 1, 1, 6, 6, 6, 1, 1, 3, 1, 1, 1, 1, 2, 2, 3, 27, 2, 1, 1, 2, 1, 1, 1, 1,
  1, 2, 2, 3, 1, 2, 2, 1, 2, 1, 1, 1, 1, 85, 1, 1, 1, 1, 1, 1, 1, 1, 1, 1, 3, 5, 1, 3, 2, 1, 3, 1, 2, 27, 2, 1,
  2, 23, 1, 1, 1, 2, 3, 1, 3, 27, 2, 1, 1, 1, 1, 1, 3, 1, 2, 2, 1, 1, 2, 1, 1, 1, 5, 2, 1, 1, 1, 1, 3, 1, 1, 1,
  1, 1, 1, 1, 8, 2, 1, 3, 1, 1, 1, 3, 1, 1, 3, 1, 4, 1, 2, 1, 2, 1, 2, 1, 1, 4, 1, 2, 1, 1, 2, 1, 2, 1, 4, 1,
  1, 3, 1, 1, 3, 1, 1, 1, 1, 1, 1, 1, 1, 1, 1, 1, 3, 2, 2, 2, 1, 3, 1, 1, 3, 1, 1, 2, 27, 2, 1, 22, 1, 4, 1, 1,
  4, 1, 3, 27, 2, 1, 1, 1, 2, 2, 2, 1, 4, 2, 4, 1, 1, 1, 2, 1, 1, 1, 1, 1, 1, 1, 1, 1, 1, 6, 1, 1, 3, 1, 1, 1,
  1, 1, 1, 1, 2, 1, 2, 1, 2, 1, 3, 1, 1, 1, 1, 1, 3, 1, 2, 1, 1, 1, 1, 1, 1, 1, 3, 1, 1, 2, 2, 1, 1, 1, 1, 1,
  1, 1, 4, 1, 3, 1, 2, 1, 1, 1, 1, 2, 1, 1, 1, 1, 2, 4, 2, 1, 3, 1, 1, 1, 1, 1, 4, 1, 2, 27, 2, 1, 34, 3, 27,
  2, 1, 1, 1, 1, 3, 2, 6, 1, 1, 4, 2, 1, 2, 1, 1, 1, 1, 1, 1, 1, 1, 1, 5, 1, 1, 13, 1, 1, 1, 1, 10, 2, 2, 1,
  14, 1, 4, 2, 2, 1, 3, 1, 1, 2, 3, 1, 1, 2, 1, 1, 1, 1, 1, 1, 4, 2, 3, 1, 2, 2, 1, 1, 2, 1, 3, 1, 1, 2, 27, 2,
  1, 25, 1, 8, 3, 27, 2, 1, 3, 4, 1, 6, 1, 3, 1, 2, 1, 1, 1, 1, 1, 1, 85, 1, 1, 1, 1, 1, 1, 2, 9, 1, 2, 2, 1,
  1, 1, 2, 1, 1, 2, 27, 2, 1, 34, 3, 27, 2, 1, 2, 1, 1, 13, 1, 1, 5, 1, 1, 1, 10, 2, 73, 1, 1, 1, 1, 2, 1, 1,
  4, 1, 7, 2, 1, 2, 1, 1, 1, 1, 2, 27, 2, 1, 33, 1, 3, 27, 2, 1, 2, 1, 1, 3, 1, 3, 1, 2, 1, 4, 1, 3, 1, 1, 1,
  1, 10, 2, 73, 1, 1, 1, 1, 1, 1, 3, 1, 2, 1, 2, 1, 1, 1, 6, 1, 3, 1, 2, 27, 2, 1, 29, 1, 4, 3, 27, 2, 1, 2, 9,
  1, 3, 1, 4, 1, 1, 1, 1, 1, 1, 1, 10, 2, 63, 2, 8, 1, 1, 1, 1, 2, 3, 2, 1, 1, 2, 2, 1, 2, 1, 1, 3, 1, 1, 1, 1,
  2, 27, 2, 1, 1, 31, 1, 1, 3, 27, 2, 1, 3, 2, 12, 1, 2, 1, 3, 1, 1, 1, 75, 2, 8, 1, 1, 1, 1, 1, 1, 1, 1, 1, 2,
  1, 1, 1, 1, 7, 6, 1, 2, 27, 2, 1, 34, 3, 27, 2, 1, 1, 1, 1, 1, 1, 10, 3, 3, 1, 2, 1, 1, 1, 85, 1, 1, 1, 1, 1,
  3, 4, 1, 2, 1, 6, 1, 1, 2, 1, 1, 1, 2, 27, 2, 1, 1, 2, 31, 3, 27, 2, 1, 2, 1, 2, 1, 1, 12, 1, 2, 1, 1, 1, 1,
  1, 85, 1, 1, 1, 1, 1, 1, 1, 1, 6, 2, 7, 1, 1, 3, 1, 2, 27, 2, 1, 1, 2, 30, 1, 3, 27, 2, 1, 2, 1, 1, 1, 1, 1,
  3, 1, 1, 3, 1, 1, 1, 2, 1, 1, 1, 1, 1, 1, 1, 1, 2, 1, 1, 1, 1, 1, 1, 1, 1, 1, 6, 1, 1, 2, 1, 1, 1, 5, 1, 2,
  1, 16, 1, 7, 1, 12, 3, 1, 1, 1, 1, 2, 1, 1, 1, 1, 1, 1, 1, 1, 1, 1, 2, 1, 1, 1, 1, 1, 4, 1, 5, 1, 1, 3, 1, 1,
  2, 27, 2, 1, 2, 1, 1, 1, 29, 3, 27, 2, 1, 3, 1, 2, 10, 1, 2, 1, 3, 2, 1, 1, 2, 1, 1, 2, 1, 6, 1, 16, 1, 4, 3,
  4, 19, 1, 10, 1, 3, 1, 1, 1, 1, 2, 1, 1, 1, 1, 1, 1, 2, 2, 1, 14, 6, 1, 2, 27, 2, 1, 3, 31, 3, 27, 2, 1, 1,
  2, 6, 1, 8, 1, 1, 1, 2, 2, 1, 1, 2, 3, 6, 1, 3, 1, 8, 1, 4, 1, 1, 4, 1, 4, 1, 3, 1, 1, 15, 1, 20, 1, 3, 1, 1,
  1, 2, 1, 1, 1, 7, 1, 4, 1, 1, 1, 1, 2, 1, 1, 2, 27, 2, 1, 1, 1, 1, 31, 3, 27, 2, 1, 1, 1, 1, 7, 1, 2, 1, 2,
  2, 1, 1, 1, 1, 2, 1, 2, 1, 1, 1, 3, 1, 6, 2, 4, 1, 2, 1, 7, 5, 1, 6, 1, 1, 6, 1, 1, 1, 1, 1, 15, 2, 1, 1, 1,
  3, 1, 1, 1, 1, 1, 4, 1, 1, 1, 1, 1, 1, 1, 1, 13, 1, 4, 1, 2, 27, 2, 1, 1, 31, 1, 1, 3, 27, 2, 1, 3, 2, 1, 5,
  1, 2, 1, 1, 1, 1, 1, 1, 1, 1, 1, 6, 1, 3, 3, 1, 1, 1, 3, 4, 5, 1, 3, 1, 2, 2, 1, 1, 1, 4, 1, 1, 1, 1, 4, 1,
  6, 1, 3, 1, 6, 1, 3, 1, 1, 2, 1, 1, 3, 1, 2, 1, 7, 1, 1, 1, 1, 1, 1, 1, 9, 1, 2, 4, 1, 2, 27, 2, 1, 1, 26, 1,
  6, 3, 27, 2, 1, 1, 1, 1, 1, 10, 1, 1, 1, 1, 1, 1, 1, 98, 1, 1, 1, 2, 4, 1, 5, 1, 1, 4, 1, 2, 27, 2, 1, 1, 26,
  1, 3, 1, 1, 1, 3, 27, 2, 1, 3, 7, 2, 1, 1, 1, 1, 1, 1, 1, 1, 1, 98, 1, 1, 1, 1, 1, 5, 1, 4, 1, 5, 1, 2, 27,
  2, 1, 1, 33, 3, 27, 2, 1, 1, 1, 1, 1, 4, 2, 1, 1, 1, 1, 1, 2, 1, 1, 1, 1, 98, 1, 1, 1, 1, 1, 1, 1, 1, 1, 1,
  5, 1, 5, 1, 2, 27, 2, 1, 24, 1, 9, 3, 27, 2, 1, 1, 1, 1, 1, 1, 1, 2, 1, 4, 1, 1, 1, 1, 1, 1, 1, 1, 98, 1, 1,
  1, 2, 10, 1, 5, 1, 2, 27, 2, 1, 34, 3, 27, 2, 1, 3, 1, 1, 4, 2, 2, 2, 1, 1, 1, 1, 1, 1, 98, 1, 1, 1, 1, 1, 6,
  1, 3, 1, 5, 1, 2, 27, 2, 1, 1, 6, 1, 15, 1, 2, 1, 2, 1, 4, 3, 27, 2, 1, 2, 1, 1, 6, 1, 2, 1, 1, 1, 1, 1, 3,
  1, 5, 1, 1, 3, 1, 1, 3, 1, 2, 1, 1, 3, 2, 5, 1, 1, 2, 4, 5, 1, 1, 1, 4, 1, 8, 1, 1, 2, 3, 1, 1, 1, 1, 2, 1,
  1, 1, 1, 1, 1, 2, 1, 1, 1, 4, 1, 1, 3, 3, 1, 1, 2, 1, 1, 1, 5, 1, 2, 3, 5, 1, 2, 27, 2, 1, 1, 22, 1, 2, 1, 2,
  5, 3, 27, 2, 1, 2, 1, 1, 4, 2, 4, 1, 1, 1, 1, 5, 2, 1, 2, 2, 1, 1, 1, 2, 2, 1, 2, 1, 2, 1, 5, 1, 2, 1, 1, 1,
  1, 1, 1, 3, 1, 1, 1, 3, 1, 1, 1, 5, 1, 2, 1, 1, 4, 2, 3, 1, 1, 1, 2, 2, 1, 1, 1, 1, 1, 3, 1, 3, 1, 1, 1, 1,
  5, 6, 1, 5, 7, 4, 1, 2, 27, 2, 1, 23, 1, 2, 1, 2, 5, 3, 27, 2, 1, 1, 1, 6, 1, 6, 1, 2, 104, 1, 1, 4, 1, 1, 1,
  3, 1, 5, 1, 2, 27, 2, 1, 7, 1, 15, 2, 2, 1, 1, 5, 3, 27, 2, 1, 1, 1, 1, 1, 1, 5, 1, 2, 1, 1, 1, 1, 1, 104, 1,
  1, 4, 1, 1, 2, 1, 1, 6, 1, 2, 27, 2, 1, 1, 22, 1, 5, 5, 3, 27, 2, 1, 1, 1, 1, 2, 1, 3, 2, 1, 1, 1, 1, 1, 1,
  1, 104, 1, 1, 4, 6, 7, 2, 27, 2, 1, 23, 3, 2, 2, 2, 2, 3, 27, 2, 1, 1, 1, 1, 3, 1, 1, 1, 2, 3, 1, 1, 1, 1,
  104, 1, 1, 17, 2, 27, 2, 1, 1, 1, 21, 2, 1, 5, 3, 3, 27, 2, 1, 1, 2, 1, 3, 1, 1, 2, 4, 1, 1, 1, 104, 1, 1,
  17, 2, 27, 2, 1, 1, 22, 1, 3, 1, 2, 1, 1, 1, 1, 3, 27, 2, 1, 1, 1, 1, 1, 1, 4, 1, 1, 4, 1, 1, 1, 104, 1, 1,
  17, 2, 27, 2, 1, 1, 2, 2, 1, 1, 16, 1, 1, 1, 2, 1, 1, 1, 1, 1, 1, 3, 27, 2, 1, 1, 3, 1, 1, 1, 1, 1, 4, 1, 1,
  1, 1, 4, 1, 3, 1, 1, 1, 2, 2, 1, 1, 2, 1, 1, 5, 1, 4, 1, 5, 1, 1, 1, 1, 1, 1, 2, 3, 1, 1, 1, 1, 1, 1, 3, 1,
  1, 4, 1, 1, 1, 7, 1, 2, 2, 1, 1, 1, 6, 4, 1, 1, 7, 1, 1, 1, 2, 1, 1, 17, 2, 27, 2, 1, 3, 1, 4, 15, 1, 2, 3,
  1, 2, 2, 3, 27, 2, 1, 2, 2, 3, 1, 1, 2, 1, 1, 2, 1, 1, 4, 1, 1, 1, 1, 1, 1, 1, 3, 2, 1, 1, 1, 1, 1, 2, 1, 1,
  1, 1, 1, 6, 1, 1, 1, 1, 22, 1, 2, 2, 4, 2, 1, 1, 1, 2, 1, 1, 2, 1, 1, 3, 1, 1, 1, 3, 2, 1, 3, 3, 1, 1, 4, 1,
  4, 1, 1, 1, 10, 2, 27, 2, 1, 1, 1, 1, 3, 16, 1, 1, 2, 1, 1, 1, 3, 1, 1, 3, 27, 2, 1, 1, 1, 1, 4, 3, 1, 1, 1,
  2, 1, 1, 1, 1, 1, 1, 1, 1, 1, 1, 1, 1, 6, 1, 1, 2, 1, 1, 1, 2, 1, 1, 1, 1, 2, 1, 1, 2, 2, 1, 2, 1, 1, 2, 1,
  1, 1, 1, 1, 1, 2, 2, 3, 1, 2, 1, 1, 1, 1, 1, 1, 1, 2, 1, 1, 1, 2, 2, 1, 1, 1, 1, 3, 1, 1, 1, 1, 1, 1, 1, 5,
  1, 1, 1, 1, 1, 1, 1, 3, 1, 1, 1, 2, 1, 1, 1, 1, 4, 1, 3, 1, 1, 2, 27, 2, 1, 1, 1, 1, 2, 16, 1, 1, 7, 2, 1, 1,
  3, 27, 2, 1, 1, 5, 4, 1, 3, 2, 1, 2, 1, 1, 3, 1, 1, 1, 6, 1, 1, 2, 1, 1, 1, 2, 1, 1, 1, 1, 1, 6, 3, 2, 1, 1,
  1, 2, 1, 3, 3, 6, 1, 1, 2, 1, 3, 1, 1, 1, 3, 1, 1, 1, 1, 1, 1, 1, 3, 1, 1, 1, 1, 1, 1, 1, 5, 1, 1, 1, 1, 1,
  2, 1, 1, 1, 4, 1, 1, 1, 6, 1, 1, 1, 2, 1, 2, 27, 2, 1, 1, 4, 5, 6, 7, 1, 1, 4, 1, 2, 5, 29, 2, 1, 1, 1, 3, 1,
  1, 1, 1, 4, 1, 4, 1, 3, 1, 1, 1, 6, 1, 1, 1, 1, 1, 1, 1, 2, 1, 1, 1, 1, 1, 2, 3, 2, 3, 1, 4, 1, 1, 1, 3, 1,
  1, 1, 2, 1, 3, 1, 2, 1, 1, 1, 3, 1, 2, 1, 1, 1, 1, 1, 1, 1, 1, 3, 1, 1, 1, 1, 1, 1, 1, 5, 1, 1, 1, 1, 1, 4,
  2, 1, 1, 1, 1, 1, 1, 1, 2, 1, 1, 2, 2, 5, 29, 3, 1, 2, 10, 1, 7, 2, 4, 1, 2, 5, 2, 1, 26, 2, 1, 1, 1, 1, 1,
  1, 1, 1, 1, 1, 1, 8, 1, 3, 1, 1, 1, 6, 1, 1, 1, 1, 1, 1, 1, 2, 1, 1, 1, 1, 6, 1, 1, 2, 7, 1, 2, 2, 1, 1, 3,
  1, 1, 1, 7, 1, 4, 3, 2, 1, 1, 1, 1, 3, 1, 1, 1, 1, 1, 1, 1, 5, 1, 1, 1, 1, 1, 9, 3, 5, 2, 1, 1, 5, 29, 3, 1,
  2, 18, 1, 2, 1, 4, 1, 5, 1, 1, 1, 26, 5, 1, 3, 1, 1, 1, 2, 5, 4, 2, 1, 1, 1, 6, 1, 1, 1, 1, 1, 1, 1, 2, 1, 1,
  1, 1, 7, 1, 1, 1, 11, 1, 2, 1, 10, 1, 2, 1, 1, 1, 1, 5, 1, 1, 1, 1, 3, 1, 1, 1, 1, 1, 1, 1, 5, 1, 1, 1, 1, 1,
  9, 1, 1, 1, 1, 3, 1, 3, 1, 5, 29, 3, 1, 1, 1, 18, 3, 1, 5, 8, 4, 15, 2, 7, 3, 1, 2, 3, 1, 11, 1, 1, 1, 1, 1,
  6, 1, 1, 1, 1, 1, 1, 1, 2, 1, 1, 1, 1, 2, 1, 1, 1, 2, 1, 4, 1, 1, 6, 1, 1, 2, 2, 1, 2, 1, 1, 1, 3, 1, 3, 1,
  1, 1, 6, 1, 1, 1, 3, 1, 1, 1, 1, 1, 1, 1, 5, 1, 1, 1, 1, 1, 9, 1, 1, 1, 2, 1, 1, 5, 8, 4, 15, 2, 8, 2, 1, 1,
  1, 16, 1, 2, 1, 5, 8, 4, 15, 2, 7, 3, 1, 1, 1, 1, 3, 11, 1, 2, 1, 1, 6, 1, 1, 2, 1, 1, 1, 2, 1, 1, 1, 2, 2,
  1, 7, 1, 6, 1, 8, 1, 1, 1, 2, 5, 1, 9, 1, 1, 1, 1, 3, 1, 1, 1, 1, 1, 1, 1, 5, 1, 1, 1, 2, 9, 3, 3, 1, 5, 8,
  4, 15, 2, 8, 2, 1, 1, 1, 2, 1, 1, 12, 1, 1, 7, 8, 4, 15, 2, 7, 5, 1, 1, 3, 1, 1, 9, 1, 1, 1, 1, 1, 6, 1, 1,
  2, 1, 1, 1, 2, 1, 1, 1, 3, 2, 1, 2, 1, 3, 1, 6, 1, 2, 3, 6, 2, 10, 1, 1, 1, 2, 1, 1, 1, 1, 3, 1, 1, 1, 1, 1,
  1, 1, 5, 1, 1, 1, 1, 4, 2, 2, 4, 1, 1, 1, 5, 10, 4, 15, 2, 8, 5, 2, 1, 1, 12, 1, 1, 4, 8, 3, 19, 2, 10, 2, 1,
  1, 1, 2, 3, 7, 1, 1, 1, 1, 1, 1, 6, 1, 1, 1, 1, 1, 2, 1, 1, 1, 1, 1, 1, 3, 1, 13, 1, 5, 1, 1, 1, 7, 1, 2, 1,
  4, 2, 3, 2, 1, 1, 2, 2, 1, 1, 1, 1, 1, 1, 1, 5, 1, 1, 1, 1, 4, 1, 1, 1, 1, 5, 1, 1, 5, 7, 3, 19, 2, 10, 3, 1,
  1, 1, 1, 10, 1, 1, 1, 1, 4, 8, 3, 19, 2, 10, 2, 1, 1, 1, 1, 3, 7, 1, 1, 2, 1, 1, 1, 6, 1, 1, 2, 1, 1, 1, 1,
  1, 1, 1, 1, 1, 1, 1, 2, 1, 1, 1, 14, 1, 1, 2, 5, 1, 1, 1, 5, 2, 3, 1, 4, 1, 1, 1, 1, 2, 2, 1, 1, 1, 1, 1, 5,
  1, 1, 1, 1, 4, 1, 1, 1, 1, 1, 2, 1, 1, 1, 1, 5, 7, 3, 19, 2, 10, 5, 1, 1, 11, 3, 2, 1, 1, 1, 1, 6, 3, 21, 5,
  7, 3, 1, 1, 2, 9, 1, 1, 1, 1, 1, 6, 1, 1, 2, 1, 1, 1, 2, 1, 1, 1, 1, 3, 1, 4, 1, 2, 1, 1, 1, 4, 1, 4, 3, 2,
  7, 1, 4, 1, 1, 1, 2, 1, 3, 1, 2, 1, 1, 1, 1, 1, 1, 1, 1, 1, 5, 1, 1, 1, 1, 4, 1, 1, 1, 1, 1, 1, 1, 1, 4, 11,
  3, 21, 5, 8, 2, 1, 1, 11, 3, 12, 3, 21, 5, 7, 3, 4, 5, 1, 1, 1, 1, 1, 1, 1, 1, 1, 6, 1, 1, 1, 1, 2, 1, 1, 1,
  1, 4, 1, 1, 1, 4, 1, 1, 9, 1, 1, 2, 1, 1, 1, 1, 1, 1, 1, 1, 5, 5, 1, 2, 6, 7, 1, 1, 2, 5, 1, 1, 1, 1, 8, 1,
  1, 1, 1, 4, 11, 3, 21, 5, 8, 2, 1, 1, 11, 3, 12, 3, 21, 5, 7, 3, 1, 3, 5, 1, 1, 1, 1, 1, 1, 1, 1, 1, 6, 1, 1,
  2, 5, 1, 4, 3, 1, 3, 2, 2, 1, 1, 5, 2, 1, 2, 1, 1, 3, 11, 1, 1, 3, 1, 5, 5, 2, 1, 2, 5, 1, 1, 1, 1, 7, 2, 1,
  1, 1, 4, 11, 3, 21, 5, 8, 2, 1, 1, 11, 15, 5, 1, 6, 5, 10, 12, 1, 3, 4, 1, 2, 1, 3, 1, 1, 1, 6, 1, 1, 1, 1,
  1, 1, 1, 2, 1, 1, 1, 2, 1, 1, 1, 1, 1, 1, 11, 1, 2, 1, 2, 1, 2, 1, 1, 5, 1, 2, 3, 1, 2, 4, 2, 1, 1, 1, 1, 4,
  1, 1, 1, 1, 5, 1, 1, 1, 1, 7, 1, 4, 15, 12, 5, 10, 12, 1, 1, 11, 15, 5, 1, 6, 5, 4, 1, 5, 12, 1, 1, 1, 1, 4,
  1, 5, 1, 1, 1, 1, 6, 1, 1, 1, 1, 1, 1, 2, 1, 1, 1, 1, 1, 3, 1, 2, 1, 1, 1, 4, 3, 2, 1, 1, 1, 2, 1, 1, 1, 1,
  3, 18, 1, 2, 2, 1, 3, 1, 1, 2, 5, 1, 1, 1, 1, 8, 2, 2, 15, 5, 1, 1, 5, 5, 4, 1, 5, 12, 1, 13, 1, 1, 1, 1, 1,
  1, 1, 1, 1, 2, 3, 5, 7, 1, 3, 1, 5, 5, 2, 1, 1, 1, 3, 2, 1, 1, 1, 1, 2, 5, 1, 1, 4, 1, 1, 1, 6, 1, 1, 1, 2,
  3, 3, 2, 1, 1, 1, 1, 1, 2, 1, 1, 5, 1, 1, 1, 1, 1, 1, 3, 1, 2, 1, 1, 3, 1, 7, 1, 1, 1, 2, 1, 7, 1, 4, 1, 1,
  2, 5, 1, 1, 1, 1, 1, 7, 1, 2, 1, 1, 4, 1, 3, 1, 1, 1, 1, 2, 5, 8, 3, 1, 5, 5, 2, 1, 1, 2, 1, 1, 1, 2, 1, 15,
  2, 6, 1, 1, 3, 5, 7, 1, 1, 1, 1, 1, 5, 5, 2, 1, 5, 1, 2, 1, 4, 8, 1, 2, 1, 1, 1, 6, 1, 1, 1, 3, 1, 3, 1, 1,
  1, 2, 1, 1, 1, 2, 2, 5, 5, 3, 1, 1, 2, 2, 1, 14, 1, 6, 1, 2, 1, 1, 1, 1, 1, 1, 1, 1, 5, 1, 1, 1, 2, 1, 8, 1,
  2, 5, 1, 1, 1, 1, 2, 1, 2, 5, 8, 1, 2, 1, 5, 5, 2, 1, 1, 3, 1, 2, 19, 2, 1, 4, 1, 3, 5, 2, 1, 2, 1, 1, 1, 1,
  1, 1, 1, 1, 3, 1, 5, 2, 1, 1, 2, 1, 1, 1, 2, 1, 4, 8, 1, 1, 1, 1, 1, 1, 6, 1, 1, 1, 3, 1, 1, 1, 5, 1, 1, 1,
  2, 5, 1, 1, 4, 1, 1, 1, 1, 2, 2, 1, 1, 1, 1, 3, 1, 8, 1, 2, 1, 5, 1, 1, 1, 1, 1, 1, 2, 1, 1, 1, 5, 1, 1, 1,
  1, 1, 1, 11, 2, 2, 5, 2, 1, 2, 5, 3, 1, 2, 1, 1, 1, 1, 1, 1, 1, 1, 2, 1, 5, 2, 1, 2, 2, 26, 1, 2, 1, 10, 1,
  4, 1, 2, 2, 1, 1, 2, 1, 7, 1, 4, 2, 1, 1, 2, 1, 1, 1, 8, 3, 1, 1, 1, 2, 3, 1, 1, 1, 1, 1, 3, 2, 1, 6, 1, 1,
  1, 7, 6, 1, 5, 5, 1, 3, 1, 6, 2, 2, 1, 8, 1, 1, 1, 1, 1, 2, 1, 2, 3, 1, 1, 1, 2, 11, 8, 1, 2, 1, 10, 1, 1, 1,
  1, 2, 1, 3, 1, 1, 1, 1, 7, 1, 1, 14, 2, 13, 1, 3, 10, 1, 1, 4, 1, 1, 1, 1, 1, 2, 1, 1, 7, 1, 1, 1, 3, 1, 2,
  1, 1, 1, 2, 1, 1, 6, 4, 1, 1, 1, 1, 1, 1, 1, 2, 1, 2, 2, 2, 1, 1, 1, 3, 1, 1, 1, 1, 6, 2, 2, 3, 1, 2, 1, 1,
  1, 1, 1, 1, 1, 3, 1, 3, 1, 2, 1, 1, 1, 2, 2, 3, 1, 7, 1, 1, 1, 1, 1, 1, 1, 1, 1, 1, 1, 1, 1, 1, 1, 2, 1, 9,
  1, 6, 2, 2, 1, 10, 1, 1, 1, 3, 1, 2, 1, 1, 2, 1, 7, 14, 6, 11, 1, 3, 1, 1, 2, 2, 1, 1, 1, 1, 1, 2, 1, 1, 1,
  2, 2, 2, 2, 1, 1, 1, 1, 2, 2, 2, 8, 1, 1, 1, 1, 1, 1, 3, 1, 1, 1, 1, 1, 2, 1, 2, 2, 1, 3, 1, 4, 1, 2, 2, 1,
  1, 1, 1, 1, 1, 1, 1, 6, 1, 2, 1, 1, 1, 1, 2, 1, 1, 2, 1, 1, 1, 7, 1, 1, 5, 1, 1, 1, 5, 1, 3, 2, 2, 1, 4, 1,
  1, 2, 1, 1, 1, 1, 1, 2, 2, 7, 1, 1, 1, 2, 1, 1, 1, 1, 1, 1, 1, 1, 1, 1, 1, 3, 1, 1, 1, 2, 7, 2, 2, 1, 1, 1,
  18, 8, 1, 9, 1, 1, 3, 1, 1, 1, 2, 1, 2, 3, 3, 1, 1, 1, 1, 3, 1, 1, 1, 1, 3, 10, 1, 2, 1, 1, 1, 1, 1, 1, 4, 1,
  1, 1, 1, 3, 1, 1, 1, 1, 1, 3, 1, 1, 3, 1, 10, 2, 1, 1, 1, 4, 4, 1, 1, 1, 1, 1, 1, 1, 3, 1, 9, 1, 1, 3, 1, 1,
  9, 2, 1, 2, 2, 1, 1, 1, 1, 1, 3, 1, 2, 1, 1, 2, 1, 2, 1, 1, 1, 1, 2, 1, 4, 2, 1, 1, 1, 2, 1, 1, 2, 1, 1, 1,
  2, 2, 1, 1, 4, 1, 3, 2, 18, 10, 1, 1, 1, 2, 2, 1, 1, 1, 1, 1, 4, 1, 1, 1, 1, 1, 1, 1, 3, 1, 2, 2, 4, 1, 2, 2,
  3, 1, 1, 8, 1, 3, 1, 1, 1, 2, 1, 1, 1, 3, 1, 1, 2, 1, 1, 1, 1, 1, 1, 2, 1, 1, 1, 6, 1, 3, 1, 1, 5, 7, 1, 4,
  3, 1, 1, 4, 1, 7, 1, 1, 7, 5, 1, 2, 1, 2, 1, 3, 2, 1, 5, 2, 1, 2, 2, 2, 1, 2, 1, 1, 7, 1, 1, 1, 1, 1, 1, 3,
  6, 1, 1, 1, 1, 2, 2, 1, 1, 2, 1, 18, 12, 1, 9, 2, 2, 1, 1, 1, 3, 2, 3, 2, 7, 1, 6, 2, 1, 1, 1, 1, 2, 1, 1, 2,
  2, 2, 1, 1, 2, 1, 1, 1, 1, 3, 2, 1, 1, 1, 3, 1, 1, 1, 1, 3, 1, 2, 2, 2, 3, 2, 4, 1, 3, 3, 7, 1, 2, 2, 1, 3,
  1, 5, 1, 2, 5, 9, 1, 5, 1, 3, 1, 1, 1, 1, 2, 1, 1, 1, 1, 1, 1, 1, 1, 1, 4, 1, 1, 1, 2, 1, 1, 1, 1, 1, 3, 1,
  1, 1, 1, 2, 1, 1, 1, 5, 1, 1, 1, 1, 1, 1, 2, 1, 17, 13, 1, 14, 1, 1, 1, 2, 1, 1, 1, 1, 1, 1, 2, 1, 3, 3, 1,
  1, 1, 1, 1, 2, 1, 1, 1, 1, 1, 1, 1, 1, 1, 1, 1, 1, 1, 1, 2, 1, 1, 5, 1, 4, 1, 2, 1, 2, 2, 1, 1, 1, 1, 2, 2,
  1, 1, 1, 2, 1, 4, 1, 5, 1, 2, 1, 1, 1, 1, 1, 2, 4, 1, 5, 3, 1, 1, 1, 1, 2, 1, 5, 1, 1, 1, 4, 1, 2, 1, 3, 1,
  2, 2, 1, 1, 2, 1, 1, 1, 2, 1, 1, 5, 4, 7, 1, 1, 2, 1, 1, 1, 1, 2, 1, 1, 1, 2, 1, 3, 2, 2, 2, 1, 1, 14, 1, 15,
  1, 16, 1, 4, 2, 1, 1, 1, 1, 4, 3, 2, 3, 1, 1, 1, 1, 8, 1, 2, 1, 7, 1, 1, 1, 1, 2, 1, 1, 1, 1, 1, 1, 2, 1, 1,
  1, 1, 1, 1, 1, 1, 14, 1, 1, 2, 6, 1, 1, 1, 1, 2, 1, 1, 2, 3, 1, 2, 1, 5, 1, 1, 3, 1, 1, 1, 1, 1, 1, 1, 1, 1,
  1, 2, 3, 1, 1, 2, 1, 1, 1, 2, 2, 1, 1, 2, 6, 2, 11, 1, 1, 1, 3, 1, 3, 3, 1, 4, 1, 1, 1, 1, 1, 1, 1, 6, 1, 1,
  22, 1, 9, 1, 1, 1, 3, 1, 2, 1, 8, 2, 4, 1, 9, 1, 5, 1, 1, 2, 10, 1, 1, 1, 1, 1, 2, 1, 2, 4, 1, 1, 1, 1, 1, 1,
  8, 1, 2, 1, 1, 1, 2, 1, 1, 1, 1, 1, 1, 1, 1, 3, 1, 1, 3, 1, 1, 3, 1, 7, 1, 1, 1, 3, 2, 1, 1, 1, 1, 1, 1, 1,
  5, 7, 2, 1, 1, 1, 4, 6, 1, 1, 1, 2, 2, 11, 2, 3, 1, 2, 2, 1, 5, 1, 2, 2, 1, 1, 1, 1, 5, 1, 8, 1, 11, 1, 6, 1,
  5, 2, 20, 1, 4, 1, 22, 1, 1, 1, 3, 1, 2, 5, 1, 1, 1, 5, 1, 3, 1, 3, 1, 9, 1, 4, 2, 8, 1, 1, 1, 1, 5, 2, 1, 6,
  1, 3, 1, 3, 1, 1, 1, 1, 1, 1, 3, 1, 1, 2, 1, 6, 1, 7, 1, 2, 1, 9, 1, 10, 1, 3, 1, 5, 1, 3, 1, 3, 1, 6, 1, 2,
  1, 15, 1, 13, 1, 41, 1, 16, 2, 5, 1, 1, 1, 1, 1, 2, 18, 1, 11, 1, 1, 1, 1, 1, 3, 1, 13, 1, 7, 1, 2, 2, 1, 2,
  1, 1, 1, 1, 8, 2, 2, 1, 2, 1, 2, 1, 15, 1, 5, 1, 6, 1, 1, 2, 1, 5, 1, 5, 1, 17, 1, 5, 1, 1, 1, 1, 74, 1, 1,
  1, 2, 1, 24, 1, 7, 1, 11, 1, 3, 1, 1, 1, 1, 2, 1, 4, 1, 1, 1, 8, 1, 1, 2, 6, 1, 3, 1, 1, 1, 2, 14, 1, 46, 1,
  1, 3, 1, 78, 1, 1, 4, 1, 43, 2, 2, 1, 17, 1, 1, 1, 5, 1, 2, 1, 1, 49, 1, 21, 1, 6, 1, 6, 1, 59, 1, 43, 1, 24,
  1, 14, 2, 7, 1, 2, 1, 69, 1, 3, 2, 1, 1, 51, 1, 4, 1, 15, 1, 49, 1, 109, 1, 12, 1, 1, 1, 57, 1, 4, 1, 1, 1,
  1, 1, 67, 1, 89, 1, 5, 1, 5, 1, 1, 3, 1, 1, 45, 1, 6, 1, 4, 1, 2, 1, 1, 1, 90, 1, 30, 1, 48, 6, 3, 1, 38, 1,
  7, 2, 3, 2, 2, 2, 2, 1, 41, 1, 10, 1, 80, 1, 3, 1, 20, 1, 13, 1, 6, 1, 42, 1, 8, 1, 2, 5, 41, 1, 3, 1, 43, 1,
  2, 1, 42, 1, 23, 1, 10, 1, 1, 1, 13, 1, 16, 1, 27, 1, 1, 2, 2, 3, 100, 1, 33, 2, 1, 1, 21, 1, 12, 1, 10, 1,
  215, 1, 2, 1, 8, 1, 196, 1, 158, 1, 7, 1, 18, 1, 22, 1, 1, 1, 5, 1, 20, 2, 42, 1, 114, 1, 24, 1, 35, 1, 3, 1,
  61, 1, 211, 8, 229, 53, 104, 20, 61, 62, 93, 28, 56, 73, 79, 36, 16, 12, 1, 10, 90, 68, 188, 19, 3, 14, 5, 6,
  7796, 4, 236, 8, 35, 16, 82, 21, 78, 13, 30, 33, 51, 46, 2, 4, 61, 15, 28, 36, 43, 59, 58, 22, 20, 44, 33,
  66, 51, 195, 37, 210, 24, 2899,
};